player_id,player_url,fifa_version,fifa_update,fifa_update_date,short_name,long_name,player_positions,overall,potential,value_eur,wage_eur,age,dob,height_cm,weight_kg,league_id,league_name,league_level,club_team_id,club_name,club_position,club_jersey_number,club_loaned_from,club_joined_date,club_contract_valid_until_year,nationality_id,nationality_name,nation_team_id,nation_position,nation_jersey_number,preferred_foot,weak_foot,skill_moves,international_reputation,work_rate,body_type,real_face,release_clause_eur,player_tags,player_traits,pace,shooting,passing,dribbling,defending,physic,attacking_crossing,attacking_finishing,attacking_heading_accuracy,attacking_short_passing,attacking_volleys,skill_dribbling,skill_curve,skill_fk_accuracy,skill_long_passing,skill_ball_control,movement_acceleration,movement_sprint_speed,movement_agility,movement_reactions,movement_balance,power_shot_power,power_jumping,power_stamina,power_strength,power_long_shots,mentality_aggression,mentality_interceptions,mentality_positioning,mentality_vision,mentality_penalties,mentality_composure,defending_marking_awareness,defending_standing_tackle,defending_sliding_tackle,goalkeeping_diving,goalkeeping_handling,goalkeeping_kicking,goalkeeping_positioning,goalkeeping_reflexes,goalkeeping_speed,ls,st,rs,lw,lf,cf,rf,rw,lam,cam,ram,lm,lcm,cm,rcm,rm,lwb,ldm,cdm,rdm,rwb,lb,lcb,cb,rcb,rb,gk,display_name
252371,/player/252371/jude-bellingham/260004/,26,4,2025-09-19,J. Bellingham,Jude Victor William Bellingham,"CAM, CM",90,94,174500000,320000,22,2003-06-29,186,75,53.0,La Liga,1.0,243.0,Real Madrid,CAM,5.0,,2023-07-01,2029.0,14,England,1318.0,CAM,10.0,Right,4,4,5,,Normal (170-185),Yes,370800000.0,"#Dribbler, #Playmaker , #Clinical finisher, #Complete midfielder, #Complete forward","Relentless +, Low Driven Shot, Gamechanger, Inventive, Slide Tackle, Technical, First Touch",80.0,86.0,83.0,90.0,78.0,85.0,66,88,75,90,77,91,73,68,89,91,81,80,83,91,83,86,85,94,80,87,85,82,91,90,74,90,77,79,77,14,11,10,5,8,,86+3,86+3,86+3,87+0,89+0,89+0,89+0,87+0,89+3,89+3,89+3,87+3,89+3,89+3,89+3,87+3,83+3,85+3,85+3,85+3,83+3,82+3,81+3,81+3,81+3,82+3,18+3,Jude Bellingham
239053,/player/239053/federico-valverde/260004/,26,4,2025-09-19,F. Valverde,Federico Santiago Valverde Dipetta,"CM, CDM, RB",89,90,120500000,340000,26,1998-07-22,182,74,53.0,La Liga,1.0,243.0,Real Madrid,RDM,8.0,,2016-07-22,2029.0,60,Uruguay,,,,Right,4,3,4,,Unique,Yes,256100000.0,"#Playmaker , #Distance shooter, #Tackling , #Tactician , #Complete midfielder","Relentless +, Power Shot, Long Ball Pass, Intercept, Slide Tackle, Aerial Fortress, Rapid",88.0,84.0,84.0,84.0,83.0,85.0,78,80,63,88,78,84,76,69,88,88,84,92,77,89,68,91,82,93,82,91,81,86,86,86,59,84,82,87,86,6,10,6,15,8,,84+3,84+3,84+3,85+0,86+0,86+0,86+0,85+0,86+3,86+3,86+3,86+3,88+2,88+2,88+2,86+3,86+3,87+3,87+3,87+3,86+3,86+3,83+3,83+3,83+3,86+3,18+3,F. Valverde
212622,/player/212622/joshua-kimmich/260004/,26,4,2025-09-19,J. Kimmich,Joshua Walter Kimmich,"CDM, RB, CM",89,89,86000000,140000,30,1995-02-08,177,75,19.0,Bundesliga,1.0,21.0,FC Bayern München,RDM,6.0,,2015-07-01,2029.0,21,Germany,1337.0,RCM,6.0,Right,4,3,4,,Normal (170-185),Yes,141900000.0,"#Playmaker , #Crosser, #Tackling , #Complete midfielder","Long Ball Pass +, Finesse Shot, Whipped Pass, Anticipate, Press Proven, Relentless",72.0,74.0,89.0,84.0,83.0,79.0,92,68,72,89,69,82,85,79,92,86,75,70,83,89,84,78,77,92,69,83,89,85,78,86,71,86,82,86,85,8,15,7,15,15,,77+3,77+3,77+3,82+0,81+0,81+0,81+0,82+0,83+3,83+3,83+3,84+3,87+2,87+2,87+2,84+3,86+3,87+2,87+2,87+2,86+3,85+3,82+3,82+3,82+3,85+3,21+3,J. Kimmich
235212,/player/235212/achraf-hakimi/260004/,26,4,2025-09-19,A. Hakimi,Achraf Hakimi Mouhأشرف حكيمي,"RB, RM",89,90,111000000,170000,26,1998-11-04,181,73,16.0,Ligue 1,1.0,73.0,Paris Saint-Germain,RB,2.0,,2021-07-06,2029.0,129,Morocco,111111.0,RB,2.0,Right,4,4,4,,Lean (170-185),Yes,213700000.0,#Speedster,"Relentless +, Low Driven Shot, Whipped Pass, Jockey, Anticipate, Press Proven, Quick Step",92.0,79.0,82.0,83.0,82.0,79.0,85,80,71,86,74,82,78,80,73,85,89,95,81,90,78,82,84,95,72,77,77,85,84,78,68,84,82,85,79,10,8,14,6,8,,82+3,82+3,82+3,84+0,84+0,84+0,84+0,84+0,83+3,83+3,83+3,85+3,83+3,83+3,83+3,85+3,86+3,83+3,83+3,83+3,86+3,86+3,81+3,81+3,81+3,86+3,17+3,A. Hakimi
224232,/player/224232/nicolo-barella/260004/,26,4,2025-09-19,N. Barella,Nicolò Barella,CM,87,87,79500000,69000,28,1997-02-07,175,68,31.0,Serie A,1.0,44.0,Inter,RCM,23.0,,2020-09-01,2029.0,27,Italy,1343.0,RCM,18.0,Right,4,3,4,,Normal (170-),Yes,131199999.0,#Acrobat,"Relentless +, Incisive Pass, Pinged Pass, Long Ball Pass, Jockey, Intercept, Press Proven",80.0,78.0,84.0,86.0,81.0,76.0,79,77,60,89,80,84,79,67,87,87,82,78,91,91,88,80,75,89,66,79,87,85,84,85,73,88,80,85,80,11,5,13,14,11,,80+3,80+3,80+3,84+0,84+0,84+0,84+0,84+0,85+2,85+2,85+2,84+3,86+1,86+1,86+1,84+3,84+3,85+2,85+2,85+2,84+3,83+3,80+3,80+3,80+3,83+3,19+3,Nicolò Barella
208128,/player/208128/hakan-calhanoglu/260004/,26,4,2025-09-19,H. Çalhanoğlu,Hakan Çalhanoğlu,"CDM, CM",86,86,47500000,61000,31,1994-02-08,178,69,31.0,Serie A,1.0,44.0,Inter,CDM,20.0,,2024-07-01,2027.0,48,Türkiye,,,,Right,5,4,4,,Normal (170-185),Yes,78400000.0,"#Playmaker , #Distance shooter, #Complete midfielder","Incisive Pass +, Dead Ball, Long Ball Pass, Inventive, Technical, First Touch, Relentless",71.0,81.0,87.0,82.0,81.0,73.0,78,75,65,90,78,78,88,85,89,87,74,68,83,87,77,87,73,81,65,87,83,82,73,89,92,85,81,85,80,9,14,11,6,10,,78+3,78+3,78+3,81+0,81+0,81+0,81+0,81+0,83+3,83+3,83+3,81+3,86+0,86+0,86+0,81+3,82+3,84+2,84+2,84+2,82+3,81+3,79+3,79+3,79+3,81+3,18+3,Hakan Çalhanoğlu
226268,/player/226268/federico-dimarco/260004/,26,4,2025-09-19,F. Dimarco,Federico Dimarco,"LB, LM",85,85,52000000,54000,27,1997-11-10,175,76,31.0,Serie A,1.0,44.0,Inter,LB,32.0,,2018-07-05,2027.0,27,Italy,1343.0,LB,3.0,Left,4,3,3,,Normal (170-185),Yes,85800000.0,#Crosser,"Finesse Shot, Power Shot, Dead Ball, Low Driven Shot, Whipped Pass, First Touch",80.0,78.0,84.0,82.0,79.0,77.0,87,74,69,84,82,79,88,83,83,86,83,78,84,83,81,81,81,84,72,84,81,80,83,80,71,78,81,81,79,9,8,12,7,7,,79+3,79+3,79+3,82+0,81+0,81+0,81+0,82+0,82+3,82+3,82+3,82+3,83+2,83+2,83+2,82+3,82+3,82+3,82+3,82+3,82+3,82+3,79+3,79+3,79+3,82+3,16+3,Federico Dimarco
239837,/player/239837/alexis-mac-allister/260004/,26,4,2025-09-19,A. Mac Allister,Alexis Mac Allister,"CM, CDM",87,88,93000000,180000,26,1998-12-24,176,72,13.0,Premier League,1.0,9.0,Liverpool,LDM,10.0,,2023-06-14,2028.0,52,Argentina,1369.0,LCM,20.0,Right,3,3,4,,Normal (170-185),Yes,179000000.0,#Playmaker ,"Pinged Pass +, Power Shot, Dead Ball, Gamechanger, Block, Press Proven",66.0,82.0,85.0,85.0,78.0,76.0,79,79,65,88,77,84,83,82,87,86,68,64,82,89,86,88,72,87,69,85,83,80,78,86,86,86,78,83,74,7,10,14,15,10,,79+3,79+3,79+3,81+0,82+0,82+0,82+0,81+0,84+3,84+3,84+3,82+3,86+2,86+2,86+2,82+3,81+3,83+3,83+3,83+3,81+3,79+3,78+3,78+3,78+3,79+3,19+3,Alexis Mac Allister
231866,/player/231866/rodrigo-hernandez-cascante/260004/,26,4,2025-09-19,Rodri,Rodrigo Hernández Cascante,"CDM, CM",90,90,102000000,270000,29,1996-06-22,190,82,13.0,Premier League,1.0,10.0,Manchester City,CDM,16.0,,2019-07-04,2027.0,45,Spain,1362.0,SUB,16.0,Right,4,3,5,,Normal (185+),Yes,188700000.0,#Distance shooter,"Tiki Taka +, Power Shot, Long Ball Pass, Aerial Fortress, Press Proven, Bruiser",65.0,80.0,86.0,84.0,86.0,85.0,76,74,81,93,71,84,86,64,91,90,65,65,66,93,67,92,83,91,83,89,85,84,76,84,62,93,88,87,82,10,10,7,14,8,,82+3,82+3,82+3,81+0,83+0,83+0,83+0,81+0,84+3,84+3,84+3,83+3,88+2,88+2,88+2,83+3,84+3,88+2,88+2,88+2,84+3,84+3,85+3,85+3,85+3,84+3,19+3,Rodri
194765,/player/194765/antoine-griezmann/260004/,26,4,2025-09-19,A. Griezmann,Antoine Griezmann,"ST, LM, CAM",85,85,26000000,115000,34,1991-03-21,176,67,53.0,La Liga,1.0,240.0,Atlético Madrid,SUB,7.0,,2022-10-10,2027.0,18,France,,,,Left,3,4,4,,Unique,Yes,54600000.0,"#Dribbler, #Playmaker , #Acrobat, #Clinical finisher, #Complete midfielder, #Complete forward","Chip Shot +, Finesse Shot, Gamechanger, Incisive Pass, Long Ball Pass, Inventive, Technical",77.0,86.0,85.0,88.0,59.0,73.0,82,86,79,86,86,86,89,85,83,90,80,75,88,87,85,85,84,77,70,86,74,59,87,86,79,88,45,63,64,14,8,14,13,14,,84+1,84+1,84+1,85+0,86+-1,86+-1,86+-1,85+0,86+-1,86+-1,86+-1,85+0,83+2,83+2,83+2,85+0,74+3,73+3,73+3,73+3,74+3,72+3,67+3,67+3,67+3,72+3,21+3,Antoine Griezmann
232656,/player/232656/theo-hernandez/260004/,26,4,2025-09-19,T. Hernández,Theo Bernard François Hernández,"LB, LM",84,85,44500000,65000,27,1997-10-06,184,81,350.0,Pro League,1.0,605.0,Al Hilal,LB,19.0,,2025-07-10,2028.0,18,France,1335.0,LB,22.0,Left,3,4,3,,Unique,Yes,74500000.0,#Speedster,"Dead Ball, Block, Anticipate, Rapid, Quick Step, Bruiser",90.0,76.0,78.0,83.0,79.0,83.0,84,71,76,81,80,83,80,74,70,84,88,92,83,83,71,86,90,87,80,74,83,78,80,75,74,80,76,84,76,12,10,7,7,7,,80+3,80+3,80+3,82+0,81+0,81+0,81+0,82+0,80+3,80+3,80+3,82+3,79+3,79+3,79+3,82+3,82+3,80+3,80+3,80+3,82+3,82+3,80+3,80+3,80+3,82+3,17+3,T. Hernández
212198,/player/212198/bruno-miguel-borges-fernandes/260004/,26,4,2025-09-19,Bruno Fernandes,Bruno Miguel Borges Fernandes,"CAM, CM",87,87,77000000,165000,30,1994-09-08,179,69,13.0,Premier League,1.0,11.0,Manchester United,LCM,8.0,,2020-01-30,2027.0,38,Portugal,1354.0,RCM,8.0,Right,4,4,4,,Unique,Yes,146300000.0,#Playmaker ,"Relentless +, Dead Ball, Gamechanger, Incisive Pass, Long Ball Pass, Tiki Taka, Inventive",67.0,83.0,89.0,83.0,65.0,75.0,85,80,63,90,87,82,85,85,90,87,68,66,78,90,73,86,69,95,61,85,84,63,86,92,91,85,62,71,66,12,14,15,8,14,,80+3,80+3,80+3,83+0,84+0,84+0,84+0,83+0,86+1,86+1,86+1,84+3,87+0,87+0,87+0,84+3,78+3,79+3,79+3,79+3,78+3,75+3,70+3,70+3,70+3,75+3,21+3,Bruno Fernandes
246191,/player/246191/julian-alvarez/260004/,26,4,2025-09-19,J. Alvarez,Julián Álvarez,ST,87,90,107000000,125000,25,2000-01-31,170,71,53.0,La Liga,1.0,240.0,Atlético Madrid,LS,19.0,,2024-08-12,2030.0,52,Argentina,1369.0,ST,9.0,Right,4,4,4,,Normal (170-),Yes,232700000.0,"#Dribbler, #Distance shooter, #Acrobat, #Clinical finisher, #Complete forward","Press Proven +, Finesse Shot",85.0,87.0,81.0,87.0,57.0,79.0,77,88,78,83,84,87,87,80,78,88,86,85,87,88,87,88,86,85,72,86,86,52,88,83,78,86,60,55,46,6,10,8,15,6,,86+3,86+3,86+3,86+0,86+0,86+0,86+0,86+0,86+3,86+3,86+3,85+3,81+3,81+3,81+3,85+3,72+3,72+3,72+3,72+3,72+3,70+3,66+3,66+3,66+3,70+3,18+3,Julián Alvarez
231281,/player/231281/trent-alexander-arnold/260004/,26,4,2025-09-19,T. Alexander-Arnold,Trent John Alexander-Arnold,"RB, RM",86,87,73000000,250000,26,1998-10-07,180,69,53.0,La Liga,1.0,243.0,Real Madrid,RB,12.0,,2025-06-01,2031.0,14,England,1318.0,RES,26.0,Right,4,3,4,,Unique,Yes,155100000.0,#Crosser,"Whipped Pass +, Dead Ball, Incisive Pass, Long Ball Pass, Relentless",76.0,72.0,89.0,80.0,80.0,74.0,93,64,69,87,71,79,91,85,91,85,72,79,73,85,72,85,75,89,68,76,70,84,79,88,66,82,78,82,79,14,15,14,6,7,,76+3,76+3,76+3,80+0,80+0,80+0,80+0,80+0,82+3,82+3,82+3,83+3,85+2,85+2,85+2,83+3,84+3,83+3,83+3,83+3,84+3,83+3,78+3,78+3,78+3,83+3,19+3,Trent Alexander-Arnold
244675,/player/244675/oihan-sancet-tirapu/260004/,26,4,2025-09-19,Sancet,Oihan Sancet Tirapu,"CAM, CM, ST",84,88,58500000,66000,25,2000-04-25,188,77,53.0,La Liga,1.0,448.0,Athletic Club,CAM,8.0,,2017-07-01,2032.0,45,Spain,,,,Right,4,4,3,,Lean (185+),Yes,127200000.0,,"Finesse Shot, Precision Header, Technical, First Touch",76.0,83.0,80.0,85.0,70.0,82.0,75,85,82,84,79,85,82,63,80,85,74,77,84,84,79,83,88,86,80,81,80,71,85,84,77,85,67,70,60,15,11,6,15,7,,83+3,83+3,83+3,82+0,83+0,83+0,83+0,82+0,84+3,84+3,84+3,82+3,82+3,82+3,82+3,82+3,76+3,77+3,77+3,77+3,76+3,75+3,74+3,74+3,74+3,75+3,20+3,Sancet
210008,/player/210008/adrien-rabiot/260004/,26,4,2025-09-19,A. Rabiot,Adrien Rabiot-Provost,"CAM, CM",83,83,35000000,71000,30,1995-04-03,191,80,31.0,Serie A,1.0,47.0,AC Milan,SUB,12.0,,2025-09-01,2028.0,18,France,1335.0,SUB,14.0,Left,3,3,3,,Lean (185+),Yes,59500000.0,,"Precision Header, First Touch, Press Proven",81.0,79.0,81.0,80.0,77.0,84.0,78,79,83,85,76,81,73,59,80,84,75,86,69,84,69,83,90,94,82,77,77,78,88,84,69,85,72,79,74,9,12,9,7,15,,83+0,83+0,83+0,82+0,83+0,83+0,83+0,82+0,83+0,83+0,83+0,83+0,83+0,83+0,83+0,83+0,81+2,81+2,81+2,81+2,81+2,80+3,79+3,79+3,79+3,80+3,19+3,A. Rabiot
212616,/player/212616/rodrigo-de-paul/260004/,26,4,2025-09-19,R. De Paul,Rodrigo Javier de Paul,"CM, CDM, CAM",84,84,34500000,100000,31,1994-05-24,180,70,39.0,Major League Soccer,1.0,112893.0,Inter Miami,SUB,7.0,Atlético Madrid,,2026.0,52,Argentina,1369.0,RCM,7.0,Right,3,4,3,,Normal (170-185),Yes,,,"Finesse Shot, Incisive Pass, Long Ball Pass, Technical",75.0,78.0,83.0,83.0,76.0,83.0,78,75,58,85,71,84,84,76,84,85,74,76,77,81,78,82,76,88,79,83,86,80,79,85,66,81,76,80,75,13,12,10,7,14,,78+3,78+3,78+3,81+0,81+0,81+0,81+0,81+0,82+2,82+2,82+2,82+2,84+0,84+0,84+0,82+2,80+3,82+2,82+2,82+2,80+3,79+3,77+3,77+3,77+3,79+3,19+3,R. De Paul
241096,/player/241096/sandro-tonali/260004/,26,4,2025-09-19,S. Tonali,Sandro Tonali,"CDM, CM",86,88,76500000,175000,25,2000-05-08,181,79,13.0,Premier League,1.0,13.0,Newcastle United,CDM,8.0,,2023-07-03,2028.0,27,Italy,1343.0,LCM,8.0,Right,4,3,3,,Unique,Yes,151100000.0,,"Slide Tackle, Relentless, Enforcer",79.0,74.0,82.0,80.0,81.0,83.0,78,69,70,86,68,78,75,81,83,85,78,79,76,84,77,85,83,83,82,77,84,84,76,79,64,84,81,84,81,13,9,8,7,7,,78+3,78+3,78+3,79+0,79+0,79+0,79+0,79+0,80+3,80+3,80+3,80+3,82+3,82+3,82+3,80+3,82+3,84+3,84+3,84+3,82+3,82+3,82+3,82+3,82+3,82+3,17+3,Sandro Tonali
226161,/player/226161/marcos-llorente-moreno/260004/,26,4,2025-09-19,Marcos Llorente,Marcos Llorente Moreno,"RB, CM, RM",84,84,36500000,95000,30,1995-01-30,184,74,53.0,La Liga,1.0,240.0,Atlético Madrid,RB,14.0,,2019-07-01,2027.0,45,Spain,,,,Right,4,3,3,,Lean (170-185),Yes,76700000.0,,"Power Shot, Whipped Pass, Rapid, Quick Step, Relentless",89.0,79.0,78.0,81.0,78.0,82.0,76,80,67,81,66,81,78,63,80,82,87,91,83,81,74,84,84,92,77,79,80,80,79,79,65,79,77,82,74,13,6,6,11,15,,80+3,80+3,80+3,81+0,81+0,81+0,81+0,81+0,81+3,81+3,81+3,82+2,81+3,81+3,81+3,82+2,81+3,81+3,81+3,81+3,81+3,81+3,78+3,78+3,78+3,81+3,19+3,Marcos Llorente
209658,/player/209658/leon-goretzka/260004/,26,4,2025-09-19,L. Goretzka,Leon Christoph Goretzka,"CM, CDM, CAM",82,82,29000000,78000,30,1995-02-06,189,82,19.0,Bundesliga,1.0,21.0,FC Bayern München,LDM,8.0,,2018-07-01,2026.0,21,Germany,1337.0,SUB,8.0,Right,4,3,3,,Unique,Yes,47900000.0,,"Power Shot, Precision Header, Incisive Pass, Aerial Fortress, Bruiser",77.0,78.0,80.0,80.0,80.0,82.0,74,76,84,85,74,80,76,70,84,82,72,81,74,85,71,83,84,69,87,82,83,85,84,79,60,82,75,83,75,13,8,15,11,9,,81+1,81+1,81+1,80+0,81+0,81+0,81+0,80+0,81+1,81+1,81+1,80+2,82+0,82+0,82+0,80+2,79+3,82+0,82+0,82+0,79+3,79+3,82+0,82+0,82+0,79+3,19+3,L. Goretzka
255253,/player/255253/vitor-machado-ferreira/260004/,26,4,2025-09-19,Vitinha,Vítor Machado Ferreira,"CM, CDM, CAM",89,91,128500000,170000,25,2000-02-13,172,64,16.0,Ligue 1,1.0,73.0,Paris Saint-Germain,CM,17.0,,2022-06-30,2029.0,38,Portugal,1354.0,CDM,23.0,Right,3,4,4,,Lean (170-185),Yes,247400000.0,"#Dribbler, #Playmaker , #Acrobat, #Complete midfielder","Technical +, Finesse Shot, Incisive Pass, Long Ball Pass, Tiki Taka, Intercept, Relentless",72.0,80.0,86.0,90.0,75.0,70.0,78,80,52,90,62,91,81,69,89,88,75,69,91,88,89,77,66,87,59,84,77,85,81,90,88,88,74,79,69,12,13,8,5,5,,78+3,78+3,78+3,84+0,84+0,84+0,84+0,84+0,87+3,87+3,87+3,85+3,88+3,88+3,88+3,85+3,81+3,83+3,83+3,83+3,81+3,79+3,74+3,74+3,74+3,79+3,17+3,Vitinha
209331,/player/209331/mohamed-salah/260004/,26,4,2025-09-19,M. Salah,Mohamed Salah Hamed Ghalyمحمد صلاح,"RM, RW",91,91,82000000,370000,33,1992-06-15,175,72,13.0,Premier League,1.0,9.0,Liverpool,RM,11.0,,2017-07-01,2027.0,111,Egypt,,,,Left,3,4,5,,Unique,Yes,151700000.0,"#Dribbler, #Crosser, #Acrobat","Finesse Shot +, Low Driven Shot, Gamechanger, Whipped Pass, Inventive, Technical, First Touch",89.0,88.0,86.0,90.0,45.0,76.0,86,94,59,88,83,90,88,69,81,90,88,89,86,94,91,83,79,88,75,78,63,55,93,89,88,93,38,43,41,14,14,9,11,14,,86+3,86+3,86+3,90+0,89+0,89+0,89+0,90+0,89+2,89+2,89+2,89+2,84+3,84+3,84+3,89+2,72+3,69+3,69+3,69+3,72+3,68+3,59+3,59+3,59+3,68+3,22+3,M. Salah
204923,/player/204923/marcel-sabitzer/260004/,26,4,2025-09-19,M. Sabitzer,Marcel Sabitzer,"CDM, CM",80,80,15000000,52000,31,1994-03-17,178,76,19.0,Bundesliga,1.0,22.0,Borussia Dortmund,SUB,20.0,,2023-07-24,2027.0,4,Austria,,,,Right,4,3,3,,Normal (170-185),Yes,25500000.0,,"Power Shot, Pinged Pass",74.0,80.0,80.0,80.0,76.0,76.0,77,76,62,82,83,78,77,78,80,82,76,72,77,83,78,87,71,78,75,83,79,80,78,79,80,83,79,75,77,11,13,14,15,13,,78+2,78+2,78+2,79+0,79+0,79+0,79+0,79+0,80+0,80+0,80+0,79+1,80+0,80+0,80+0,79+1,79+1,79+1,79+1,79+1,79+1,78+2,76+3,76+3,76+3,78+2,21+3,Marcel Sabitzer
234378,/player/234378/declan-rice/260004/,26,4,2025-09-19,D. Rice,Declan Rice,"CDM, CM",87,88,83500000,210000,26,1999-01-14,185,80,13.0,Premier League,1.0,1.0,Arsenal,LCM,41.0,,2023-07-15,2028.0,14,England,1318.0,LDM,4.0,Right,3,3,4,,Normal (185+),Yes,160700000.0,"#Crosser, #Tackling , #Tactician ","Dead Ball, Whipped Pass, Block, Intercept, Aerial Fortress, Press Proven, Relentless",72.0,73.0,84.0,80.0,83.0,83.0,88,64,72,86,50,82,86,75,86,84,71,73,63,85,65,87,80,92,78,83,85,86,77,79,71,86,81,86,85,8,11,14,5,9,,77+3,77+3,77+3,79+0,79+0,79+0,79+0,79+0,80+3,80+3,80+3,81+3,84+3,84+3,84+3,81+3,85+3,85+3,85+3,85+3,85+3,84+3,82+3,82+3,82+3,84+3,17+3,Declan Rice
210514,/player/210514/joao-pedro-cavaco-cancelo/260004/,26,4,2025-09-19,João Cancelo,João Pedro Cavaco Cancelo,"RB, LB, RM",84,84,30500000,68000,31,1994-05-27,182,74,350.0,Pro League,1.0,605.0,Al Hilal,RB,20.0,,2024-08-27,2027.0,38,Portugal,1354.0,SUB,24.0,Right,4,4,3,,Unique,Yes,48800000.0,#Crosser,"Whipped Pass, Inventive, Block, Technical, First Touch",83.0,73.0,84.0,84.0,78.0,74.0,86,69,72,86,62,85,87,69,79,86,88,78,79,84,78,80,82,88,65,79,76,79,81,85,52,85,75,81,77,6,9,15,14,14,,78+3,78+3,78+3,83+0,82+0,82+0,82+0,83+0,83+1,83+1,83+1,84+0,83+1,83+1,83+1,84+0,83+1,81+3,81+3,81+3,83+1,81+3,77+3,77+3,77+3,81+3,19+3,João Cancelo
228702,/player/228702/frenkie-de-jong/260004/,26,4,2025-09-19,F. de Jong,Frenkie de Jong,"CM, CDM",87,87,79500000,170000,28,1997-05-12,181,74,53.0,La Liga,1.0,241.0,FC Barcelona,RDM,21.0,,2019-07-01,2026.0,34,Netherlands,105035.0,LDM,21.0,Right,3,4,4,,Unique,Yes,163000000.0,"#Dribbler, #Playmaker , #Acrobat, #Complete midfielder","Tiki Taka +, Incisive Pass, Inventive, Press Proven",82.0,71.0,85.0,87.0,78.0,77.0,78,75,72,90,70,86,84,64,87,88,80,83,87,87,79,68,82,87,73,69,74,82,78,88,53,90,76,78,77,7,13,10,10,9,,78+3,78+3,78+3,83+0,82+0,82+0,82+0,83+0,85+2,85+2,85+2,84+3,86+1,86+1,86+1,84+3,83+3,83+3,83+3,83+3,83+3,81+3,78+3,78+3,78+3,81+3,18+3,Frenkie de Jong
240638,/player/240638/tijjani-reijnders/260004/,26,4,2025-09-19,T. Reijnders,Tijjani Martinus Jan Reijnders Lekatompessy,"CM, CDM, CAM",86,87,79500000,190000,26,1998-07-29,185,73,13.0,Premier League,1.0,10.0,Manchester City,LCM,4.0,,2023-07-19,2030.0,34,Netherlands,105035.0,CAM,14.0,Right,4,4,4,,Lean (185+),Yes,153000000.0,,"Tiki Taka +, Finesse Shot, Power Shot, Incisive Pass, Technical",79.0,79.0,82.0,85.0,77.0,77.0,73,78,61,87,65,84,77,70,84,88,83,75,82,85,79,85,77,92,69,83,80,80,86,84,59,84,78,80,72,6,10,9,14,9,,80+3,80+3,80+3,83+0,84+0,84+0,84+0,83+0,84+3,84+3,84+3,83+3,85+2,85+2,85+2,83+3,81+3,82+3,82+3,82+3,81+3,80+3,77+3,77+3,77+3,80+3,18+3,T. Reijnders
236772,/player/236772/dominik-szoboszlai/260004/,26,4,2025-09-19,D. Szoboszlai,Dominik Szoboszlai,"CAM, CM",83,86,49500000,110000,24,2000-10-25,186,74,13.0,Premier League,1.0,9.0,Liverpool,SUB,8.0,,2023-07-02,2028.0,23,Hungary,1886.0,LCM,10.0,Right,4,4,3,,Normal (185+),Yes,95300000.0,,"Power Shot, Whipped Pass, Technical",79.0,82.0,84.0,82.0,67.0,76.0,83,79,65,85,81,83,87,83,83,84,76,81,78,83,68,89,76,89,69,79,75,67,83,83,83,82,65,72,63,10,10,13,10,6,,80+3,80+3,80+3,82+0,82+0,82+0,82+0,82+0,83+3,83+3,83+3,83+3,82+3,82+3,82+3,83+3,77+3,77+3,77+3,77+3,77+3,75+3,71+3,71+3,71+3,75+3,17+3,Dominik Szoboszlai
233419,/player/233419/raphael-dias-belloli/260004/,26,4,2025-09-19,Raphinha,Raphael Dias Belloli,"LM, LW",89,89,104000000,200000,28,1996-12-14,176,68,53.0,La Liga,1.0,241.0,FC Barcelona,LM,11.0,,2022-07-13,2028.0,54,Brazil,,,,Left,4,4,4,,Lean (170-185),Yes,213200000.0,"#Speedster, #Dribbler, #Crosser, #Acrobat, #Clinical finisher, #Complete forward","Rapid +, Finesse Shot, Power Shot, Trickster, Quick Step, Relentless",91.0,84.0,85.0,87.0,53.0,75.0,86,87,74,85,72,88,85,79,80,88,90,91,88,87,79,83,82,91,65,82,77,56,89,87,78,85,49,54,38,8,7,13,8,14,,84+3,84+3,84+3,87+0,87+0,87+0,87+0,87+0,87+2,87+2,87+2,87+2,83+3,83+3,83+3,87+2,73+3,71+3,71+3,71+3,73+3,70+3,63+3,63+3,63+3,70+3,18+3,Raphinha
246669,/player/246669/bukayo-saka/260004/,26,4,2025-09-19,B. Saka,Bukayo Saka,"RW, RM",88,90,118500000,230000,23,2001-09-05,178,65,13.0,Premier League,1.0,1.0,Arsenal,RW,7.0,,2018-09-14,2027.0,14,England,1318.0,RES,25.0,Left,4,3,4,,Lean (170-185),Yes,228100000.0,"#Dribbler, #Crosser","Whipped Pass +, Finesse Shot, Technical",84.0,82.0,85.0,88.0,60.0,73.0,90,84,49,85,79,89,88,74,77,88,87,81,85,88,88,79,72,86,68,81,68,62,86,86,87,82,60,62,60,7,8,13,9,13,,80+3,80+3,80+3,87+0,85+0,85+0,85+0,87+0,86+3,86+3,86+3,86+3,83+3,83+3,83+3,86+3,77+3,74+3,74+3,74+3,77+3,74+3,65+3,65+3,65+3,74+3,18+3,Bukayo Saka
223848,/player/223848/sergej-milinkovic-savic/260004/,26,4,2025-09-19,S. Milinković-Savić,Sergej Milinković-SavićСергеј Милинковић-Савић,"CM, CDM, CAM",84,84,40500000,70000,30,1995-02-27,192,95,350.0,Pro League,1.0,605.0,Al Hilal,RCM,22.0,,2023-07-12,2026.0,51,Serbia,,,,Right,5,4,3,,Normal (185+),Yes,64800000.0,#Strength,"Dead Ball, Precision Header, Incisive Pass, Pinged Pass, Inventive, Aerial Fortress, First Touch",62.0,80.0,81.0,81.0,78.0,88.0,71,81,86,82,74,84,81,83,86,87,60,64,58,80,62,82,88,92,90,80,79,76,83,84,64,84,77,76,80,7,10,7,16,7,,81+3,81+3,81+3,79+0,81+0,81+0,81+0,79+0,81+3,81+3,81+3,80+3,83+1,83+1,83+1,80+3,78+3,82+2,82+2,82+2,78+3,78+3,80+3,80+3,80+3,78+3,18+3,Sergej Milinković-Savić
251854,/player/251854/pedro-gonzalez-lopez/260004/,26,4,2025-09-19,Pedri,Pedro González López,"CM, CDM, CAM",89,93,149500000,170000,22,2002-11-25,174,60,53.0,La Liga,1.0,241.0,FC Barcelona,LDM,8.0,,2020-08-04,2030.0,45,Spain,1362.0,RCM,20.0,Right,4,4,4,,Lean (170-185),Yes,317700000.0,"#Dribbler, #Playmaker , #Tactician , #Acrobat, #Complete midfielder","First Touch +, Incisive Pass, Long Ball Pass, Tiki Taka, Technical, Relentless",77.0,73.0,85.0,91.0,78.0,77.0,76,77,50,90,56,91,79,62,88,91,79,76,89,87,92,68,72,90,73,76,72,87,86,91,53,90,74,85,79,12,7,11,8,8,,78+3,78+3,78+3,85+0,84+0,84+0,84+0,85+0,87+3,87+3,87+3,86+3,88+3,88+3,88+3,86+3,84+3,85+3,85+3,85+3,84+3,82+3,78+3,78+3,78+3,82+3,17+3,Pedri
247851,/player/247851/bruno-guimaraes-moura/260004/,26,4,2025-09-19,Bruno Guimarães,Bruno Guimarães Rodrigues Moura,"CM, CDM",86,87,77500000,190000,27,1997-11-16,182,74,13.0,Premier League,1.0,13.0,Newcastle United,RCM,39.0,,2022-01-31,2028.0,54,Brazil,,,,Right,2,3,4,,Lean (170-185),Yes,153100000.0,"#Dribbler, #Playmaker , #Complete midfielder","Gamechanger, Incisive Pass, Long Ball Pass, Press Proven, Relentless",66.0,75.0,84.0,84.0,79.0,81.0,76,73,66,88,65,86,83,63,88,86,66,66,73,85,79,76,75,90,76,82,86,82,77,86,65,88,78,82,81,7,11,15,11,11,,77+3,77+3,77+3,80+0,80+0,80+0,80+0,80+0,83+3,83+3,83+3,81+3,85+2,85+2,85+2,81+3,81+3,84+3,84+3,84+3,81+3,80+3,80+3,80+3,80+3,80+3,19+3,Bruno Guimarães
231443,/player/231443/ousmane-dembele/260004/,26,4,2025-09-19,O. Dembélé,Masour Ousmane Dembélé,"ST, RW, CAM",90,90,122500000,220000,28,1997-05-15,178,67,16.0,Ligue 1,1.0,73.0,Paris Saint-Germain,ST,10.0,,2023-08-12,2028.0,18,France,1335.0,RW,7.0,Left,5,5,5,,Unique,Yes,226600000.0,"#Speedster, #Dribbler, #Distance shooter, #Acrobat, #Clinical finisher, #Complete forward","Rapid +, Low Driven Shot, Pinged Pass, Inventive, Trickster, Quick Step",91.0,88.0,83.0,93.0,50.0,69.0,80,90,74,89,79,94,85,68,78,94,93,89,94,91,81,91,84,76,69,85,58,45,95,84,80,88,49,49,39,6,6,14,10,13,,89+1,89+1,89+1,90+0,91+-1,91+-1,91+-1,90+0,90+0,90+0,90+0,89+1,83+3,83+3,83+3,89+1,71+3,68+3,68+3,68+3,71+3,67+3,60+3,60+3,60+3,67+3,18+3,O. Dembélé
272834,/player/272834/joao-pedro-goncalves-neves/260004/,26,4,2025-09-19,João Neves,João Pedro Gonçalves Neves,"CM, CDM",85,90,79500000,90000,20,2004-09-27,174,66,16.0,Ligue 1,1.0,73.0,Paris Saint-Germain,RCM,87.0,,2024-08-05,2029.0,38,Portugal,1354.0,SUB,15.0,Right,4,3,3,,Normal (170-185),Yes,153000000.0,,"Press Proven +, Long Ball Pass, Tiki Taka, Aerial Fortress, Relentless",74.0,71.0,80.0,84.0,82.0,83.0,67,69,72,86,75,83,74,53,86,86,77,71,84,83,86,78,83,92,78,68,84,84,77,84,60,85,83,83,80,8,7,5,13,13,,77+3,77+3,77+3,79+0,80+0,80+0,80+0,79+0,81+3,81+3,81+3,80+3,84+3,84+3,84+3,80+3,81+3,84+3,84+3,84+3,81+3,81+3,81+3,81+3,81+3,81+3,18+3,João Neves
246104,/player/246104/ryan-gravenberch/260004/,26,4,2025-09-19,R. Gravenberch,Ryan Jiro Gravenberch,"CDM, CM",85,88,66500000,125000,23,2002-05-16,190,77,13.0,Premier League,1.0,9.0,Liverpool,RDM,38.0,,2023-09-01,2028.0,34,Netherlands,105035.0,RDM,8.0,Right,4,4,3,,Lean (185+),Yes,128000000.0,#Tactician ,"Intercept, Press Proven",76.0,76.0,81.0,85.0,81.0,81.0,74,78,67,86,71,88,76,70,82,87,76,76,76,84,70,79,81,85,80,76,76,88,75,81,58,88,80,82,78,12,8,6,11,12,,79+3,79+3,79+3,81+0,81+0,81+0,81+0,81+0,82+3,82+3,82+3,82+3,84+3,84+3,84+3,82+3,82+3,83+3,83+3,83+3,82+3,81+3,80+3,80+3,80+3,81+3,19+3,Ryan Gravenberch
231478,/player/231478/lautaro-martinez/260004/,26,4,2025-09-19,L. Martínez,Lautaro Javier Martínez,ST,88,88,99000000,79000,27,1997-08-22,174,72,31.0,Serie A,1.0,44.0,Inter,LS,10.0,,2018-07-04,2029.0,52,Argentina,1369.0,SUB,22.0,Right,4,4,5,,Unique,Yes,163400000.0,"#Acrobat, #Clinical finisher","Gamechanger +, Power Shot, Precision Header, Incisive Pass, Technical, Relentless, Enforcer",81.0,88.0,75.0,84.0,51.0,83.0,68,93,86,78,92,81,84,65,72,84,83,80,88,92,87,87,91,86,80,80,87,48,93,79,74,88,45,50,45,11,8,8,8,13,,87+1,87+1,87+1,83+0,85+0,85+0,85+0,83+0,83+3,83+3,83+3,82+3,78+3,78+3,78+3,82+3,68+3,68+3,68+3,68+3,68+3,66+3,64+3,64+3,64+3,66+3,19+3,L. Martínez
192883,/player/192883/henrikh-mkhitaryan/260004/,26,4,2025-09-19,H. Mkhitaryan,Henrikh Mkhitaryan,CM,83,83,11500000,37000,36,1989-01-21,177,75,31.0,Serie A,1.0,44.0,Inter,LCM,22.0,,2022-07-01,2026.0,3,Armenia,,,,Right,5,4,3,,Normal (170-185),Yes,19000000.0,,"Incisive Pass, Inventive, Jockey, Anticipate, Technical, Relentless",77.0,78.0,82.0,83.0,72.0,75.0,76,78,68,85,79,82,83,69,82,86,79,75,81,83,80,81,77,84,67,76,82,75,83,84,72,85,71,74,70,5,11,14,5,7,,79+3,79+3,79+3,81+0,82+0,82+0,82+0,81+0,83+0,83+0,83+0,82+1,83+0,83+0,83+0,82+1,78+3,79+3,79+3,79+3,78+3,77+3,74+3,74+3,74+3,77+3,16+3,Henrikh Mkhitaryan
192985,/player/192985/kevin-de-bruyne/260004/,26,4,2025-09-19,K. De Bruyne,Kevin De Bruyne,"CM, CAM",87,87,36500000,175000,34,1991-06-28,181,75,31.0,Serie A,1.0,48.0,Napoli,LCM,11.0,,2015-08-30,2027.0,7,Belgium,,,,Right,5,4,4,,Unique,Yes,62100000.0,"#Playmaker , #Distance shooter, #Crosser, #Complete midfielder","Whipped Pass +, Dead Ball, Incisive Pass, Pinged Pass, Inventive",66.0,83.0,92.0,84.0,65.0,72.0,93,78,55,92,81,85,93,83,93,89,65,66,68,89,66,90,70,66,74,87,73,65,81,92,83,87,65,70,55,15,13,5,10,13,,79+3,79+3,79+3,84+0,84+0,84+0,84+0,84+0,86+1,86+1,86+1,84+3,86+1,86+1,86+1,84+3,75+3,78+3,78+3,78+3,75+3,72+3,69+3,69+3,69+3,72+3,21+3,Kevin De Bruyne
240679,/player/240679/teun-koopmeiners/260004/,26,4,2025-09-19,T. Koopmeiners,Teun Koopmeiners,"CAM, CM",81,81,27500000,120000,27,1998-02-28,183,77,31.0,Serie A,1.0,45.0,Juventus,SUB,8.0,,2024-08-28,2029.0,34,Netherlands,105035.0,SUB,25.0,Left,2,3,3,,Normal (170-185),Yes,46800000.0,,Dead Ball,70.0,79.0,83.0,78.0,75.0,75.0,79,76,72,85,72,76,74,80,84,83,71,70,69,82,69,82,79,83,71,84,72,78,80,84,85,81,76,74,72,14,8,14,12,10,,78+3,78+3,78+3,79+0,80+0,80+0,80+0,79+0,81+0,81+0,81+0,80+1,82+-1,82+-1,82+-1,80+1,78+3,79+2,79+2,79+2,78+3,77+3,75+3,75+3,75+3,77+3,19+3,Teun Koopmeiners
247635,/player/247635/khvicha-kvaratskhelia/260004/,26,4,2025-09-19,K. Kvaratskhelia,Khvicha Kvaratskheliaხვიჩა კვარაცხელია,"LW, RW, LM",87,90,109000000,140000,24,2001-02-12,183,70,16.0,Ligue 1,1.0,73.0,Paris Saint-Germain,LW,7.0,,2025-01-17,2029.0,20,Georgia,,,,Right,5,5,3,,Normal (170-185),Yes,209800000.0,"#Dribbler, #Acrobat","Inventive +, Finesse Shot, Gamechanger, Incisive Pass, Technical, Trickster",86.0,80.0,83.0,88.0,58.0,78.0,79,81,62,87,64,89,86,74,78,88,85,86,86,84,84,78,87,83,76,86,73,58,87,85,70,84,53,62,52,9,15,8,14,8,,81+3,81+3,81+3,86+0,85+0,85+0,85+0,86+0,86+3,86+3,86+3,85+3,83+3,83+3,83+3,85+3,74+3,73+3,73+3,73+3,74+3,71+3,66+3,66+3,66+3,71+3,19+3,K. Kvaratskhelia
210035,/player/210035/alejandro-grimaldo-garcia/260004/,26,4,2025-09-19,Grimaldo,Alejandro Grimaldo García,"LM, LB, LW",84,84,41500000,110000,29,1995-09-20,171,68,19.0,Bundesliga,1.0,32.0,Bayer 04 Leverkusen,LM,20.0,,2023-07-01,2027.0,45,Spain,1362.0,SUB,15.0,Left,2,4,3,,Lean (170-185),Yes,70600000.0,"#Crosser, #FK Specialist","Whipped Pass +, Finesse Shot, Dead Ball, Inventive, First Touch",72.0,73.0,87.0,85.0,74.0,67.0,91,67,62,86,63,84,89,89,86,86,76,68,84,85,86,84,68,91,54,83,69,79,78,85,54,83,76,75,69,7,13,10,7,13,,75+3,75+3,75+3,81+0,80+0,80+0,80+0,81+0,82+2,82+2,82+2,83+1,84+0,84+0,84+0,83+1,81+3,80+3,80+3,80+3,81+3,79+3,72+3,72+3,72+3,79+3,18+3,Grimaldo
238074,/player/238074/reece-james/260004/,26,4,2025-09-19,R. James,Reece James,RB,81,84,31500000,115000,25,1999-12-08,180,91,13.0,Premier League,1.0,5.0,Chelsea,RB,24.0,,2017-03-01,2028.0,14,England,1318.0,RB,3.0,Right,4,3,3,,Stocky (170-185),Yes,62200000.0,"#Crosser, #Strength","Whipped Pass, Jockey, Bruiser",76.0,71.0,82.0,77.0,81.0,81.0,88,67,75,81,67,78,83,81,80,79,75,76,66,80,71,85,87,67,86,70,83,80,74,78,65,82,82,82,80,8,12,7,13,11,,76+3,76+3,76+3,77+0,77+0,77+0,77+0,77+0,77+3,77+3,77+3,78+3,78+3,78+3,78+3,78+3,79+3,80+3,80+3,80+3,79+3,79+3,81+3,81+3,81+3,79+3,18+3,Reece James
208574,/player/208574/filip-kostic/260004/,26,4,2025-09-19,F. Kostić,Filip KostićФилип Костић,"LM, LB, LW",81,81,20500000,125000,32,1992-11-01,184,84,31.0,Serie A,1.0,45.0,Juventus,SUB,18.0,,2022-08-12,2026.0,51,Serbia,,,,Left,2,3,3,,Normal (170-185),Yes,34900000.0,#Crosser,"Whipped Pass, Rapid",82.0,76.0,81.0,80.0,70.0,77.0,87,71,59,80,75,81,85,80,79,81,79,84,76,77,78,85,78,78,77,78,76,69,78,78,66,82,70,74,72,13,14,12,12,13,,76+3,76+3,76+3,79+0,79+0,79+0,79+0,79+0,79+2,79+2,79+2,80+1,78+3,78+3,78+3,80+1,77+3,76+3,76+3,76+3,77+3,76+3,73+3,73+3,73+3,76+3,20+3,F. Kostić
238216,/player/238216/conor-gallagher/260004/,26,4,2025-09-19,C. Gallagher,Conor Gallagher,"CM, CAM, LM",81,85,35500000,70000,25,2000-02-06,182,77,53.0,La Liga,1.0,240.0,Atlético Madrid,SUB,4.0,,2024-08-21,2029.0,14,England,,,,Right,4,3,3,,Normal (170-185),Yes,77200000.0,,"Block, Intercept, Relentless",75.0,76.0,80.0,78.0,79.0,84.0,75,74,66,83,70,78,73,73,81,80,72,77,73,82,72,81,79,93,78,77,87,80,82,80,63,81,79,81,79,7,6,15,9,9,,77+3,77+3,77+3,78+0,79+0,79+0,79+0,78+0,79+3,79+3,79+3,79+3,81+3,81+3,81+3,79+3,80+3,82+3,82+3,82+3,80+3,80+3,79+3,79+3,79+3,80+3,16+3,Conor Gallagher
225193,/player/225193/mikel-merino-zazon/260004/,26,4,2025-09-19,Mikel Merino,Mikel Merino Zazón,"CM, ST",83,83,35500000,160000,29,1996-06-22,189,83,13.0,Premier League,1.0,1.0,Arsenal,SUB,23.0,,2024-08-27,2028.0,45,Spain,1362.0,SUB,6.0,Left,3,3,3,,Normal (185+),Yes,65700000.0,,"Power Shot, Precision Header, Aerial Fortress, Relentless",63.0,79.0,80.0,80.0,81.0,80.0,77,80,87,84,58,82,80,69,80,84,64,63,63,84,63,85,85,82,78,76,83,83,81,80,70,81,78,82,76,9,12,9,13,14,,80+3,80+3,80+3,79+0,80+0,80+0,80+0,79+0,80+3,80+3,80+3,79+3,82+1,82+1,82+1,79+3,79+3,82+1,82+1,82+1,79+3,79+3,81+2,81+2,81+2,79+3,20+3,Mikel Merino
247090,/player/247090/enzo-fernandez/260004/,26,4,2025-09-19,E. Fernández,Enzo Jeremías Fernández,"CM, CDM, CAM",84,87,57000000,140000,24,2001-01-17,178,76,13.0,Premier League,1.0,5.0,Chelsea,LDM,8.0,,2023-01-31,2032.0,52,Argentina,1369.0,CDM,24.0,Right,4,3,3,,Normal (170-185),Yes,112600000.0,#Playmaker ,"Long Ball Pass +, First Touch, Press Proven, Relentless",68.0,75.0,85.0,81.0,73.0,75.0,79,72,71,88,77,80,84,76,89,85,68,68,75,86,78,82,74,85,67,76,83,74,78,86,73,82,72,75,72,8,6,7,8,10,,77+3,77+3,77+3,79+0,80+0,80+0,80+0,79+0,82+3,82+3,82+3,81+3,84+3,84+3,84+3,81+3,78+3,81+3,81+3,81+3,78+3,77+3,75+3,75+3,75+3,77+3,17+3,E. Fernández
209297,/player/209297/frederico-de-paula-santos/260004/,26,4,2025-09-19,Fred,Frederico Rodrigues de Paula Santos,"CM, CDM, CAM",80,80,16500000,60000,32,1993-03-05,169,62,68.0,Süper Lig,1.0,326.0,Fenerbahçe SK,LDM,7.0,,2023-08-13,2027.0,54,Brazil,,,,Left,4,4,3,,Lean (170-),Yes,31400000.0,#Acrobat,"Relentless +, Inventive",77.0,71.0,78.0,82.0,76.0,75.0,75,67,56,80,68,80,79,74,78,81,79,75,89,84,88,79,73,83,68,74,85,82,79,79,64,76,75,80,74,7,16,15,11,15,,74+3,74+3,74+3,78+0,78+0,78+0,78+0,78+0,79+1,79+1,79+1,79+1,80+0,80+0,80+0,79+1,79+1,80+0,80+0,80+0,79+1,78+2,76+3,76+3,76+3,78+2,20+3,Fred
197445,/player/197445/david-alaba/260004/,26,4,2025-09-19,D. Alaba,David Olatukunbo Alaba,"CB, LB, LM",82,82,14500000,185000,33,1992-06-24,180,78,53.0,La Liga,1.0,243.0,Real Madrid,SUB,4.0,,2021-07-01,2026.0,4,Austria,,,,Left,4,3,3,,Normal (170-185),Yes,29700000.0,,"Dead Ball, Anticipate",68.0,71.0,82.0,79.0,82.0,75.0,83,62,75,86,67,77,76,85,80,83,64,72,71,83,77,82,79,72,77,78,73,83,71,78,79,84,84,83,80,5,7,14,15,9,,74+3,74+3,74+3,76+0,76+0,76+0,76+0,76+0,78+3,78+3,78+3,77+3,80+2,80+2,80+2,77+3,80+2,81+1,81+1,81+1,80+2,80+2,81+1,81+1,81+1,80+2,17+3,D. Alaba
226754,/player/226754/ismael-bennacer/260004/,26,4,2025-09-19,I. Bennacer,Ismaël Bennacerاسماعيل بن ناصر,"CDM, CM",80,82,23000000,25000,27,1997-12-01,175,70,317.0,Hrvatska nogometna liga,1.0,211.0,Dinamo Zagreb,RES,99.0,,2019-08-04,2027.0,97,Algeria,,,,Left,3,3,3,,Normal (170-185),Yes,52300000.0,#Acrobat,"Incisive Pass, Tiki Taka, Technical",76.0,72.0,80.0,83.0,76.0,74.0,78,67,62,84,64,83,79,75,82,82,79,73,86,80,84,82,76,78,69,74,83,76,71,77,72,83,75,81,76,9,12,10,16,15,,74+3,74+3,74+3,78+0,77+0,77+0,77+0,78+0,79+3,79+3,79+3,79+3,80+2,80+2,80+2,79+3,79+3,79+3,79+3,79+3,79+3,77+3,76+3,76+3,76+3,77+3,20+3,I. Bennacer
263205,/player/263205/baris-alper-yilmaz/260004/,26,4,2025-09-19,B. Yılmaz,Barış Alper Yılmaz,"LM, RM, LW",80,83,28000000,55000,25,2000-05-23,186,80,68.0,Süper Lig,1.0,325.0,Galatasaray SK,LM,53.0,,2021-07-09,2028.0,48,Türkiye,,,,Right,3,4,3,,Normal (185+),Yes,55300000.0,"#Speedster, #Strength","Low Driven Shot, Aerial Fortress, Rapid, Quick Step, Relentless, Bruiser, Enforcer",93.0,77.0,72.0,79.0,69.0,90.0,71,76,70,75,77,77,71,50,69,79,92,93,85,80,81,86,92,93,90,74,86,67,81,78,58,72,71,68,64,13,9,11,13,8,,80+3,80+3,80+3,79+0,80+0,80+0,80+0,79+0,78+3,78+3,78+3,79+3,76+3,76+3,76+3,79+3,76+3,75+3,75+3,75+3,76+3,75+3,74+3,74+3,74+3,75+3,18+3,Barış Alper Yılmaz
243576,/player/243576/pedro-antonio-porro-sauceda/260004/,26,4,2025-09-19,Pedro Porro,Pedro Antonio Porro Sauceda,"RB, RM",82,85,37000000,105000,25,1999-09-13,173,69,13.0,Premier League,1.0,18.0,Tottenham Hotspur,RB,23.0,,2023-07-01,2028.0,45,Spain,1362.0,RB,12.0,Right,3,3,3,,Normal (170-185),Yes,73100000.0,#Crosser,"Power Shot, Long Ball Pass, Tiki Taka, Whipped Pass, Block, Relentless",78.0,73.0,81.0,80.0,77.0,76.0,87,68,69,80,64,80,85,78,78,81,78,78,80,80,71,84,77,91,68,75,75,78,76,80,66,79,76,79,77,15,7,14,5,7,,75+3,75+3,75+3,79+0,78+0,78+0,78+0,79+0,78+3,78+3,78+3,80+3,80+3,80+3,80+3,80+3,81+3,79+3,79+3,79+3,81+3,80+3,76+3,76+3,76+3,80+3,17+3,Pedro Porro
231747,/player/231747/kylian-mbappe/260004/,26,4,2025-09-19,K. Mbappé,Kylian Mbappé Lottin,"ST, LW, LM",91,94,173500000,610000,26,1998-12-20,182,75,53.0,La Liga,1.0,243.0,Real Madrid,ST,10.0,,2024-07-01,2029.0,18,France,1335.0,ST,10.0,Right,4,5,5,,Unique,Yes,368700000.0,"#Speedster, #Dribbler, #Distance shooter, #Acrobat, #Clinical finisher, #Complete forward","Quick Step +, Finesse Shot, Acrobatic, Low Driven Shot, Gamechanger, Rapid, First Touch",97.0,90.0,81.0,92.0,37.0,76.0,78,92,78,87,87,92,80,69,74,93,97,97,93,91,82,91,90,83,77,86,61,38,91,83,82,88,26,34,32,13,5,7,11,6,,90+3,90+3,90+3,90+0,91+0,91+0,91+0,90+0,89+3,89+3,89+3,89+3,81+3,81+3,81+3,89+3,67+3,63+3,63+3,63+3,67+3,63+3,55+3,55+3,55+3,63+3,18+3,K. Mbappé
222665,/player/222665/martin-odegaard/260004/,26,4,2025-09-19,M. Ødegaard,Martin Ødegaard,"CM, CAM",87,89,98000000,220000,26,1998-12-17,178,68,13.0,Premier League,1.0,1.0,Arsenal,RCM,8.0,,2021-08-20,2028.0,36,Norway,1352.0,RCM,10.0,Left,2,5,4,,Lean (170-185),Yes,188700000.0,"#Dribbler, #Playmaker , #Crosser, #Complete midfielder","Incisive Pass +, Pinged Pass, Inventive, Technical, First Touch",68.0,79.0,88.0,87.0,67.0,65.0,86,79,55,90,79,87,84,82,88,88,68,68,85,88,83,82,63,88,55,80,64,69,78,90,68,87,68,72,57,14,15,15,8,10,,77+3,77+3,77+3,83+0,83+0,83+0,83+0,83+0,85+3,85+3,85+3,84+3,86+3,86+3,86+3,84+3,78+3,78+3,78+3,78+3,78+3,74+3,68+3,68+3,68+3,74+3,20+3,Martin Ødegaard
210411,/player/210411/otavio-edmilson-da-silva-monteiro/260004/,26,4,2025-09-19,Otávio,Otávio Edmilson da Silva Monteiro,"CAM, CM, RM",82,82,29500000,54000,30,1995-02-09,171,67,350.0,Pro League,1.0,112391.0,Al Qadsiah FC,SUB,25.0,,2025-09-09,2026.0,38,Portugal,,,,Right,3,4,3,,Normal (170-185),Yes,50200000.0,#Dribbler,"Incisive Pass, Pinged Pass, Tiki Taka, Technical, First Touch, Relentless",78.0,71.0,82.0,85.0,70.0,75.0,79,71,65,83,69,86,80,72,82,85,81,76,85,84,83,73,76,86,65,68,87,66,80,85,72,81,69,76,65,11,12,9,10,15,,76+3,76+3,76+3,81+0,80+0,80+0,80+0,81+0,82+0,82+0,82+0,82+0,82+0,82+0,82+0,82+0,77+3,78+3,78+3,78+3,77+3,75+3,72+3,72+3,72+3,75+3,20+3,Otávio
243245,/player/243245/orkun-kokcu/260004/,26,4,2025-09-19,O. Kökçü,Orkun Kökçü,"CM, CAM, CDM",82,86,43500000,25000,24,2000-12-29,175,72,68.0,Süper Lig,1.0,327.0,Beşiktaş JK,LDM,10.0,SL Benfica,,2026.0,48,Türkiye,,,,Right,5,3,3,,Normal (170-185),Yes,,,"Finesse Shot, Power Shot, Dead Ball, Incisive Pass",72.0,80.0,84.0,80.0,70.0,79.0,81,78,41,84,72,78,82,82,85,83,75,69,79,80,77,83,67,88,75,85,82,74,80,85,81,81,73,74,69,9,6,10,6,12,,75+3,75+3,75+3,80+0,79+0,79+0,79+0,80+0,81+3,81+3,81+3,81+3,82+3,82+3,82+3,81+3,78+3,79+3,79+3,79+3,78+3,75+3,72+3,72+3,72+3,75+3,16+3,Orkun Kökçü
237238,/player/237238/scott-mctominay/260004/,26,4,2025-09-19,S. McTominay,Scott Francis McTominay,"CM, CAM, LM",85,85,54000000,150000,28,1996-12-08,193,88,31.0,Serie A,1.0,48.0,Napoli,LM,8.0,,2024-08-30,2029.0,42,Scotland,1359.0,CAM,4.0,Right,3,3,3,,Normal (185+),Yes,91800000.0,,"Precision Header, Low Driven Shot, Incisive Pass, Aerial Fortress, Technical, Enforcer",76.0,82.0,77.0,80.0,80.0,85.0,66,84,81,84,76,84,69,60,81,85,70,80,55,86,48,86,86,92,82,81,84,81,87,79,60,80,78,81,75,9,6,6,10,11,,83+2,83+2,83+2,80+0,83+0,83+0,83+0,80+0,82+3,82+3,82+3,81+3,84+1,84+1,84+1,81+3,80+3,82+3,82+3,82+3,80+3,80+3,81+3,81+3,81+3,80+3,17+3,S. McTominay
202126,/player/202126/harry-kane/260004/,26,4,2025-09-19,H. Kane,Harry Edward Kane,ST,89,89,87000000,155000,31,1993-07-28,188,86,19.0,Bundesliga,1.0,21.0,FC Bayern München,ST,9.0,,2023-08-12,2027.0,14,England,1318.0,ST,9.0,Right,4,3,5,,Unique,Yes,143600000.0,"#Aerial threat, #Distance shooter, #Strength, #Clinical finisher, #Complete forward","Finesse Shot +, Precision Header, Low Driven Shot, Gamechanger, Long Ball Pass, First Touch",64.0,92.0,83.0,82.0,48.0,82.0,80,93,90,86,89,80,82,69,79,87,62,66,67,94,72,91,87,76,86,89,80,42,94,86,93,92,46,44,38,8,10,11,14,11,,88+1,88+1,88+1,83+0,86+0,86+0,86+0,83+0,85+3,85+3,85+3,83+3,81+3,81+3,81+3,83+3,66+3,68+3,68+3,68+3,66+3,63+3,63+3,63+3,63+3,63+3,20+3,H. Kane
248243,/player/248243/eduardo-camavinga/260004/,26,4,2025-09-19,E. Camavinga,Eduardo Celmi Camavinga,"CM, CDM, LB",83,90,73500000,175000,22,2002-11-10,185,77,53.0,La Liga,1.0,243.0,Real Madrid,SUB,6.0,,2021-09-01,2029.0,18,France,1335.0,SUB,26.0,Left,3,4,3,,Lean (185+),Yes,165400000.0,,"Jockey, Block, Technical, Bruiser",80.0,68.0,81.0,84.0,78.0,80.0,77,64,64,86,59,84,74,59,84,86,81,80,82,82,81,75,82,84,79,70,79,82,73,83,62,84,76,82,81,12,6,8,12,12,,75+3,75+3,75+3,80+0,79+0,79+0,79+0,80+0,81+3,81+3,81+3,81+3,83+3,83+3,83+3,81+3,82+3,82+3,82+3,82+3,82+3,81+3,79+3,79+3,79+3,81+3,18+3,Eduardo Camavinga
224293,/player/224293/ruben-diogo-da-silva-neves/260004/,26,4,2025-09-19,Rúben Neves,Rúben Diogo da Silva Neves,"CDM, CM",84,85,40500000,68000,28,1997-03-13,180,83,350.0,Pro League,1.0,605.0,Al Hilal,CDM,8.0,,2023-07-01,2026.0,38,Portugal,1354.0,SUB,21.0,Right,4,3,3,,Normal (170-185),Yes,67800000.0,#Playmaker ,"Dead Ball, Long Ball Pass, Whipped Pass, Inventive, Intercept, Aerial Fortress",57.0,75.0,87.0,77.0,77.0,76.0,85,66,57,88,82,74,84,81,88,84,58,57,64,85,73,86,68,80,74,83,76,79,62,87,84,88,81,79,79,16,12,10,8,10,,72+3,72+3,72+3,75+0,75+0,75+0,75+0,75+0,78+3,78+3,78+3,77+3,83+2,83+2,83+2,77+3,79+3,82+3,82+3,82+3,79+3,78+3,77+3,77+3,77+3,78+3,20+3,Rúben Neves
246863,/player/246863/felix-nmecha/260004/,26,4,2025-09-19,F. Nmecha,Felix Kalu Nmecha,"CDM, CM",82,86,40000000,50000,24,2000-10-10,194,80,19.0,Bundesliga,1.0,22.0,Borussia Dortmund,SUB,8.0,,2023-07-03,2028.0,21,Germany,1337.0,SUB,24.0,Right,3,4,3,,Normal (185+),Yes,71000000.0,"#Aerial threat, #Strength","Block, Aerial Fortress, Press Proven, Bruiser",82.0,74.0,73.0,81.0,80.0,86.0,59,73,83,80,66,83,72,49,80,82,77,86,77,80,76,81,94,78,90,73,82,79,76,77,55,79,78,83,80,6,10,12,13,8,,79+3,79+3,79+3,77+0,79+0,79+0,79+0,77+0,79+3,79+3,79+3,78+3,79+3,79+3,79+3,78+3,78+3,81+3,81+3,81+3,78+3,79+3,82+3,82+3,82+3,79+3,17+3,F. Nmecha
258648,/player/258648/carlos-augusto-zopolato-neves/260004/,26,4,2025-09-19,Carlos Augusto,Carlos Augusto Zopalato Neves,"LB, CB, LM",81,82,27500000,38000,26,1999-01-07,184,75,31.0,Serie A,1.0,44.0,Inter,SUB,30.0,,2024-07-01,2028.0,54,Brazil,,,,Left,2,3,3,,Normal (170-185),No,47400000.0,,"Aerial Fortress, Relentless",78.0,72.0,77.0,79.0,79.0,76.0,79,68,76,78,73,80,77,74,74,80,79,78,79,81,72,79,85,80,72,77,80,79,79,76,52,78,79,80,79,11,12,5,12,13,,76+3,76+3,76+3,78+0,78+0,78+0,78+0,78+0,78+3,78+3,78+3,78+3,78+3,78+3,78+3,78+3,79+3,78+3,78+3,78+3,79+3,79+3,78+3,78+3,78+3,79+3,19+3,Carlos Augusto
210881,/player/210881/john-mcginn/260004/,26,4,2025-09-19,J. McGinn,John McGinn,"LM, RM, CAM, LB",81,81,25000000,120000,30,1994-10-18,178,68,13.0,Premier League,1.0,2.0,Aston Villa,RM,7.0,,2018-08-08,2027.0,42,Scotland,1359.0,LM,7.0,Left,2,3,3,,Stocky (170-185),Yes,47500000.0,,"Press Proven, Relentless, Enforcer",69.0,77.0,78.0,80.0,77.0,83.0,76,76,57,81,75,81,76,61,80,80,69,69,77,81,85,84,74,92,79,77,86,79,77,79,55,77,79,82,75,9,13,12,10,12,,76+3,76+3,76+3,78+0,78+0,78+0,78+0,78+0,79+2,79+2,79+2,79+2,81+0,81+0,81+0,79+2,79+2,81+0,81+0,81+0,79+2,78+3,77+3,77+3,77+3,78+3,19+3,John McGinn
225201,/player/225201/alejandro-berenguer-remiro/260004/,26,4,2025-09-19,Berenguer,Alejandro Berenguer Remiro,"LM, RM, CAM, LW",82,82,30000000,59000,29,1995-07-04,175,73,53.0,La Liga,1.0,448.0,Athletic Club,SUB,7.0,,2020-10-02,2027.0,45,Spain,,,,Right,4,3,3,,Normal (170-185),Yes,63000000.0,,"Finesse Shot, Rapid",84.0,77.0,79.0,84.0,65.0,69.0,81,79,73,80,70,84,82,80,73,83,85,84,87,79,88,78,79,80,59,72,76,65,82,77,72,83,65,65,61,14,16,8,6,13,,79+3,79+3,79+3,81+0,81+0,81+0,81+0,81+0,80+2,80+2,80+2,81+1,78+3,78+3,78+3,81+1,75+3,72+3,72+3,72+3,75+3,73+3,69+3,69+3,69+3,73+3,19+3,Berenguer
208333,/player/208333/emre-can/260004/,26,4,2025-09-19,E. Can,Emre Can,"CB, CDM, CM",82,82,21000000,60000,31,1994-01-12,186,86,19.0,Bundesliga,1.0,22.0,Borussia Dortmund,SUB,23.0,,2020-02-18,2026.0,21,Germany,,,,Right,4,3,3,,Stocky (185+),Yes,35700000.0,"#Tackling , #Strength","Bruiser +, Pinged Pass, Long Ball Pass, Slide Tackle, Press Proven",77.0,76.0,72.0,74.0,82.0,84.0,63,71,82,77,69,73,77,64,74,75,67,85,65,79,72,85,81,76,86,78,91,78,70,69,85,83,79,86,85,14,8,8,13,11,,76+3,76+3,76+3,73+0,75+0,75+0,75+0,73+0,74+3,74+3,74+3,73+3,75+3,75+3,75+3,73+3,77+3,79+3,79+3,79+3,77+3,78+3,82+0,82+0,82+0,78+3,19+3,Emre Can
228251,/player/228251/lorenzo-pellegrini/260004/,26,4,2025-09-19,L. Pellegrini,Lorenzo Pellegrini,"CAM, CM",80,80,20500000,63000,29,1996-06-19,186,77,31.0,Serie A,1.0,52.0,Roma,SUB,7.0,,2017-07-01,2026.0,27,Italy,1343.0,RES,26.0,Right,4,3,3,,Normal (185+),Yes,34900000.0,,"Finesse Shot, Press Proven",75.0,77.0,80.0,80.0,73.0,73.0,74,76,74,84,74,78,74,79,80,84,76,74,79,79,72,79,81,77,70,76,74,69,77,83,80,78,73,74,72,12,7,10,13,11,,77+3,77+3,77+3,79+0,79+0,79+0,79+0,79+0,80+0,80+0,80+0,79+1,80+0,80+0,80+0,79+1,76+3,77+3,77+3,77+3,76+3,75+3,74+3,74+3,74+3,75+3,18+3,Lorenzo Pellegrini
240950,/player/240950/pedro-antonio-pereira-goncalves/260004/,26,4,2025-09-19,Pedro Gonçalves,Pedro António Pereira Gonçalves,"CAM, LM, CM",83,83,38500000,32000,27,1998-06-28,173,78,308.0,Primeira Liga,1.0,237.0,Sporting CP,LM,8.0,,2020-08-18,2027.0,38,Portugal,1354.0,SUB,19.0,Right,4,4,3,,Normal (170-185),Yes,77000000.0,,"Finesse Shot, Dead Ball, Incisive Pass, Tiki Taka, Whipped Pass, Inventive, Technical",77.0,82.0,83.0,84.0,63.0,68.0,83,84,59,85,79,84,82,81,80,84,79,76,82,83,78,78,72,81,62,83,64,71,85,84,82,85,63,65,48,15,11,15,7,8,,79+3,79+3,79+3,83+0,83+0,83+0,83+0,83+0,83+0,83+0,83+0,83+0,82+1,82+1,82+1,83+0,74+3,74+3,74+3,74+3,74+3,71+3,66+3,66+3,66+3,71+3,18+3,Pedro Gonçalves
223334,/player/223334/joelinton-apolinario-de-lira/260004/,26,4,2025-09-19,Joelinton,Joelinton Cassio Apolinário de Lira,"CM, LW, LM",82,82,30500000,140000,28,1996-08-14,186,81,13.0,Premier League,1.0,13.0,Newcastle United,LCM,7.0,,2019-07-23,2028.0,54,Brazil,,,,Right,3,3,3,,Stocky (185+),Yes,58000000.0,#Strength,"Aerial Fortress, Press Proven, Relentless, Bruiser, Enforcer",74.0,73.0,77.0,81.0,82.0,90.0,73,75,82,84,60,83,62,38,79,83,69,78,68,85,66,84,90,89,90,63,91,84,79,80,61,83,79,84,77,9,13,8,13,13,,80+2,80+2,80+2,78+0,80+0,80+0,80+0,78+0,80+2,80+2,80+2,80+2,82+0,82+0,82+0,80+2,81+1,83+-1,83+-1,83+-1,81+1,81+1,84+-2,84+-2,84+-2,81+1,20+3,Joelinton
252145,/player/252145/nuno-alexandre-tavares-mendes/260004/,26,4,2025-09-19,Nuno Mendes,Nuno Alexandre Tavares Mendes,"LB, LM",86,89,86000000,110000,23,2002-06-19,180,70,16.0,Ligue 1,1.0,73.0,Paris Saint-Germain,LB,25.0,,2021-08-31,2029.0,38,Portugal,1354.0,LB,25.0,Left,4,3,3,,Normal (170-185),Yes,165600000.0,"#Speedster, #Acrobat","Quick Step +, Pinged Pass, Whipped Pass, Jockey, Anticipate, Rapid",95.0,65.0,76.0,82.0,80.0,77.0,81,61,73,80,54,81,77,59,72,82,94,95,87,83,84,80,87,83,73,64,75,79,77,72,45,82,77,86,81,7,8,8,12,15,,76+3,76+3,76+3,80+0,78+0,78+0,78+0,80+0,78+3,78+3,78+3,80+3,78+3,78+3,78+3,80+3,83+3,79+3,79+3,79+3,83+3,83+3,80+3,80+3,80+3,83+3,18+3,Nuno Mendes
188545,/player/188545/robert-lewandowski/260004/,26,4,2025-09-19,R. Lewandowski,Robert Lewandowski,ST,88,88,31000000,155000,36,1988-08-21,185,81,53.0,La Liga,1.0,241.0,FC Barcelona,ST,9.0,,2022-07-18,2026.0,37,Poland,1353.0,RS,9.0,Right,4,4,5,,Unique,Yes,63600000.0,#Clinical finisher,"Chip Shot +, Finesse Shot, Power Shot, Precision Header, Low Driven Shot, Incisive Pass, First Touch",74.0,89.0,79.0,85.0,44.0,84.0,76,92,87,84,86,84,79,84,70,88,73,74,77,89,83,89,91,76,89,82,81,49,90,81,90,87,35,42,19,15,6,12,8,10,,87+1,87+1,87+1,84+0,86+0,86+0,86+0,84+0,84+3,84+3,84+3,82+3,79+3,79+3,79+3,82+3,64+3,65+3,65+3,65+3,64+3,60+3,60+3,60+3,60+3,60+3,19+3,Robert Lewandowski
247246,/player/247246/khephren-thuram/260004/,26,4,2025-09-19,K. Thuram,Khéphren Thuram-Ulien,"CM, CDM",81,85,36500000,105000,24,2001-03-26,192,80,31.0,Serie A,1.0,45.0,Juventus,LCM,19.0,,2024-07-09,2029.0,18,France,,,,Right,3,3,3,,Lean (185+),Yes,64800000.0,,"Pinged Pass, Press Proven, Relentless",78.0,76.0,77.0,80.0,81.0,81.0,72,77,76,83,65,81,72,56,80,83,76,80,75,79,65,79,87,81,79,75,84,81,78,78,60,82,80,84,75,7,9,14,11,9,,78+3,78+3,78+3,79+0,79+0,79+0,79+0,79+0,80+3,80+3,80+3,79+3,81+3,81+3,81+3,79+3,79+3,81+3,81+3,81+3,79+3,79+3,81+3,81+3,81+3,79+3,17+3,K. Thuram
181458,/player/181458/ivan-perisic/260004/,26,4,2025-09-19,I. Perišić,Ivan Perišić,"RW, LW, RM",81,81,8500000,25000,36,1989-02-02,186,80,10.0,Eredivisie,1.0,247.0,PSV,RW,5.0,,2024-09-18,2027.0,10,Croatia,1328.0,RW,14.0,Right,5,4,3,,Lean (185+),Yes,11900000.0,,"Dead Ball, Gamechanger, Whipped Pass, Inventive",75.0,80.0,81.0,79.0,69.0,75.0,84,78,77,82,85,78,82,75,77,83,74,76,73,80,70,85,84,76,75,79,69,69,84,79,77,84,68,69,65,6,7,10,9,6,,80+1,80+1,80+1,80+0,80+0,80+0,80+0,80+0,80+1,80+1,80+1,80+1,79+2,79+2,79+2,80+1,75+3,75+3,75+3,75+3,75+3,74+3,72+3,72+3,72+3,74+3,15+3,Ivan Perišić
243014,/player/243014/bryan-mbeumo/260004/,26,4,2025-09-19,B. Mbeumo,Bryan Tetsadong Marceau Mbeumo,"RW, RM, ST",85,86,64500000,135000,25,1999-08-07,171,75,13.0,Premier League,1.0,11.0,Manchester United,RW,19.0,,2025-07-21,2030.0,103,Cameroon,,,,Left,2,4,3,,Stocky (170-185),Yes,127400000.0,#Acrobat,"Gamechanger +, Inventive, Rapid, First Touch, Quick Step",88.0,84.0,79.0,84.0,49.0,76.0,84,87,63,80,85,83,84,72,69,84,90,87,90,81,85,83,81,85,71,77,74,52,84,80,85,83,53,41,37,7,14,15,13,14,,81+3,81+3,81+3,84+0,83+0,83+0,83+0,84+0,82+3,82+3,82+3,83+3,77+3,77+3,77+3,83+3,69+3,66+3,66+3,66+3,69+3,66+3,59+3,59+3,59+3,66+3,20+3,B. Mbeumo
216393,/player/216393/youri-tielemans/260004/,26,4,2025-09-19,Y. Tielemans,Youri Tielemans,"CM, CDM, CAM",85,85,54000000,170000,28,1997-05-07,176,72,13.0,Premier League,1.0,2.0,Aston Villa,CAM,8.0,,2023-07-01,2027.0,7,Belgium,,,,Right,4,4,3,,Normal (170-185),Yes,102600000.0,#Playmaker ,"Pinged Pass +, Power Shot, Incisive Pass, Press Proven",54.0,79.0,85.0,80.0,75.0,72.0,80,77,70,87,83,79,84,78,88,86,51,57,62,85,77,85,68,87,69,76,64,75,77,87,75,88,74,77,80,6,8,10,14,12,,77+3,77+3,77+3,77+0,79+0,79+0,79+0,77+0,80+3,80+3,80+3,79+3,84+1,84+1,84+1,79+3,78+3,81+3,81+3,81+3,78+3,77+3,75+3,75+3,75+3,77+3,18+3,Youri Tielemans
256790,/player/256790/jamal-musiala/260004/,26,4,2025-09-19,J. Musiala,Jamal Musiala,"CAM, LM, CM, ST",88,92,133500000,110000,22,2003-02-26,184,72,19.0,Bundesliga,1.0,21.0,FC Bayern München,SUB,10.0,,2020-06-03,2030.0,21,Germany,,,,Right,4,5,4,,Lean (170-185),Yes,230300000.0,"#Dribbler, #Acrobat, #Clinical finisher, #Complete forward","Technical +, Precision Header, Low Driven Shot, Gamechanger, Incisive Pass, Inventive, Trickster",80.0,82.0,80.0,90.0,66.0,65.0,70,86,75,87,75,94,75,59,79,85,85,75,94,89,93,80,80,73,61,82,59,65,88,84,61,83,64,66,61,6,9,8,8,11,,83+3,83+3,83+3,85+0,86+0,86+0,86+0,85+0,87+3,87+3,87+3,84+3,83+3,83+3,83+3,84+3,74+3,74+3,74+3,74+3,74+3,73+3,69+3,69+3,69+3,73+3,17+3,Jamal Musiala
239231,/player/239231/marc-cucurella-saseta/260004/,26,4,2025-09-19,Marc Cucurella,Marc Cucurella Saseta,LB,84,85,45500000,155000,26,1998-07-22,174,66,13.0,Premier League,1.0,5.0,Chelsea,LB,3.0,,2022-08-05,2028.0,45,Spain,1362.0,LB,22.0,Left,3,3,3,,Normal (170-185),Yes,89900000.0,,"Jockey, Block, Press Proven, Relentless",75.0,64.0,79.0,80.0,82.0,79.0,81,61,72,82,55,78,79,63,79,80,77,74,82,84,83,73,86,89,70,63,85,82,76,77,57,79,83,84,82,13,7,9,10,11,,73+3,73+3,73+3,77+0,76+0,76+0,76+0,77+0,77+3,77+3,77+3,78+3,80+3,80+3,80+3,78+3,82+3,82+3,82+3,82+3,82+3,82+3,80+3,80+3,80+3,82+3,18+3,Marc Cucurella
223959,/player/223959/lucas-torreira/260004/,26,4,2025-09-19,L. Torreira,Lucas Sebastián Torreira di Pascua,"CDM, CM",83,83,31000000,73000,29,1996-02-11,166,60,68.0,Süper Lig,1.0,325.0,Galatasaray SK,RDM,34.0,,2022-08-08,2028.0,60,Uruguay,,,,Right,3,3,3,,Normal (170-),Yes,58900000.0,,"Long Ball Pass, Tiki Taka, Jockey, Intercept, Anticipate, Slide Tackle, Relentless",76.0,72.0,78.0,79.0,81.0,79.0,72,71,62,83,68,76,70,72,79,81,80,73,82,84,83,80,76,92,69,74,88,83,76,79,48,84,84,82,81,5,5,13,7,9,,75+3,75+3,75+3,77+0,78+0,78+0,78+0,77+0,79+3,79+3,79+3,79+3,81+2,81+2,81+2,79+3,81+2,82+1,82+1,82+1,81+2,81+2,79+3,79+3,79+3,81+2,15+3,L. Torreira
177003,/player/177003/luka-modric/260004/,26,4,2025-09-19,L. Modrić,Luka Modrić,"CM, CAM, CDM",83,83,11500000,47000,39,1985-09-09,172,67,31.0,Serie A,1.0,47.0,AC Milan,LCM,14.0,,2025-07-14,2026.0,10,Croatia,1328.0,LCM,10.0,Right,4,4,3,,Lean (170-185),Yes,19600000.0,"#Playmaker , #Crosser, #Complete midfielder","Incisive Pass, Long Ball Pass, Whipped Pass, Technical",68.0,74.0,86.0,86.0,70.0,62.0,86,68,55,87,76,84,85,78,86,88,72,65,89,79,90,79,66,69,58,80,60,75,76,88,83,91,70,70,72,13,9,7,14,9,,74+3,74+3,74+3,81+0,79+0,79+0,79+0,81+0,82+1,82+1,82+1,81+2,82+1,82+1,82+1,81+2,77+3,77+3,77+3,77+3,77+3,75+3,69+3,69+3,69+3,75+3,18+3,Luka Modrić
230938,/player/230938/franck-yannick-kessie/260004/,26,4,2025-09-19,F. Kessié,Franck Yannick Kessié,"CDM, CM, CB",80,81,20500000,49000,28,1996-12-19,183,74,350.0,Pro League,1.0,112387.0,Al Ahli SFC,LDM,79.0,,2023-08-09,2026.0,108,Côte d'Ivoire,,,,Right,4,3,3,,Normal (170-185),Yes,36400000.0,,"Power Shot, Press Proven, Relentless",78.0,77.0,73.0,78.0,78.0,86.0,66,75,68,80,60,77,61,54,73,80,77,79,70,77,77,84,85,92,87,78,78,79,76,74,88,83,80,80,76,9,11,12,12,10,,77+3,77+3,77+3,76+0,77+0,77+0,77+0,76+0,77+3,77+3,77+3,77+3,78+3,78+3,78+3,77+3,78+3,79+2,79+2,79+2,78+3,78+3,79+2,79+2,79+2,78+3,18+3,Franck Yannick Kessié
226226,/player/226226/giovani-lo-celso/260004/,26,4,2025-09-19,G. Lo Celso,Giovani Lo Celso,"CAM, CM, CDM",82,82,30000000,43000,29,1996-04-09,177,68,53.0,La Liga,1.0,449.0,Real Betis Balompié,CAM,20.0,,2024-08-30,2028.0,52,Argentina,1369.0,SUB,11.0,Left,3,4,3,,Normal (170-185),Yes,63000000.0,,"Finesse Shot, Dead Ball, Incisive Pass, Technical",68.0,81.0,82.0,84.0,68.0,71.0,81,82,62,82,73,85,82,81,82,85,67,68,79,80,80,83,71,67,69,83,82,70,81,84,65,82,64,73,68,10,7,10,15,14,,78+3,78+3,78+3,81+0,81+0,81+0,81+0,81+0,82+0,82+0,82+0,80+2,81+1,81+1,81+1,80+2,74+3,76+3,76+3,76+3,74+3,72+3,71+3,71+3,71+3,72+3,19+3,Giovani Lo Celso
231913,/player/231913/fredrik-aursnes/260004/,26,4,2025-09-19,F. Aursnes,Fredrik Aursnes,"CM, RB, RM, CAM",80,80,20500000,26000,29,1995-12-10,179,71,308.0,Primeira Liga,1.0,234.0,SL Benfica,RM,8.0,,2022-08-24,2029.0,36,Norway,,,,Right,3,3,2,,Lean (170-185),Yes,41000000.0,,"Low Driven Shot, Anticipate, First Touch, Press Proven, Relentless",74.0,71.0,78.0,80.0,77.0,82.0,76,71,68,80,59,78,72,63,79,82,73,75,80,83,80,74,80,92,78,68,80,78,79,79,66,82,78,78,75,12,14,14,8,13,,75+2,75+2,75+2,77+0,77+0,77+0,77+0,77+0,78+2,78+2,78+2,79+1,80+0,80+0,80+0,79+1,79+1,80+0,80+0,80+0,79+1,78+2,77+2,77+2,77+2,78+2,20+2,Fredrik Aursnes
247394,/player/247394/dejan-kulusevski/260004/,26,4,2025-09-19,D. Kulusevski,Dejan KulusevskiДејан Кулушевски,"CM, RW, CAM",83,86,47500000,125000,25,2000-04-25,186,80,13.0,Premier League,1.0,18.0,Tottenham Hotspur,RES,21.0,,2023-07-01,2028.0,46,Sweden,1363.0,CAM,21.0,Left,3,4,3,,Normal (185+),Yes,93800000.0,#Playmaker ,"Finesse Shot, Whipped Pass, Press Proven, Relentless",74.0,79.0,84.0,85.0,62.0,81.0,84,82,52,86,83,88,86,68,78,86,77,72,77,87,72,78,75,91,80,74,74,65,83,86,70,85,62,66,58,14,5,10,10,5,,79+3,79+3,79+3,83+0,83+0,83+0,83+0,83+0,84+2,84+2,84+2,84+2,83+3,83+3,83+3,84+2,76+3,76+3,76+3,76+3,76+3,73+3,68+3,68+3,68+3,73+3,17+3,D. Kulusevski
218667,/player/218667/bernardo-mota-carvalho-e-silva/260004/,26,4,2025-09-19,Bernardo Silva,Bernardo Mota Veiga de Carvalho e Silva,"CM, RM, CDM, CAM",84,84,40500000,165000,30,1994-08-10,173,65,13.0,Premier League,1.0,10.0,Manchester City,RCM,20.0,,2017-07-01,2026.0,38,Portugal,1354.0,LCM,10.0,Left,3,4,3,,Lean (170-185),Yes,74900000.0,"#Dribbler, #Acrobat","Tiki Taka +, Low Driven Shot, Gamechanger, Whipped Pass, Technical, Relentless",61.0,78.0,83.0,89.0,71.0,65.0,82,78,54,86,78,88,84,67,82,88,68,55,93,87,92,79,58,90,47,79,78,73,80,85,64,86,70,76,68,9,10,14,12,9,,76+3,76+3,76+3,82+0,81+0,81+0,81+0,82+0,83+1,83+1,83+1,82+2,84+0,84+0,84+0,82+2,78+3,79+3,79+3,79+3,78+3,75+3,70+3,70+3,70+3,75+3,19+3,Bernardo Silva
256630,/player/256630/florian-wirtz/260004/,26,4,2025-09-19,F. Wirtz,Florian Richard Wirtz,"CAM, ST, CM",89,93,150500000,190000,22,2003-05-03,177,71,13.0,Premier League,1.0,9.0,Liverpool,CAM,7.0,,2020-01-31,2030.0,21,Germany,1337.0,RAM,17.0,Right,4,4,5,,Normal (170-185),Yes,289700000.0,"#Dribbler, #Playmaker , #Crosser, #Acrobat, #Complete midfielder","Incisive Pass +, Finesse Shot, Chip Shot, Low Driven Shot, Inventive, Technical, First Touch",80.0,82.0,88.0,90.0,54.0,67.0,87,84,43,91,81,90,83,74,87,92,82,79,88,88,87,78,65,87,59,84,63,55,85,91,66,86,64,49,44,14,14,13,6,10,,80+3,80+3,80+3,87+0,86+0,86+0,86+0,87+0,88+3,88+3,88+3,88+3,85+3,85+3,85+3,88+3,74+3,73+3,73+3,73+3,74+3,69+3,60+3,60+3,60+3,69+3,20+3,F. Wirtz
213666,/player/213666/ruben-loftus-cheek/260004/,26,4,2025-09-19,R. Loftus-Cheek,Ruben Ira Loftus-Cheek,"CM, CAM",80,80,20500000,55000,29,1996-01-23,191,88,31.0,Serie A,1.0,47.0,AC Milan,LAM,8.0,,2023-07-01,2027.0,14,England,,,,Right,4,4,3,,Normal (185+),Yes,34900000.0,,"Aerial Fortress, Press Proven, Enforcer",81.0,76.0,79.0,80.0,76.0,80.0,75,76,85,84,60,81,70,57,80,83,78,84,75,79,60,82,94,72,85,75,75,76,83,79,56,82,75,76,70,11,7,12,15,13,,81+-1,81+-1,81+-1,80+0,81+-1,81+-1,81+-1,80+0,81+-1,81+-1,81+-1,80+0,80+0,80+0,80+0,80+0,77+3,78+2,78+2,78+2,77+3,77+3,79+1,79+1,79+1,77+3,19+3,Ruben Loftus-Cheek
202648,/player/202648/sergi-darder-moll/260004/,26,4,2025-09-19,Sergi Darder,Sergi Darder Moll,"LM, CM, CDM, LW",81,81,21500000,43000,31,1993-12-22,180,71,53.0,La Liga,1.0,453.0,RCD Mallorca,RCM,10.0,,2023-08-11,2028.0,45,Spain,,,,Right,3,3,3,,Lean (170-185),Yes,45200000.0,,"Power Shot, Dead Ball, Incisive Pass, Pinged Pass, Long Ball Pass, Inventive, Press Proven",77.0,76.0,81.0,80.0,73.0,77.0,74,75,60,84,74,81,81,72,82,80,78,77,79,79,76,81,78,82,75,75,74,74,78,83,60,84,74,76,74,8,9,9,8,12,,76+3,76+3,76+3,79+0,79+0,79+0,79+0,79+0,80+1,80+1,80+1,80+1,81+0,81+0,81+0,80+1,77+3,78+3,78+3,78+3,77+3,76+3,74+3,74+3,74+3,76+3,17+3,Sergi Darder
219683,/player/219683/corentin-tolisso/260004/,26,4,2025-09-19,C. Tolisso,Corentin Tolisso,"CM, CDM, CAM",81,81,24500000,30000,30,1994-08-03,181,81,16.0,Ligue 1,1.0,66.0,Olympique Lyonnais,CAM,8.0,,2022-07-01,2027.0,18,France,,,,Right,2,3,3,,Normal (170-185),Yes,46600000.0,,"Precision Header, Aerial Fortress, First Touch, Relentless",68.0,78.0,78.0,76.0,77.0,79.0,67,74,80,82,75,75,72,67,83,80,64,72,62,82,70,86,83,82,78,82,75,79,82,80,67,79,74,79,75,7,10,14,9,14,,79+2,79+2,79+2,76+0,78+0,78+0,78+0,76+0,78+3,78+3,78+3,77+3,81+0,81+0,81+0,77+3,77+3,79+2,79+2,79+2,77+3,77+3,78+3,78+3,78+3,77+3,18+3,Corentin Tolisso
216352,/player/216352/marcelo-brozovic/260004/,26,4,2025-09-19,M. Brozović,Marcelo Brozović,"CDM, CM",81,81,17000000,52000,32,1992-11-16,181,72,350.0,Pro League,1.0,112139.0,Al Nassr,LDM,11.0,,2023-07-03,2026.0,10,Croatia,,,,Right,4,3,3,,Lean (170-185),Yes,27200000.0,,"Long Ball Pass, Press Proven, Relentless",63.0,73.0,78.0,79.0,78.0,80.0,73,68,70,81,65,77,79,74,80,82,62,64,79,75,84,80,73,93,72,83,85,79,65,79,69,82,75,83,81,8,8,15,11,8,,72+3,72+3,72+3,74+0,74+0,74+0,74+0,74+0,76+3,76+3,76+3,75+3,80+1,80+1,80+1,75+3,78+3,80+1,80+1,80+1,78+3,78+3,78+3,78+3,78+3,78+3,16+3,Marcelo Brozović
251479,/player/251479/maxim-de-cuyper/260004/,26,4,2025-09-19,M. De Cuyper,Maxim De Cuyper,"LB, RB, LM",80,86,31000000,78000,24,2000-12-22,183,72,13.0,Premier League,1.0,1808.0,Brighton & Hove Albion,LB,29.0,,2018-07-01,2030.0,7,Belgium,,,,Left,4,2,1,,Lean (170-185),Yes,65099999.0,,"Long Ball Pass, Whipped Pass, Jockey, Press Proven",76.0,73.0,80.0,79.0,75.0,75.0,85,70,65,78,68,78,78,73,79,80,78,75,79,77,78,78,76,87,67,74,79,75,75,81,78,82,76,76,75,11,8,7,7,8,,74+2,74+2,74+2,78+0,77+0,77+0,77+0,78+0,78+2,78+2,78+2,79+2,79+2,79+2,79+2,79+2,79+2,78+2,78+2,78+2,79+2,78+2,74+2,74+2,74+2,78+2,16+2,Maxim De Cuyper
251806,/player/251806/quinten-timber/260004/,26,4,2025-09-19,Q. Timber,Quinten Ryan Crispito Timber,"CM, CDM, CAM",80,85,31500000,19000,24,2001-06-17,179,71,10.0,Eredivisie,1.0,246.0,Feyenoord,LCM,8.0,,2022-07-28,2026.0,34,Netherlands,105035.0,SUB,24.0,Right,3,3,1,,Normal (170-185),Yes,46500000.0,,"Power Shot, Incisive Pass, Technical, Bruiser",77.0,78.0,76.0,80.0,74.0,83.0,67,75,65,82,65,79,72,58,78,81,86,69,81,82,82,85,87,79,85,83,80,78,78,78,60,79,74,76,70,5,8,12,11,8,,78+2,78+2,78+2,78+0,79+0,79+0,79+0,78+0,80+2,80+2,80+2,78+2,80+2,80+2,80+2,78+2,76+2,79+2,79+2,79+2,76+2,75+2,76+2,76+2,76+2,75+2,16+2,Q. Timber
236499,/player/236499/douglas-luiz-soares-de-paulo/260004/,26,4,2025-09-19,Douglas Luiz,Douglas Luiz Soares de Paulo,"CM, CDM",80,80,22500000,110000,27,1998-05-09,175,66,13.0,Premier League,1.0,14.0,Nottingham Forest,SUB,12.0,Juventus,,2026.0,54,Brazil,,,,Right,2,3,3,,Normal (170-185),Yes,,,Press Proven,67.0,75.0,82.0,80.0,75.0,70.0,81,70,62,81,77,79,80,80,81,84,69,66,74,77,78,79,70,75,65,82,77,76,76,84,81,84,76,78,72,12,6,13,10,7,,74+3,74+3,74+3,78+0,77+0,77+0,77+0,78+0,79+1,79+1,79+1,78+2,80+0,80+0,80+0,78+2,77+3,78+2,78+2,78+2,77+3,75+3,74+3,74+3,74+3,75+3,16+3,Douglas Luiz
215590,/player/215590/ayoze-perez-gutierrez/260004/,26,4,2025-09-19,Ayoze,Ayoze Pérez Gutiérrez,"ST, CAM",83,83,30500000,65000,31,1993-07-29,178,66,53.0,La Liga,1.0,483.0,Villarreal CF,LS,22.0,,2024-08-13,2028.0,45,Spain,1362.0,SUB,9.0,Right,4,4,3,,Lean (170-185),Yes,64099999.0,#Clinical finisher,"Acrobatic, Low Driven Shot, Gamechanger, Incisive Pass, Technical",86.0,83.0,80.0,83.0,59.0,67.0,80,86,81,84,80,84,76,60,75,83,87,86,80,83,81,81,85,70,60,81,76,49,86,82,78,81,61,61,42,12,12,11,14,8,,83+0,83+0,83+0,84+-1,84+-1,84+-1,84+-1,84+-1,83+0,83+0,83+0,83+0,79+3,79+3,79+3,83+0,70+3,69+3,69+3,69+3,70+3,68+3,65+3,65+3,65+3,68+3,19+3,Ayoze
234396,/player/234396/alphonso-davies/260004/,26,4,2025-09-19,A. Davies,Alphonso Boyle Davies,"LB, LM",84,87,53500000,74000,24,2000-11-02,185,77,19.0,Bundesliga,1.0,21.0,FC Bayern München,SUB,19.0,,2019-01-01,2030.0,70,Canada,,,,Left,3,4,3,,Unique,Yes,92300000.0,#Speedster,"Rapid, Quick Step",94.0,66.0,78.0,85.0,74.0,76.0,85,64,74,84,59,85,72,44,71,85,95,93,84,86,83,74,95,79,75,63,72,79,77,77,54,78,72,74,73,11,11,6,5,14,,77+3,77+3,77+3,82+0,80+0,80+0,80+0,82+0,81+3,81+3,81+3,83+3,79+3,79+3,79+3,83+3,81+3,78+3,78+3,78+3,81+3,81+3,77+3,77+3,77+3,81+3,18+3,A. Davies
239807,/player/239807/davide-frattesi/260004/,26,4,2025-09-19,D. Frattesi,Davide Frattesi,CM,81,83,32000000,38000,25,1999-09-22,178,74,31.0,Serie A,1.0,44.0,Inter,SUB,16.0,,2024-07-01,2028.0,27,Italy,1343.0,SUB,16.0,Right,4,3,3,,Normal (170-185),Yes,55200000.0,,Technical,82.0,77.0,78.0,82.0,73.0,72.0,67,79,71,84,71,82,71,65,79,83,84,80,78,83,75,76,81,80,64,74,79,74,85,83,64,81,70,77,72,5,10,8,11,10,,79+3,79+3,79+3,81+0,82+0,82+0,82+0,81+0,82+1,82+1,82+1,81+2,81+2,81+2,81+2,81+2,77+3,78+3,78+3,78+3,77+3,76+3,74+3,74+3,74+3,76+3,17+3,Davide Frattesi
236496,/player/236496/matteo-guendouzi/260004/,26,4,2025-09-19,M. Guendouzi,Mattéo Elias Kenzo Guendouzi Olié,"CDM, CM",82,85,36000000,44000,26,1999-04-14,185,68,31.0,Serie A,1.0,46.0,Lazio,RCM,8.0,,2024-07-01,2028.0,18,France,1335.0,SUB,6.0,Right,3,4,3,,Lean (185+),Yes,63900000.0,,"Incisive Pass, Tiki Taka, Jockey, Block, Anticipate, First Touch, Relentless",72.0,73.0,80.0,80.0,77.0,77.0,71,73,69,85,64,78,75,67,81,84,69,74,83,81,71,75,73,90,67,75,86,80,74,83,70,82,76,79,72,6,13,6,13,11,,75+3,75+3,75+3,78+0,78+0,78+0,78+0,78+0,80+3,80+3,80+3,79+3,82+3,82+3,82+3,79+3,79+3,81+3,81+3,81+3,79+3,78+3,77+3,77+3,77+3,78+3,18+3,M. Guendouzi
256079,/player/256079/moises-caicedo/260004/,26,4,2025-09-19,M. Caicedo,Moisés Isaac Caicedo Corozo,"CDM, CM",87,89,93000000,170000,23,2001-11-02,178,73,13.0,Premier League,1.0,5.0,Chelsea,RDM,25.0,,2023-08-14,2031.0,57,Ecuador,,,,Right,3,3,4,,Normal (170-185),Yes,183700000.0,"#Tackling , #Tactician ","Slide Tackle +, Pinged Pass, Tiki Taka, Intercept, Anticipate, Press Proven, Relentless",71.0,64.0,78.0,81.0,84.0,82.0,65,57,70,85,60,79,73,55,84,83,76,66,80,84,79,75,80,90,77,72,85,87,63,79,55,83,83,86,87,15,6,13,9,13,,71+3,71+3,71+3,74+0,75+0,75+0,75+0,74+0,77+3,77+3,77+3,76+3,81+3,81+3,81+3,76+3,82+3,85+3,85+3,85+3,82+3,81+3,82+3,82+3,82+3,81+3,19+3,M. Caicedo
251517,/player/251517/josko-gvardiol/260004/,26,4,2025-09-19,J. Gvardiol,Joško Gvardiol,"LB, CB, LM",84,87,53500000,130000,23,2002-01-23,185,80,13.0,Premier League,1.0,10.0,Manchester City,LCB,24.0,,2023-08-05,2028.0,10,Croatia,1328.0,LB,4.0,Left,5,3,3,,Normal (185+),Yes,103000000.0,,"Block +, Low Driven Shot, Pinged Pass, Jockey",78.0,71.0,75.0,78.0,84.0,82.0,73,68,80,81,60,78,74,59,76,80,77,79,68,85,67,81,88,81,80,74,86,84,69,70,61,81,84,85,84,5,8,6,9,11,,76+3,76+3,76+3,76+0,76+0,76+0,76+0,76+0,76+3,76+3,76+3,77+3,78+3,78+3,78+3,77+3,81+3,82+3,82+3,82+3,81+3,82+3,83+3,83+3,83+3,82+3,17+3,Joško Gvardiol
227236,/player/227236/andre-franck-zambo-anguissa/260004/,26,4,2025-09-19,A. Zambo Anguissa,André-Frank Zambo Anguissa,"CM, CAM",82,82,29500000,115000,29,1995-11-16,184,83,31.0,Serie A,1.0,48.0,Napoli,RCM,99.0,,2022-07-01,2027.0,103,Cameroon,,,,Right,3,3,3,,Normal (170-185),Yes,50200000.0,,"Precision Header, Aerial Fortress, Press Proven, Relentless",75.0,75.0,75.0,79.0,79.0,85.0,62,76,76,83,58,79,59,56,80,82,74,76,74,84,71,75,87,89,82,78,85,80,82,80,60,80,79,80,74,11,11,9,8,11,,78+3,78+3,78+3,78+0,80+0,80+0,80+0,78+0,80+2,80+2,80+2,79+3,82+0,82+0,82+0,79+3,78+3,81+1,81+1,81+1,78+3,78+3,80+2,80+2,80+2,78+3,18+3,André-Franck Zambo Anguissa
186345,/player/186345/kieran-trippier/260004/,26,4,2025-09-19,K. Trippier,Kieran John Trippier,"RB, RM",80,80,7500000,115000,34,1990-09-19,173,71,13.0,Premier League,1.0,13.0,Newcastle United,RB,2.0,,2022-01-07,2026.0,14,England,,,,Right,4,3,3,,Normal (170-185),Yes,14300000.0,"#Crosser, #FK Specialist","Dead Ball, Long Ball Pass, Whipped Pass, Long Throw",66.0,65.0,83.0,77.0,80.0,71.0,89,54,79,80,58,76,87,87,83,79,68,64,67,81,79,81,78,74,66,71,76,80,74,81,66,80,80,80,79,11,14,8,11,10,,72+3,72+3,72+3,74+0,74+0,74+0,74+0,74+0,76+3,76+3,76+3,76+3,79+1,79+1,79+1,76+3,79+1,79+1,79+1,79+1,79+1,78+2,78+2,78+2,78+2,78+2,19+3,Kieran Trippier
233927,/player/233927/lucas-tolentino-coelho-de-lima/260004/,26,4,2025-09-19,Lucas Paquetá,Lucas Tolentino Coelho de Lima,"CM, LM, CAM",80,80,22500000,75000,27,1997-08-27,180,72,13.0,Premier League,1.0,19.0,West Ham United,CAM,10.0,,2022-08-29,2027.0,54,Brazil,,,,Left,4,5,3,,Normal (170-185),Yes,42800000.0,#Dribbler,"Long Ball Pass, Aerial Fortress, Technical, First Touch",68.0,78.0,78.0,84.0,69.0,75.0,74,78,68,80,74,86,77,74,80,85,69,67,75,79,76,77,75,76,73,77,78,71,77,80,82,86,67,73,63,14,9,12,11,11,,77+3,77+3,77+3,79+0,79+0,79+0,79+0,79+0,80+0,80+0,80+0,79+1,80+0,80+0,80+0,79+1,74+3,76+3,76+3,76+3,74+3,72+3,72+3,72+3,72+3,72+3,19+3,Lucas Paquetá
270571,/player/270571/gabriel-davi-gomes-sara/260004/,26,4,2025-09-19,Gabriel Sara,Gabriel Davi Gomes Sara,"CM, CAM, RM",80,83,27500000,58000,26,1999-06-26,177,79,68.0,Süper Lig,1.0,325.0,Galatasaray SK,CAM,8.0,,2024-08-04,2029.0,54,Brazil,,,,Left,4,4,1,,Stocky (170-185),Yes,54300000.0,,"Power Shot, Dead Ball, Incisive Pass, Long Ball Pass, Inventive",74.0,74.0,83.0,79.0,68.0,78.0,82,73,68,83,67,79,84,81,84,81,75,74,77,80,76,83,79,81,75,75,79,65,77,83,50,80,69,70,65,14,14,10,6,9,,76+2,76+2,76+2,79+0,79+0,79+0,79+0,79+0,80+2,80+2,80+2,80+2,80+2,80+2,80+2,80+2,75+2,76+2,76+2,76+2,75+2,74+2,72+2,72+2,72+2,74+2,18+2,Gabriel Sara
244669,/player/244669/morten-hjulmand/260004/,26,4,2025-09-19,M. Hjulmand,Morten Blom Due Hjulmand,"CDM, CM",83,86,43000000,30000,26,1999-06-25,185,78,308.0,Primeira Liga,1.0,237.0,Sporting CP,RDM,42.0,,2023-08-13,2028.0,13,Denmark,1331.0,RDM,21.0,Right,4,3,3,,Normal (185+),Yes,89200000.0,,"Jockey, Block, Anticipate, Relentless",70.0,76.0,78.0,77.0,80.0,84.0,72,76,68,81,62,76,70,61,80,80,69,71,70,81,74,82,79,91,81,80,83,83,78,82,54,82,79,82,78,11,6,10,11,6,,77+3,77+3,77+3,77+0,78+0,78+0,78+0,77+0,79+3,79+3,79+3,78+3,81+3,81+3,81+3,78+3,79+3,82+3,82+3,82+3,79+3,79+3,79+3,79+3,79+3,79+3,17+3,M. Hjulmand
232665,/player/232665/mauro-arambarri/260004/,26,4,2025-09-19,M. Arambarri,Mauro Wilney Arambarri Rosa,"CM, CDM",80,80,20500000,43000,29,1995-09-30,175,74,53.0,La Liga,1.0,1860.0,Getafe CF,LCM,8.0,,2018-07-01,2028.0,60,Uruguay,,,,Right,3,3,1,,Normal (170-185),Yes,43100000.0,,"Precision Header, Aerial Fortress",65.0,79.0,76.0,77.0,79.0,79.0,64,82,62,81,62,78,77,71,78,79,75,57,67,79,77,83,78,84,76,79,82,80,80,79,61,74,82,80,79,7,13,13,15,7,,77+2,77+2,77+2,76+0,78+0,78+0,78+0,76+0,78+2,78+2,78+2,76+2,80+0,80+0,80+0,76+2,77+2,80+0,80+0,80+0,77+2,76+2,78+2,78+2,78+2,76+2,18+2,Arambarri
239085,/player/239085/erling-haaland/260004/,26,4,2025-09-19,E. Haaland,Erling Braut Håland,ST,90,92,157000000,260000,24,2000-07-21,195,94,13.0,Premier League,1.0,10.0,Manchester City,ST,9.0,,2022-07-01,2034.0,36,Norway,1352.0,ST,9.0,Left,3,3,5,,Unique,Yes,302200000.0,"#Aerial threat, #Distance shooter, #Strength, #Clinical finisher, #Complete forward","Low Driven Shot +, Chip Shot, Power Shot, Precision Header, Acrobatic, Gamechanger, Enforcer",86.0,91.0,70.0,80.0,45.0,88.0,58,94,83,77,90,79,77,62,66,82,79,92,71,93,69,94,92,76,93,83,88,43,95,74,90,86,38,47,29,7,14,13,11,7,,89+3,89+3,89+3,82+0,86+0,86+0,86+0,82+0,82+3,82+3,82+3,80+3,76+3,76+3,76+3,80+3,63+3,64+3,64+3,64+3,63+3,61+3,62+3,62+3,62+3,61+3,19+3,E. Haaland
226851,/player/226851/benjamin-pavard/260004/,26,4,2025-09-19,B. Pavard,Benjamin Pavard,CB,84,84,35500000,51000,29,1996-03-28,186,81,16.0,Ligue 1,1.0,219.0,Olympique de Marseille,RCB,28.0,Inter,,2026.0,18,France,1335.0,SUB,2.0,Right,3,3,3,,Normal (185+),Yes,,#Tactician ,Jockey +,75.0,67.0,76.0,75.0,86.0,79.0,76,60,84,83,81,71,67,51,81,79,74,76,71,86,66,80,87,80,76,70,81,86,68,69,51,83,85,89,84,9,7,15,7,15,,74+3,74+3,74+3,74+0,74+0,74+0,74+0,74+0,74+3,74+3,74+3,75+3,78+3,78+3,78+3,75+3,82+2,83+1,83+1,83+1,82+2,83+1,84+0,84+0,84+0,83+1,18+3,Benjamin Pavard
254243,/player/254243/elliot-anderson/260004/,26,4,2025-09-19,E. Anderson,Elliot Junior Anderson,"CDM, CM",80,85,29500000,78000,22,2002-11-06,179,69,13.0,Premier League,1.0,14.0,Nottingham Forest,LDM,8.0,,2024-07-01,2029.0,14,England,,,,Right,4,3,1,,Normal (170-185),No,58300000.0,,"Block, Aerial Fortress, Technical",71.0,68.0,79.0,81.0,77.0,78.0,79,66,76,82,63,82,79,67,79,81,75,68,76,80,84,74,84,86,73,64,77,78,76,79,65,80,75,79,77,6,12,5,10,7,,74+2,74+2,74+2,77+0,77+0,77+0,77+0,77+0,78+2,78+2,78+2,79+2,79+2,79+2,79+2,79+2,79+2,79+2,79+2,79+2,79+2,78+2,77+2,77+2,77+2,78+2,16+2,E. Anderson
228813,/player/228813/aleix-garcia-serrano/260004/,26,4,2025-09-19,Aleix García,Aleix García Serrano,"CM, CDM",83,83,36500000,100000,28,1997-06-28,173,68,19.0,Bundesliga,1.0,32.0,Bayer 04 Leverkusen,RCM,24.0,,2024-07-01,2029.0,45,Spain,,,,Right,3,3,3,,Normal (170-185),Yes,62100000.0,,"Press Proven +, Dead Ball, Long Ball Pass, Tiki Taka, Inventive",65.0,75.0,85.0,84.0,75.0,66.0,83,75,51,85,66,84,84,80,88,87,67,64,79,82,85,78,65,68,65,78,65,77,80,86,60,84,79,77,74,16,8,9,10,7,,75+3,75+3,75+3,80+0,80+0,80+0,80+0,80+0,82+1,82+1,82+1,81+2,83+0,83+0,83+0,81+2,78+3,79+3,79+3,79+3,78+3,76+3,73+3,73+3,73+3,76+3,18+3,Aleix García
257279,/player/257279/alejandro-baena-rodriguez/260004/,26,4,2025-09-19,Álex Baena,Alejandro Baena Rodríguez,"LM, ST, LW",84,89,63500000,82000,23,2001-07-20,174,70,53.0,La Liga,1.0,240.0,Atlético Madrid,LM,10.0,,2019-07-01,2030.0,45,Spain,1362.0,RES,26.0,Right,4,3,3,,Lean (170-185),Yes,138100000.0,,"Dead Ball, Incisive Pass, Long Ball Pass, Tiki Taka, Inventive, Technical, First Touch",79.0,76.0,84.0,82.0,65.0,68.0,85,77,58,87,69,83,78,80,82,84,79,79,80,82,76,77,71,78,60,76,76,66,82,84,68,74,67,66,64,6,11,8,12,11,,77+3,77+3,77+3,82+0,81+0,81+0,81+0,82+0,83+3,83+3,83+3,83+3,81+3,81+3,81+3,83+3,76+3,75+3,75+3,75+3,76+3,74+3,68+3,68+3,68+3,74+3,18+3,Álex Baena
256853,/player/256853/malik-tillman/260004/,26,4,2025-09-19,M. Tillman,Malik Leon Tillman,"CAM, LW, CM",82,87,46000000,80000,23,2002-05-28,187,71,19.0,Bundesliga,1.0,32.0,Bayer 04 Leverkusen,RAM,10.0,,2025-07-12,2030.0,95,United States,1387.0,LCM,17.0,Right,3,4,3,,Normal (185+),No,81700000.0,,"Power Shot, Incisive Pass, Inventive, Technical, First Touch",84.0,76.0,77.0,83.0,65.0,77.0,69,75,73,80,60,83,82,75,75,84,83,84,83,81,82,77,88,76,82,84,62,66,78,79,60,78,60,67,59,9,11,11,12,9,,79+3,79+3,79+3,80+0,80+0,80+0,80+0,80+0,81+3,81+3,81+3,79+3,78+3,78+3,78+3,79+3,73+3,73+3,73+3,73+3,73+3,72+3,70+3,70+3,70+3,72+3,18+3,M. Tillman
231521,/player/231521/exequiel-palacios/260004/,26,4,2025-09-19,E. Palacios,Exequiel Alejandro Palacios,"CM, CDM",84,86,52000000,110000,26,1998-10-05,178,69,19.0,Bundesliga,1.0,32.0,Bayer 04 Leverkusen,SUB,25.0,,2020-01-01,2028.0,52,Argentina,1369.0,SUB,14.0,Right,4,3,3,,Lean (170-185),Yes,92300000.0,#Tactician ,Anticipate,62.0,76.0,80.0,82.0,81.0,71.0,70,74,67,86,63,82,73,54,84,84,72,53,78,85,79,81,74,68,67,79,84,86,79,83,72,83,80,84,80,10,5,8,9,6,,76+3,76+3,76+3,78+0,79+0,79+0,79+0,78+0,81+3,81+3,81+3,78+3,83+3,83+3,83+3,78+3,78+3,82+3,82+3,82+3,78+3,78+3,79+3,79+3,79+3,78+3,16+3,E. Palacios
204963,/player/204963/daniel-carvajal-ramos/260004/,26,4,2025-09-19,Carvajal,Daniel Carvajal Ramos,"RB, RM",85,85,28000000,240000,33,1992-01-11,173,73,53.0,La Liga,1.0,243.0,Real Madrid,SUB,2.0,,2013-07-05,2026.0,45,Spain,1362.0,SUB,2.0,Right,3,3,4,,Unique,Yes,57400000.0,,"Whipped Pass, Block, Relentless",80.0,58.0,79.0,81.0,81.0,79.0,84,56,76,84,53,78,77,47,74,84,81,80,78,83,84,68,85,84,74,52,85,81,75,78,45,83,80,84,83,13,13,15,9,15,,72+3,72+3,72+3,77+0,76+0,76+0,76+0,77+0,77+3,77+3,77+3,79+3,79+3,79+3,79+3,79+3,83+2,82+3,82+3,82+3,83+2,82+3,81+3,81+3,81+3,82+3,20+3,Carvajal
193747,/player/193747/jorge-resurreccion/260004/,26,4,2025-09-19,Koke,Jorge Resurrección Merodio,"CM, CDM",81,81,16000000,76000,33,1992-01-08,176,75,53.0,La Liga,1.0,240.0,Atlético Madrid,SUB,6.0,,2011-01-01,2026.0,45,Spain,,,,Right,4,3,3,,Normal (170-185),Yes,33600000.0,,"Long Ball Pass, Relentless",61.0,72.0,83.0,78.0,76.0,77.0,85,69,61,83,57,77,84,77,81,81,62,60,68,80,81,82,72,83,75,75,78,80,76,83,67,84,78,79,70,14,12,5,10,13,,73+3,73+3,73+3,76+0,76+0,76+0,76+0,76+0,78+3,78+3,78+3,77+3,80+1,80+1,80+1,77+3,78+3,80+1,80+1,80+1,78+3,76+3,76+3,76+3,76+3,76+3,19+3,Koke
217870,/player/217870/giovanni-di-lorenzo/260004/,26,4,2025-09-19,G. Di Lorenzo,Giovanni Di Lorenzo,"RB, CB, RM",83,83,26500000,120000,31,1993-08-04,183,82,31.0,Serie A,1.0,48.0,Napoli,RB,22.0,,2019-07-01,2028.0,27,Italy,1343.0,RB,22.0,Right,4,3,3,,Normal (170-185),Yes,45100000.0,,"Long Ball Pass, First Touch, Relentless",84.0,72.0,73.0,77.0,79.0,80.0,79,72,72,76,63,76,67,66,72,78,83,85,76,80,74,75,84,90,74,72,79,80,74,68,60,74,79,81,78,8,10,8,10,7,,75+3,75+3,75+3,77+0,76+0,76+0,76+0,77+0,75+3,75+3,75+3,77+3,76+3,76+3,76+3,77+3,80+3,78+3,78+3,78+3,80+3,80+3,78+3,78+3,78+3,80+3,17+3,Giovanni Di Lorenzo
257534,/player/257534/cole-palmer/260004/,26,4,2025-09-19,C. Palmer,Cole Jermaine Palmer,"CAM, RM, ST",87,90,109000000,185000,23,2002-05-06,185,76,13.0,Premier League,1.0,5.0,Chelsea,CAM,10.0,,2023-09-01,2033.0,14,England,1318.0,RES,24.0,Left,3,4,4,,Lean (185+),Yes,215300000.0,"#Dribbler, #Playmaker , #Complete midfielder","Inventive +, Finesse Shot, Low Driven Shot, Gamechanger, Incisive Pass, Technical, First Touch",75.0,83.0,87.0,87.0,50.0,65.0,85,82,60,87,70,87,86,81,86,89,76,75,80,88,78,85,71,83,60,85,55,50,87,89,90,89,50,50,40,7,6,10,14,14,,81+3,81+3,81+3,85+0,85+0,85+0,85+0,85+0,86+3,86+3,86+3,85+3,83+3,83+3,83+3,85+3,70+3,69+3,69+3,69+3,70+3,66+3,58+3,58+3,58+3,66+3,19+3,C. Palmer
234060,/player/234060/yangel-herrera/260004/,26,4,2025-09-19,Y. Herrera,Yangel Clemente Herrera Ravelo,"CM, CDM, CAM",81,82,29500000,49000,27,1998-01-07,184,78,53.0,La Liga,1.0,457.0,Real Sociedad,RDM,12.0,,2025-09-01,2030.0,61,Venezuela,,,,Right,3,3,3,,Lean (170-185),Yes,64200000.0,,"Precision Header, Incisive Pass, Aerial Fortress",65.0,76.0,77.0,79.0,80.0,81.0,67,75,81,83,60,81,65,56,81,82,66,65,71,80,69,82,86,79,81,79,81,80,79,81,60,74,80,81,80,6,7,9,14,8,,78+3,78+3,78+3,77+0,79+0,79+0,79+0,77+0,79+3,79+3,79+3,77+3,81+1,81+1,81+1,77+3,77+3,81+1,81+1,81+1,77+3,78+3,81+1,81+1,81+1,78+3,17+3,Y. Herrera
261865,/player/261865/miguel-gutierrez-ortega/260004/,26,4,2025-09-19,Miguel Gutiérrez,Miguel Gutiérrez Ortega,"LB, LM",81,85,34500000,84000,23,2001-07-27,180,73,31.0,Serie A,1.0,48.0,Napoli,SUB,3.0,,2025-08-21,2030.0,45,Spain,,,,Left,3,2,3,,Lean (170-185),Yes,61200000.0,,Low Driven Shot,81.0,71.0,79.0,81.0,76.0,73.0,84,72,68,82,60,81,83,45,76,82,82,80,82,80,75,76,78,85,66,66,73,77,81,80,62,75,76,78,76,14,10,8,6,10,,76+3,76+3,76+3,80+0,79+0,79+0,79+0,80+0,80+3,80+3,80+3,81+3,80+3,80+3,80+3,81+3,80+3,78+3,78+3,78+3,80+3,79+3,75+3,75+3,75+3,79+3,18+3,Miguel Gutiérrez
266866,/player/266866/ederson-jose-dos-santos/260004/,26,4,2025-09-19,Éderson,Éderson José dos Santos Lourenço da Silva,CM,82,85,40000000,77000,25,1999-07-07,182,86,31.0,Serie A,1.0,39.0,Atalanta,SUB,13.0,,2022-07-06,2027.0,54,Brazil,,,,Right,3,3,3,,Normal (170-185),No,71000000.0,,"Precision Header, Incisive Pass, Long Ball Pass, Intercept, Anticipate, Aerial Fortress, Relentless",78.0,72.0,77.0,80.0,80.0,81.0,70,72,65,84,59,81,65,50,82,84,78,78,69,80,66,78,80,89,77,70,80,83,74,80,57,84,80,84,75,14,10,12,13,13,,76+3,76+3,76+3,78+0,78+0,78+0,78+0,78+0,79+3,79+3,79+3,79+3,82+3,82+3,82+3,79+3,80+3,82+3,82+3,82+3,80+3,80+3,79+3,79+3,79+3,80+3,20+3,Éderson
236015,/player/236015/morgan-gibbs-white/260004/,26,4,2025-09-19,M. Gibbs-White,Morgan Anthony Gibbs-White,"CAM, ST",82,84,38000000,105000,25,2000-01-27,179,66,13.0,Premier League,1.0,14.0,Nottingham Forest,CAM,10.0,,2022-08-19,2028.0,14,England,,,,Right,3,4,3,,Normal (170-185),Yes,75100000.0,,"Gamechanger, Incisive Pass, Inventive, Aerial Fortress, Technical, Relentless",75.0,77.0,82.0,84.0,60.0,72.0,80,77,60,84,72,83,81,72,83,85,76,75,83,82,82,79,74,80,68,75,70,60,80,84,75,84,60,60,57,7,7,14,15,11,,77+3,77+3,77+3,81+0,81+0,81+0,81+0,81+0,82+2,82+2,82+2,81+3,80+3,80+3,80+3,81+3,73+3,73+3,73+3,73+3,73+3,70+3,65+3,65+3,65+3,70+3,18+3,M. Gibbs-White
222077,/player/222077/manuel-locatelli/260004/,26,4,2025-09-19,M. Locatelli,Manuel Locatelli,"CDM, CM",84,85,43000000,150000,27,1998-01-08,185,75,31.0,Serie A,1.0,45.0,Juventus,RCM,5.0,,2023-07-01,2028.0,27,Italy,1343.0,SUB,5.0,Right,4,3,3,,Normal (185+),Yes,76300000.0,,"Long Ball Pass, Inventive, Jockey, Block, Anticipate, Aerial Fortress, Relentless",63.0,69.0,80.0,76.0,81.0,78.0,73,58,68,85,70,76,73,64,84,81,61,65,65,82,61,79,72,89,71,80,81,81,68,82,75,82,82,85,80,11,12,11,10,15,,71+3,71+3,71+3,74+0,74+0,74+0,74+0,74+0,77+3,77+3,77+3,76+3,81+3,81+3,81+3,76+3,80+3,83+2,83+2,83+2,80+3,79+3,79+3,79+3,79+3,79+3,20+3,Manuel Locatelli
233096,/player/233096/denzel-dumfries/260004/,26,4,2025-09-19,D. Dumfries,Denzel Justus Morris Dumfries,"RB, RM",84,84,37000000,51000,29,1996-04-18,188,80,31.0,Serie A,1.0,44.0,Inter,RB,2.0,,2021-08-14,2028.0,34,Netherlands,105035.0,RB,22.0,Right,3,2,3,,Normal (185+),Yes,61100000.0,,"Precision Header, Rapid, Quick Step, Long Throw",84.0,70.0,75.0,79.0,79.0,84.0,82,75,85,80,51,80,72,45,74,82,78,88,69,83,60,74,91,88,81,61,84,78,82,67,51,78,79,79,77,10,10,7,13,14,,79+3,79+3,79+3,79+0,79+0,79+0,79+0,79+0,77+3,77+3,77+3,80+3,78+3,78+3,78+3,80+3,81+3,79+3,79+3,79+3,81+3,81+3,81+3,81+3,81+3,81+3,19+3,D. Dumfries
200458,/player/200458/lucas-digne/260004/,26,4,2025-09-19,L. Digne,Lucas Digne,"LB, LM",80,80,15500000,110000,31,1993-07-20,178,74,13.0,Premier League,1.0,2.0,Aston Villa,LB,12.0,,2022-01-13,2028.0,18,France,1335.0,SUB,3.0,Left,1,3,2,,Unique,Yes,29500000.0,#Crosser,"Whipped Pass, Long Throw",69.0,68.0,79.0,76.0,77.0,74.0,86,60,73,78,68,76,83,83,73,77,70,68,72,80,78,81,77,80,69,76,76,77,73,75,60,79,77,79,78,6,12,9,6,13,,72+2,72+2,72+2,75+0,74+0,74+0,74+0,75+0,75+2,75+2,75+2,76+2,76+2,76+2,76+2,76+2,78+2,77+2,77+2,77+2,78+2,78+2,76+2,76+2,76+2,78+2,17+2,Lucas Digne
212242,/player/212242/robert-andrich/260004/,26,4,2025-09-19,R. Andrich,Robert Andrich,"CDM, CM, CB",81,81,21500000,83000,30,1994-09-22,186,85,19.0,Bundesliga,1.0,32.0,Bayer 04 Leverkusen,LCM,8.0,,2021-08-16,2028.0,21,Germany,1337.0,SUB,23.0,Right,4,2,3,,Normal (185+),Yes,36600000.0,,"Power Shot, Relentless, Bruiser",57.0,77.0,76.0,73.0,83.0,81.0,71,74,74,79,70,74,80,76,78,76,59,56,63,82,59,84,80,67,84,85,91,85,68,73,62,75,85,83,77,7,9,10,13,15,,75+3,75+3,75+3,72+0,74+0,74+0,74+0,72+0,74+3,74+3,74+3,72+3,77+3,77+3,77+3,72+3,76+3,80+1,80+1,80+1,76+3,76+3,82+-1,82+-1,82+-1,76+3,19+3,Robert Andrich
241637,/player/241637/aurelien-tchouameni/260004/,26,4,2025-09-19,A. Tchouaméni,Aurélien Djani Tchouameni,"CDM, CM, CB",84,87,50500000,200000,25,2000-01-27,187,81,53.0,La Liga,1.0,243.0,Real Madrid,LDM,14.0,,2022-07-01,2028.0,18,France,1335.0,RCM,8.0,Right,3,3,3,,Lean (185+),Yes,107300000.0,,"Precision Header, Jockey, Intercept, Anticipate, Aerial Fortress, Relentless, Bruiser",71.0,69.0,79.0,78.0,81.0,82.0,68,65,75,85,50,78,76,53,84,81,73,70,72,82,70,78,84,83,82,75,80,83,74,81,55,82,81,83,80,9,8,12,12,7,,75+3,75+3,75+3,76+0,77+0,77+0,77+0,76+0,78+3,78+3,78+3,77+3,81+3,81+3,81+3,77+3,79+3,83+3,83+3,83+3,79+3,79+3,81+3,81+3,81+3,79+3,17+3,Aurélien Tchouaméni
215441,/player/215441/serhou-guirassy/260004/,26,4,2025-09-19,S. Guirassy,Serhou Yadaly Guirassy,ST,87,87,79500000,105000,29,1996-03-12,187,82,19.0,Bundesliga,1.0,22.0,Borussia Dortmund,ST,9.0,,2024-07-18,2028.0,118,Guinea,,,,Right,4,3,4,,Normal (185+),Yes,135200000.0,#Clinical finisher,"Finesse Shot +, Chip Shot, Precision Header, Acrobatic, Low Driven Shot, First Touch",72.0,88.0,76.0,83.0,45.0,83.0,65,90,88,83,87,83,76,67,72,86,74,71,76,86,77,91,90,84,85,82,76,33,90,79,83,88,42,44,36,11,8,12,12,8,,86+1,86+1,86+1,82+0,84+0,84+0,84+0,82+0,83+3,83+3,83+3,81+3,78+3,78+3,78+3,81+3,63+3,64+3,64+3,64+3,63+3,61+3,60+3,60+3,60+3,61+3,18+3,S. Guirassy
220502,/player/220502/mattia-zaccagni/260004/,26,4,2025-09-19,M. Zaccagni,Mattia Zaccagni,"LM, LW",84,84,40500000,58000,30,1995-06-16,177,63,31.0,Serie A,1.0,46.0,Lazio,LW,10.0,,2021-09-01,2029.0,27,Italy,1343.0,LM,20.0,Right,4,4,3,,Normal (170-185),Yes,68900000.0,"#Dribbler, #Acrobat","Finesse Shot, Dead Ball, Gamechanger, Incisive Pass, Inventive, Intercept, Technical",88.0,78.0,77.0,87.0,57.0,66.0,75,79,66,80,74,88,70,71,77,87,90,87,92,83,83,78,77,81,59,76,61,58,80,79,72,83,55,58,52,13,16,14,8,7,,79+3,79+3,79+3,83+0,83+0,83+0,83+0,83+0,83+1,83+1,83+1,83+1,79+3,79+3,79+3,83+1,72+3,69+3,69+3,69+3,72+3,70+3,63+3,63+3,63+3,70+3,19+3,Mattia Zaccagni
208461,/player/208461/marten-de-roon/260004/,26,4,2025-09-19,M. de Roon,Marten Elco de Roon,"CM, CDM",81,81,12000000,78000,34,1991-03-29,186,76,31.0,Serie A,1.0,39.0,Atalanta,RCM,15.0,,2017-08-10,2026.0,34,Netherlands,,,,Right,3,3,3,,Normal (185+),Yes,20400000.0,,"Long Ball Pass, Intercept, Aerial Fortress, Relentless",61.0,74.0,77.0,76.0,83.0,80.0,70,70,75,85,65,77,61,54,84,81,53,67,59,78,69,79,74,90,73,78,86,83,70,74,80,83,82,88,79,14,15,7,12,12,,74+3,74+3,74+3,73+0,75+0,75+0,75+0,73+0,76+3,76+3,76+3,75+3,81+0,81+0,81+0,75+3,79+2,83+-2,83+-2,83+-2,79+2,79+2,81+0,81+0,81+0,79+2,20+3,M. de Roon
235944,/player/235944/brais-mendez-portela/260004/,26,4,2025-09-19,Brais Méndez,Brais Méndez Portela,"CM, RM, CAM",81,81,25500000,51000,28,1997-01-07,187,76,53.0,La Liga,1.0,457.0,Real Sociedad,CAM,23.0,,2022-07-06,2028.0,45,Spain,,,,Left,3,4,3,,Lean (185+),Yes,53600000.0,,"Finesse Shot, Dead Ball, Tiki Taka, Technical",70.0,80.0,82.0,81.0,65.0,73.0,79,82,71,84,69,83,77,78,82,84,72,69,75,82,56,81,80,71,73,80,74,62,81,84,76,80,63,69,61,10,5,10,12,8,,79+2,79+2,79+2,81+0,81+0,81+0,81+0,81+0,82+-1,82+-1,82+-1,80+1,81+0,81+0,81+0,80+1,73+3,74+3,74+3,74+3,73+3,71+3,70+3,70+3,70+3,71+3,17+3,Brais Méndez
223697,/player/223697/robin-gosens/260004/,26,4,2025-09-19,R. Gosens,Robin Everardus Gosens,"LB, LM",80,80,18000000,56000,30,1994-07-05,183,76,31.0,Serie A,1.0,110374.0,Fiorentina,LM,21.0,,2025-07-01,2028.0,21,Germany,,,,Left,3,3,3,,Normal (170-185),Yes,30600000.0,,,72.0,74.0,73.0,76.0,77.0,77.0,76,78,82,77,69,76,69,58,75,78,76,69,71,79,67,76,87,86,71,68,80,77,80,67,55,77,74,78,80,7,16,15,16,10,,77+3,77+3,77+3,76+0,76+0,76+0,76+0,76+0,75+3,75+3,75+3,76+3,76+3,76+3,76+3,76+3,78+2,77+3,77+3,77+3,78+2,78+2,77+3,77+3,77+3,78+2,20+3,R. Gosens
226271,/player/226271/fabian-ruiz-pena/260004/,26,4,2025-09-19,Fabián Ruiz,Fabián Ruiz Peña,"CM, CDM",85,85,52500000,130000,29,1996-04-03,189,70,16.0,Ligue 1,1.0,73.0,Paris Saint-Germain,LCM,8.0,,2022-08-31,2027.0,45,Spain,1362.0,LCM,8.0,Left,3,3,3,,Lean (185+),Yes,97100000.0,,"Finesse Shot, Long Ball Pass, Tiki Taka, First Touch",61.0,77.0,80.0,81.0,75.0,72.0,72,76,68,85,67,82,75,61,83,86,61,61,66,85,67,78,70,84,67,82,68,79,84,84,67,82,71,79,75,16,11,7,13,13,,77+3,77+3,77+3,79+0,80+0,80+0,80+0,79+0,81+3,81+3,81+3,79+3,84+1,84+1,84+1,79+3,78+3,80+3,80+3,80+3,78+3,76+3,75+3,75+3,75+3,76+3,21+3,Fabián Ruiz
220697,/player/220697/james-maddison/260004/,26,4,2025-09-19,J. Maddison,James Daniel Maddison,"CM, CAM",84,84,42000000,145000,28,1996-11-23,175,73,13.0,Premier League,1.0,18.0,Tottenham Hotspur,RES,10.0,,2023-06-28,2028.0,14,England,,,,Right,4,4,3,,Lean (170-185),Yes,79800000.0,"#Dribbler, #Playmaker , #FK Specialist, #Complete midfielder","Finesse Shot, Dead Ball, Gamechanger, Incisive Pass, Whipped Pass, Inventive",67.0,81.0,86.0,85.0,58.0,64.0,84,80,35,86,77,86,86,87,86,87,70,65,82,80,82,83,56,78,56,82,70,58,83,87,77,87,61,68,45,11,14,14,12,14,,75+3,75+3,75+3,82+0,81+0,81+0,81+0,82+0,84+0,84+0,84+0,82+2,83+1,83+1,83+1,82+2,72+3,73+3,73+3,73+3,72+3,67+3,61+3,61+3,61+3,67+3,20+3,J. Maddison
190765,/player/190765/pascal-gross/260004/,26,4,2025-09-19,P. Groß,Pascal Groß,"CDM, CM",80,80,7000000,52000,34,1991-06-15,181,78,19.0,Bundesliga,1.0,22.0,Borussia Dortmund,RCM,13.0,,2024-08-01,2026.0,21,Germany,1337.0,LCM,5.0,Right,4,3,3,,Lean (170-185),Yes,11900000.0,#Crosser,"Dead Ball, Incisive Pass, Long Ball Pass, Whipped Pass",48.0,75.0,84.0,79.0,72.0,76.0,86,72,57,84,70,78,85,78,84,83,46,50,68,85,71,80,64,83,73,75,78,70,81,84,73,84,77,73,69,8,15,15,16,11,,74+3,74+3,74+3,76+0,77+0,77+0,77+0,76+0,79+1,79+1,79+1,78+2,81+-1,81+-1,81+-1,78+2,76+3,79+1,79+1,79+1,76+3,73+3,72+3,72+3,72+3,73+3,21+3,Pascal Groß
209889,/player/209889/raphael-guerreiro/260004/,26,4,2025-09-19,R. Guerreiro,Raphaël Adelino José Guerreiro,"LB, CM, RB, LM",80,80,15500000,65000,31,1993-12-22,170,71,19.0,Bundesliga,1.0,21.0,FC Bayern München,SUB,22.0,,2023-07-01,2026.0,38,Portugal,,,,Left,2,4,3,,Normal (170-),Yes,25600000.0,"#Dribbler, #Playmaker , #Acrobat, #Complete midfielder","Inventive +, Tiki Taka, Intercept, Technical, First Touch",69.0,78.0,85.0,88.0,74.0,54.0,85,78,42,88,79,87,85,78,77,89,76,63,90,84,90,79,49,72,49,83,44,84,79,86,54,85,75,76,76,12,6,8,11,8,,75+3,75+3,75+3,83+-3,82+-2,82+-2,82+-2,83+-3,84+-4,84+-4,84+-4,82+-2,83+-3,83+-3,83+-3,82+-2,80+0,78+2,78+2,78+2,80+0,77+3,69+3,69+3,69+3,77+3,17+3,R. Guerreiro
225375,/player/225375/konrad-laimer/260004/,26,4,2025-09-19,K. Laimer,Konrad Laimer,"RB, CDM, CM, RM",82,82,27500000,75000,28,1997-05-27,180,72,19.0,Bundesliga,1.0,21.0,FC Bayern München,RB,27.0,,2023-07-01,2027.0,4,Austria,,,,Right,3,3,3,,Lean (170-185),Yes,45400000.0,,"Block, Relentless, Bruiser",82.0,69.0,76.0,75.0,81.0,76.0,76,69,67,81,60,74,70,47,78,75,82,82,76,84,77,74,78,79,69,68,88,80,73,76,54,79,86,81,79,9,12,12,13,12,,74+3,74+3,74+3,76+0,76+0,76+0,76+0,76+0,76+3,76+3,76+3,77+3,77+3,77+3,77+3,77+3,80+2,80+2,80+2,80+2,80+2,80+2,79+3,79+3,79+3,80+2,20+3,Konrad Laimer
260247,/player/260247/morgan-rogers/260004/,26,4,2025-09-19,M. Rogers,Morgan Elliot Rogers,"CAM, RM, LM, CM",82,86,44500000,110000,22,2002-07-26,188,80,13.0,Premier League,1.0,2.0,Aston Villa,LM,27.0,,2024-02-01,2030.0,14,England,1318.0,SUB,16.0,Right,4,4,3,,Normal (185+),No,87900000.0,,"Incisive Pass, Technical, Enforcer",77.0,77.0,79.0,84.0,67.0,79.0,75,80,64,82,74,86,76,55,78,84,74,79,80,82,74,76,79,83,80,75,70,68,81,83,60,85,68,72,49,7,8,13,11,14,,79+3,79+3,79+3,81+0,81+0,81+0,81+0,81+0,82+3,82+3,82+3,81+3,81+3,81+3,81+3,81+3,74+3,75+3,75+3,75+3,74+3,72+3,70+3,70+3,70+3,72+3,18+3,M. Rogers
208418,/player/208418/yannick-carrasco/260004/,26,4,2025-09-19,Y. Carrasco,Yannick Ferreira Carrasco,"LW, LM",81,81,21500000,46000,31,1993-09-04,181,73,350.0,Pro League,1.0,111674.0,Al Shabab,LM,10.0,,2023-09-04,2026.0,7,Belgium,,,,Right,4,4,3,,Lean (170-185),Yes,36600000.0,,"Gamechanger, Whipped Pass, Technical",87.0,80.0,77.0,85.0,58.0,67.0,79,77,56,77,73,88,86,80,72,83,86,87,87,76,70,84,74,76,63,83,65,57,77,77,79,82,54,63,61,9,11,9,10,10,,77+3,77+3,77+3,81+0,80+0,80+0,80+0,81+0,80+1,80+1,80+1,80+1,76+3,76+3,76+3,80+1,72+3,68+3,68+3,68+3,72+3,70+3,63+3,63+3,63+3,70+3,17+3,Y. Carrasco
271421,/player/271421/desire-doue/260004/,26,4,2025-09-19,D. Doué,Désiré Doué,"RW, LW, CM, RM",85,91,83500000,100000,20,2005-06-03,181,79,16.0,Ligue 1,1.0,73.0,Paris Saint-Germain,RW,14.0,,2024-08-17,2029.0,18,France,1335.0,LW,24.0,Right,4,5,3,,Normal (170-185),Yes,171200000.0,"#Dribbler, #Acrobat","Trickster +, Gamechanger, Inventive, First Touch, Press Proven, Quick Step",83.0,80.0,77.0,90.0,55.0,74.0,74,78,46,81,68,91,82,68,74,89,85,82,88,85,87,86,75,80,77,83,61,59,81,78,71,89,52,60,52,9,12,7,5,13,,79+3,79+3,79+3,84+0,83+0,83+0,83+0,84+0,83+3,83+3,83+3,83+3,80+3,80+3,80+3,83+3,72+3,70+3,70+3,70+3,72+3,69+3,63+3,63+3,63+3,69+3,18+3,Désiré Doué
228093,/player/228093/marcus-thuram/260004/,26,4,2025-09-19,M. Thuram,Marcus Lilian Thuram-Ulien,ST,85,85,58500000,61000,27,1997-08-06,192,80,31.0,Serie A,1.0,44.0,Inter,RS,9.0,,2023-07-01,2028.0,18,France,1335.0,SUB,9.0,Right,4,3,3,,Normal (185+),Yes,96500000.0,,"Precision Header, Aerial Fortress, Rapid",86.0,83.0,76.0,82.0,50.0,80.0,76,85,84,80,81,85,73,58,70,81,84,88,78,84,61,84,91,83,79,79,75,50,86,78,70,78,44,48,42,11,13,14,9,15,,84+1,84+1,84+1,82+0,83+0,83+0,83+0,82+0,82+3,82+3,82+3,82+3,77+3,77+3,77+3,82+3,68+3,66+3,66+3,66+3,68+3,66+3,63+3,63+3,63+3,66+3,20+3,M. Thuram
236703,/player/236703/david-raum/260004/,26,4,2025-09-19,D. Raum,David Raum,"LB, LM",82,83,32000000,65000,27,1998-04-22,181,83,19.0,Bundesliga,1.0,112172.0,RB Leipzig,LB,22.0,,2022-07-31,2027.0,21,Germany,1337.0,LM,22.0,Left,2,3,3,,Normal (170-185),Yes,56800000.0,#Crosser,"Dead Ball, Whipped Pass, Rapid",86.0,61.0,80.0,79.0,74.0,78.0,88,59,62,78,55,79,85,70,77,79,86,86,77,78,77,64,81,89,75,66,72,74,71,79,49,78,74,76,81,11,8,14,12,6,,71+3,71+3,71+3,77+0,75+0,75+0,75+0,77+0,76+3,76+3,76+3,79+3,77+3,77+3,77+3,79+3,81+2,77+3,77+3,77+3,81+2,80+3,75+3,75+3,75+3,80+3,17+3,David Raum
241651,/player/241651/viktor-gyokeres/260004/,26,4,2025-09-19,V. Gyökeres,Viktor Einar Gyökeres,ST,87,88,93000000,240000,27,1998-06-04,189,94,13.0,Premier League,1.0,1.0,Arsenal,ST,14.0,,2025-07-26,2030.0,46,Sweden,1363.0,LS,17.0,Right,4,3,4,,Stocky (185+),Yes,179000000.0,"#Speedster, #Strength, #Clinical finisher, #Complete forward","Enforcer +, Finesse Shot, Power Shot, Acrobatic, Low Driven Shot, Press Proven, Quick Step",90.0,86.0,73.0,81.0,36.0,91.0,72,88,81,78,77,80,72,71,58,83,88,92,82,87,72,88,95,93,91,80,87,28,88,79,88,85,34,34,16,10,13,11,14,8,,86+2,86+2,86+2,83+0,84+0,84+0,84+0,83+0,82+3,82+3,82+3,82+3,74+3,74+3,74+3,82+3,62+3,60+3,60+3,60+3,62+3,58+3,55+3,55+3,55+3,58+3,20+3,V. Gyökeres
259913,/player/259913/georgiy-sudakov/260004/,26,4,2025-09-19,G. Sudakov,Georgiy SudakovСудаков Георгій Вікторович,"CAM, CM, CDM",80,87,43000000,25000,22,2002-09-01,177,68,308.0,Primeira Liga,1.0,234.0,SL Benfica,SUB,10.0,Shakhtar Donetsk,,2026.0,49,Ukraine,1366.0,LCM,8.0,Right,4,3,1,,Normal (170-185),No,,,"Incisive Pass, First Touch, Quick Step",81.0,77.0,78.0,81.0,60.0,72.0,75,76,68,79,69,83,77,68,80,81,82,80,80,78,77,79,79,80,68,80,68,58,80,81,78,73,61,58,57,13,9,13,12,9,,77+2,77+2,77+2,80+0,80+0,80+0,80+0,80+0,80+2,80+2,80+2,80+2,78+2,78+2,78+2,80+2,71+2,70+2,70+2,70+2,71+2,69+2,65+2,65+2,65+2,69+2,18+2,G. Sudakov
212523,/player/212523/anderson-souza-conceicao/260004/,26,4,2025-09-19,Anderson Talisca,Anderson Souza Conceição,"CAM, ST, RW, CM",81,81,21500000,66000,31,1994-02-01,191,75,68.0,Süper Lig,1.0,326.0,Fenerbahçe SK,CAM,94.0,,2025-01-27,2026.0,54,Brazil,,,,Left,4,4,3,,Lean (185+),Yes,40900000.0,"#Distance shooter, #FK Specialist","Gamechanger +, Finesse Shot, Precision Header, Acrobatic",76.0,86.0,80.0,81.0,45.0,74.0,78,85,80,80,84,82,89,88,79,85,78,75,79,78,58,88,80,73,75,88,72,41,82,77,80,77,38,45,38,13,11,13,12,10,,82+-1,82+-1,82+-1,81+0,82+-1,82+-1,82+-1,81+0,81+0,81+0,81+0,80+1,77+3,77+3,77+3,80+1,64+3,64+3,64+3,64+3,64+3,61+3,58+3,58+3,58+3,61+3,19+3,Anderson Talisca
272500,/player/272500/carlos-baleba/260004/,26,4,2025-09-19,C. Baleba,Carlos Noom Quomah Baleba,"CDM, CM",81,87,38000000,70000,21,2004-01-03,183,77,13.0,Premier League,1.0,1808.0,Brighton & Hove Albion,RDM,17.0,,2023-08-29,2028.0,103,Cameroon,,,,Left,3,3,3,,Normal (170-185),Yes,79800000.0,,"Power Shot, Aerial Fortress, Technical",74.0,70.0,75.0,80.0,79.0,79.0,65,63,67,81,67,82,75,50,80,80,75,74,75,80,77,85,80,81,79,75,78,83,67,76,50,80,76,82,79,11,6,8,14,13,,74+3,74+3,74+3,75+0,76+0,76+0,76+0,75+0,77+3,77+3,77+3,76+3,79+3,79+3,79+3,76+3,78+3,80+3,80+3,80+3,78+3,78+3,78+3,78+3,78+3,78+3,18+3,C. Baleba
245367,/player/245367/xavi-simons/260004/,26,4,2025-09-19,X. Simons,Xavier Quentin Shay Simons,"CAM, LM, ST",84,87,58500000,125000,22,2003-04-21,179,58,13.0,Premier League,1.0,18.0,Tottenham Hotspur,SUB,7.0,,2025-08-29,2030.0,34,Netherlands,105035.0,SUB,7.0,Right,3,4,3,,Lean (170-185),Yes,115500000.0,"#Dribbler, #Acrobat","Finesse Shot, Incisive Pass, Tiki Taka, Inventive, Technical, First Touch",77.0,77.0,80.0,87.0,61.0,70.0,74,79,60,84,62,87,82,65,79,86,83,72,90,85,87,78,68,82,62,81,76,65,79,85,61,81,60,62,56,9,11,5,8,10,,78+3,78+3,78+3,82+0,82+0,82+0,82+0,82+0,84+3,84+3,84+3,82+3,81+3,81+3,81+3,82+3,73+3,74+3,74+3,74+3,73+3,71+3,66+3,66+3,66+3,71+3,18+3,X. Simons
199503,/player/199503/granit-xhaka/260004/,26,4,2025-09-19,G. Xhaka,Granit Xhaka,"CDM, CM",85,85,36000000,105000,32,1992-09-27,186,80,13.0,Premier League,1.0,106.0,Sunderland,CDM,34.0,,2025-07-30,2028.0,47,Switzerland,,,,Left,3,3,3,,Normal (185+),Yes,68400000.0,,"Long Ball Pass +, Finesse Shot, Power Shot, Incisive Pass, Aerial Fortress, Bruiser",47.0,75.0,85.0,74.0,78.0,82.0,77,67,72,89,55,73,80,78,90,82,40,53,51,86,61,89,70,84,78,84,90,77,76,85,65,84,80,79,75,7,8,11,7,13,,74+3,74+3,74+3,74+0,76+0,76+0,76+0,74+0,78+3,78+3,78+3,76+3,83+2,83+2,83+2,76+3,77+3,83+2,83+2,83+2,77+3,76+3,79+3,79+3,79+3,76+3,17+3,Granit Xhaka
211110,/player/211110/paulo-dybala/260004/,26,4,2025-09-19,P. Dybala,Paulo Bruno Exequiel Dybala,"CAM, ST",86,86,56500000,105000,31,1993-11-15,177,75,31.0,Serie A,1.0,52.0,Roma,RAM,21.0,,2022-07-20,2026.0,52,Argentina,1369.0,SUB,21.0,Left,3,5,4,,Unique,Yes,96100000.0,"#Dribbler, #FK Specialist, #Acrobat","Gamechanger +, Finesse Shot, Dead Ball, Incisive Pass, Inventive, Technical, First Touch",80.0,85.0,84.0,87.0,41.0,64.0,82,85,65,84,92,87,89,87,79,88,84,76,88,86,87,84,76,76,63,86,48,42,83,88,88,89,32,42,39,5,4,4,5,8,,82+3,82+3,82+3,85+0,85+0,85+0,85+0,85+0,85+1,85+1,85+1,84+2,80+3,80+3,80+3,84+2,66+3,63+3,63+3,63+3,66+3,62+3,53+3,53+3,53+3,62+3,14+3,P. Dybala
227796,/player/227796/christian-pulisic/260004/,26,4,2025-09-19,C. Pulisic,Christian Mate Pulišić,"RW, RM, CAM",84,84,46000000,79000,26,1998-09-18,178,73,31.0,Serie A,1.0,47.0,AC Milan,RAM,11.0,,2023-07-13,2027.0,95,United States,1387.0,CAM,10.0,Right,5,4,3,,Lean (170-185),Yes,78200000.0,"#Dribbler, #Acrobat","Dead Ball, Low Driven Shot, Incisive Pass, Quick Step",88.0,82.0,80.0,86.0,46.0,65.0,80,85,50,81,76,86,84,75,75,86,90,86,88,85,81,81,70,76,57,80,70,40,84,80,80,83,50,42,50,8,12,13,16,14,,79+3,79+3,79+3,84+0,84+0,84+0,84+0,84+0,84+0,84+0,84+0,83+1,77+3,77+3,77+3,83+1,68+3,65+3,65+3,65+3,68+3,65+3,56+3,56+3,56+3,65+3,21+3,Christian Pulisic
208722,/player/208722/sadio-mane/260004/,26,4,2025-09-19,S. Mané,Sadio Mané,"LM, RM, ST, LW",83,83,22500000,64000,33,1992-04-10,174,69,350.0,Pro League,1.0,112139.0,Al Nassr,LM,10.0,,2023-08-01,2026.0,136,Senegal,,,,Right,4,4,3,,Unique,Yes,36000000.0,#Acrobat,"Low Driven Shot, Gamechanger, Aerial Fortress, Rapid",82.0,81.0,78.0,85.0,44.0,75.0,77,81,78,81,75,84,77,69,71,85,81,83,86,84,89,85,86,80,72,77,75,35,83,82,75,83,42,42,38,10,10,15,7,14,,82+1,82+1,82+1,82+0,83+0,83+0,83+0,82+0,82+1,82+1,82+1,82+1,76+3,76+3,76+3,82+1,65+3,63+3,63+3,63+3,65+3,62+3,58+3,58+3,58+3,62+3,19+3,Sadio Mané
216201,/player/216201/inaki-williams-arthuer/260004/,26,4,2025-09-19,Iñaki Williams,Iñaki Williams Arthuer,"RM, ST, RW",83,83,30000000,64000,31,1994-06-15,186,80,53.0,La Liga,1.0,448.0,Athletic Club,RM,9.0,,2012-08-01,2028.0,117,Ghana,111462.0,RM,19.0,Right,3,4,3,,Lean (185+),Yes,63000000.0,#Speedster,"Finesse Shot, Power Shot, Low Driven Shot, Rapid, Quick Step",94.0,81.0,74.0,80.0,45.0,84.0,78,82,80,76,79,83,80,58,65,80,93,94,78,83,62,86,95,88,84,76,76,30,85,76,68,78,42,48,38,14,15,14,10,13,,83+0,83+0,83+0,82+0,82+0,82+0,82+0,82+0,80+3,80+3,80+3,82+1,74+3,74+3,74+3,82+1,66+3,62+3,62+3,62+3,66+3,64+3,59+3,59+3,59+3,64+3,21+3,Iñaki Williams
239093,/player/239093/jonathan-clauss/260004/,26,4,2025-09-19,J. Clauss,Jonathan Clauss,"RB, RM",80,80,14500000,34000,32,1992-09-25,178,69,16.0,Ligue 1,1.0,72.0,OGC Nice,RM,92.0,,2024-07-25,2026.0,18,France,1335.0,RES,19.0,Right,3,3,2,,Lean (170-185),Yes,27600000.0,,"Dead Ball, Whipped Pass, Intercept, Anticipate, Relentless, Long Throw",85.0,69.0,76.0,78.0,73.0,69.0,84,68,62,76,56,76,77,76,67,79,81,88,83,82,77,77,75,82,63,68,67,74,75,75,52,77,72,76,74,15,14,15,8,15,,73+2,73+2,73+2,78+0,76+0,76+0,76+0,78+0,76+2,76+2,76+2,78+2,75+2,75+2,75+2,78+2,78+2,74+2,74+2,74+2,78+2,78+2,72+2,72+2,72+2,78+2,21+2,Jonathan Clauss
260908,/player/260908/milos-kerkez/260004/,26,4,2025-09-19,M. Kerkez,Milos KerkezМилош Керкез,"LB, LM",82,86,41500000,81000,21,2003-11-07,180,71,13.0,Premier League,1.0,9.0,Liverpool,LB,6.0,,2023-07-20,2030.0,23,Hungary,1886.0,LB,11.0,Left,3,3,3,,Normal (170-185),Yes,79900000.0,,"Whipped Pass, Slide Tackle, Rapid",87.0,59.0,75.0,78.0,77.0,80.0,81,53,60,77,53,77,77,52,68,77,88,87,83,78,84,80,74,90,75,53,83,78,76,76,50,76,78,80,83,8,13,10,13,13,,71+3,71+3,71+3,75+0,74+0,74+0,74+0,75+0,75+3,75+3,75+3,77+3,75+3,75+3,75+3,77+3,81+3,78+3,78+3,78+3,81+3,80+3,77+3,77+3,77+3,80+3,19+3,M. Kerkez
259694,/player/259694/oscar-mingueza-garcia/260004/,26,4,2025-09-19,Mingueza,Óscar Mingueza García,"RB, RM, LM",80,83,25500000,34000,26,1999-05-13,184,75,53.0,La Liga,1.0,450.0,RC Celta,RM,3.0,,2022-07-30,2026.0,45,Spain,1362.0,RES,24.0,Right,3,2,1,,Lean (170-185),Yes,55500000.0,,"Long Ball Pass, Long Throw, Bruiser",80.0,66.0,77.0,77.0,76.0,76.0,79,62,75,79,53,77,78,70,76,79,78,82,75,80,62,73,84,82,73,70,75,77,75,76,55,77,76,76,75,9,10,15,8,13,,73+2,73+2,73+2,76+0,76+0,76+0,76+0,76+0,76+2,76+2,76+2,77+2,77+2,77+2,77+2,77+2,78+2,77+2,77+2,77+2,78+2,78+2,76+2,76+2,76+2,78+2,18+2,Mingueza
200104,/player/200104/heung-min-son/260004/,26,4,2025-09-19,H. Son,Heung-min Son손흥민 孙兴慜,"LW, ST, LM",85,85,43000000,21000,32,1992-07-08,183,78,39.0,Major League Soccer,1.0,112996.0,Los Angeles FC,ST,7.0,,2025-08-06,2027.0,167,Korea Republic,,,,Right,5,4,3,,Unique,Yes,64500000.0,,"Finesse Shot +, Low Driven Shot, Gamechanger, Whipped Pass, First Touch",84.0,84.0,81.0,83.0,42.0,73.0,81,84,72,83,83,84,87,74,72,85,85,83,79,85,74,88,82,87,69,81,62,39,85,83,75,86,45,34,33,11,13,13,6,10,,83+2,83+2,83+2,84+0,84+0,84+0,84+0,84+0,83+2,83+2,83+2,83+2,78+3,78+3,78+3,83+2,66+3,63+3,63+3,63+3,66+3,62+3,55+3,55+3,55+3,62+3,18+3,H. Son
215914,/player/215914/ngolo-kante/260004/,26,4,2025-09-19,N. Kanté,N'Golo Kanté,"CDM, CM",85,85,18500000,74000,34,1991-03-29,168,70,350.0,Pro League,1.0,607.0,Al Ittihad,RDM,7.0,,2023-07-01,2026.0,18,France,,,,Right,3,2,3,,Unique,Yes,29600000.0,"#Tackling , #Tactician ","Intercept +, Press Proven, Relentless",77.0,65.0,73.0,80.0,85.0,79.0,68,64,54,79,56,78,49,49,77,80,80,74,78,85,93,71,74,89,72,65,85,88,72,75,54,82,88,90,85,15,12,10,7,10,,71+3,71+3,71+3,75+0,75+0,75+0,75+0,75+0,76+3,76+3,76+3,77+3,79+3,79+3,79+3,77+3,82+3,83+2,83+2,83+2,82+3,82+3,81+3,81+3,81+3,82+3,19+3,NGolo Kanté
189513,/player/189513/daniel-parejo-munoz/260004/,26,4,2025-09-19,Parejo,Daniel Parejo Muñoz,"CM, CDM",82,82,9500000,41000,36,1989-04-16,182,74,53.0,La Liga,1.0,483.0,Villarreal CF,LCM,10.0,,2020-08-12,2026.0,45,Spain,,,,Right,4,3,3,,Normal (170-185),Yes,20000000.0,"#Playmaker , #Crosser, #FK Specialist, #Complete midfielder","Dead Ball +, Pinged Pass, Long Ball Pass, Aerial Fortress, Press Proven",39.0,80.0,87.0,78.0,74.0,67.0,86,78,63,87,72,77,88,90,85,85,40,38,58,75,74,80,61,68,67,85,65,79,77,90,86,85,76,74,73,5,9,12,14,8,,73+3,73+3,73+3,75+0,76+0,76+0,76+0,75+0,79+3,79+3,79+3,76+3,82+0,82+0,82+0,76+3,74+3,78+3,78+3,78+3,74+3,72+3,72+3,72+3,72+3,72+3,16+3,Parejo
241084,/player/241084/luis-diaz/260004/,26,4,2025-09-19,L. Díaz,Luis Fernando Díaz Marulanda,"LM, LW, ST",85,85,54500000,100000,28,1997-01-13,180,73,19.0,Bundesliga,1.0,21.0,FC Bayern München,LM,14.0,,2025-07-30,2029.0,56,Colombia,,,,Right,4,4,3,,Unique,Yes,89900000.0,"#Dribbler, #Acrobat","Low Driven Shot, Inventive, Technical, Quick Step",88.0,81.0,76.0,87.0,45.0,75.0,76,83,71,77,81,89,77,58,72,87,88,88,88,83,79,85,83,87,69,75,75,38,84,79,63,82,41,47,38,10,13,13,14,14,,82+3,82+3,82+3,84+0,84+0,84+0,84+0,84+0,83+2,83+2,83+2,83+2,77+3,77+3,77+3,83+2,67+3,64+3,64+3,64+3,67+3,64+3,57+3,57+3,57+3,64+3,20+3,L. Díaz
225309,/player/225309/nadiem-amiri/260004/,26,4,2025-09-19,N. Amiri,Nadiem Amiri,"CM, CAM",81,81,25500000,40000,28,1996-10-27,180,76,19.0,Bundesliga,1.0,169.0,1. FSV Mainz 05,LCM,10.0,,2024-01-31,2028.0,21,Germany,1337.0,SUB,10.0,Right,3,4,2,,Normal (170-185),Yes,43400000.0,,"Finesse Shot, Dead Ball, Gamechanger, Pinged Pass, Technical",65.0,79.0,82.0,82.0,62.0,72.0,79,77,42,82,70,83,81,79,80,82,76,56,83,83,80,83,65,78,68,84,74,69,82,85,67,81,67,65,44,12,12,14,12,10,,75+2,75+2,75+2,80+0,80+0,80+0,80+0,80+0,81+0,81+0,81+0,80+1,81+0,81+0,81+0,80+1,71+2,74+2,74+2,74+2,71+2,68+2,65+2,65+2,65+2,68+2,19+2,Nadiem Amiri
207410,/player/207410/mateo-kovacic/260004/,26,4,2025-09-19,M. Kovačić,Mateo Kovačić,"CM, CDM, CAM",83,83,30000000,150000,31,1994-05-06,178,77,13.0,Premier League,1.0,10.0,Manchester City,RES,8.0,,2023-06-27,2027.0,10,Croatia,1328.0,RCM,8.0,Right,4,3,3,,Normal (170-185),Yes,55500000.0,,"Incisive Pass, Press Proven",67.0,74.0,81.0,83.0,73.0,72.0,73,68,42,86,76,84,78,70,84,85,70,64,76,84,75,81,62,77,68,85,77,77,76,82,59,84,75,77,79,9,5,6,7,7,,73+3,73+3,73+3,79+0,79+0,79+0,79+0,79+0,81+2,81+2,81+2,79+3,82+1,82+1,82+1,79+3,78+3,80+3,80+3,80+3,78+3,76+3,73+3,73+3,73+3,76+3,15+3,Mateo Kovačić
237692,/player/237692/phil-foden/260004/,26,4,2025-09-19,P. Foden,Philip Walter Foden,"RW, CM, LW, RM",85,88,71500000,180000,25,2000-05-28,171,70,13.0,Premier League,1.0,10.0,Manchester City,SUB,47.0,,2016-12-06,2027.0,14,England,1318.0,RW,7.0,Left,3,4,3,,Unique,Yes,137600000.0,"#Dribbler, #Acrobat","Low Driven Shot, Gamechanger, Inventive, Technical, First Touch",81.0,81.0,82.0,89.0,57.0,57.0,80,82,47,82,59,89,88,74,81,89,83,79,92,82,92,89,59,83,41,81,64,59,83,83,64,85,60,59,47,8,15,6,10,13,,78+3,78+3,78+3,84+0,84+0,84+0,84+0,84+0,84+3,84+3,84+3,84+3,81+3,81+3,81+3,84+3,73+3,70+3,70+3,70+3,73+3,69+3,59+3,59+3,59+3,69+3,19+3,P. Foden
186942,/player/186942/ilkay-gundogan/260004/,26,4,2025-09-19,İ. Gündoğan,İlkay Gündoğan,"CM, CDM, CAM",83,83,16500000,77000,34,1990-10-24,180,80,68.0,Süper Lig,1.0,325.0,Galatasaray SK,SUB,20.0,,2025-09-02,2027.0,21,Germany,,,,Right,4,3,3,,Normal (170-185),Yes,31400000.0,,"Tiki Taka, First Touch, Press Proven",54.0,79.0,83.0,80.0,74.0,67.0,77,79,50,85,75,81,84,80,85,84,54,54,65,84,74,81,60,67,66,79,70,78,78,83,79,84,77,78,67,11,14,5,5,13,,75+3,75+3,75+3,77+0,78+0,78+0,78+0,77+0,80+3,80+3,80+3,77+3,82+1,82+1,82+1,77+3,75+3,79+3,79+3,79+3,75+3,73+3,72+3,72+3,72+3,73+3,19+3,İlkay Gündoğan
270673,/player/270673/warren-zaire-emery/260004/,26,4,2025-09-19,W. Zaïre-Emery,Warren Zaïre-Emery,"CM, CDM, CAM",80,87,41000000,58000,19,2006-03-08,178,68,16.0,Ligue 1,1.0,73.0,Paris Saint-Germain,SUB,33.0,,2022-07-15,2029.0,18,France,1335.0,RES,18.0,Right,4,3,1,,Normal (170-185),Yes,84100000.0,,"Tiki Taka, First Touch, Press Proven, Quick Step, Relentless",79.0,68.0,76.0,79.0,75.0,79.0,68,66,66,82,49,78,66,53,81,81,80,78,74,79,84,76,80,88,75,69,76,79,76,79,59,78,71,80,73,14,11,7,8,15,,74+2,74+2,74+2,76+0,77+0,77+0,77+0,76+0,78+2,78+2,78+2,78+2,80+2,80+2,80+2,78+2,78+2,79+2,79+2,79+2,78+2,77+2,76+2,76+2,76+2,77+2,19+2,Warren Zaïre-Emery
210602,/player/210602/salem-al-dawsari/260004/,26,4,2025-09-19,S. Al Dawsari,Salem Al Dawsariسالم الدوسري,"LM, LW",82,82,19000000,59000,33,1991-08-19,173,71,350.0,Pro League,1.0,605.0,Al Hilal,LM,29.0,,2011-07-01,2027.0,183,Saudi Arabia,,,,Right,5,4,3,,Normal (170-185),Yes,30400000.0,#Dribbler,"Finesse Shot, Acrobatic, Whipped Pass, Inventive, Technical, First Touch, Relentless",87.0,75.0,75.0,84.0,57.0,81.0,71,75,51,79,79,86,68,60,72,82,88,87,85,81,89,77,71,90,77,75,81,50,79,78,62,83,65,57,49,7,12,13,14,10,,77+3,77+3,77+3,81+0,80+0,80+0,80+0,81+0,80+2,80+2,80+2,81+1,77+3,77+3,77+3,81+1,71+3,70+3,70+3,70+3,71+3,68+3,64+3,64+3,64+3,68+3,19+3,S. Al Dawsari
258775,/player/258775/luka-sucic/260004/,26,4,2025-09-19,L. Sučić,Luka Sučić,"CM, CAM",78,86,31500000,34000,22,2002-09-08,185,71,53.0,La Liga,1.0,457.0,Real Sociedad,SUB,24.0,,2024-08-02,2028.0,10,Croatia,1328.0,SUB,26.0,Left,3,4,1,,Lean (185+),Yes,72500000.0,,"Power Shot, Incisive Pass, Technical",76.0,76.0,78.0,77.0,68.0,72.0,75,73,62,80,72,79,77,74,78,79,80,73,73,76,65,84,78,77,72,77,65,73,78,78,65,77,65,70,67,15,12,10,11,7,,76+2,76+2,76+2,77+0,78+0,78+0,78+0,77+0,78+2,78+2,78+2,78+2,78+2,78+2,78+2,78+2,74+2,74+2,74+2,74+2,74+2,73+2,70+2,70+2,70+2,73+2,18+2,Luka Sučić
242516,/player/242516/cody-gakpo/260004/,26,4,2025-09-19,C. Gakpo,Cody Mathès Gakpo,"LM, LW",84,85,49500000,140000,26,1999-05-07,189,76,13.0,Premier League,1.0,9.0,Liverpool,LM,18.0,,2023-01-03,2030.0,34,Netherlands,105035.0,LW,11.0,Right,4,4,3,,Lean (185+),Yes,95300000.0,,"Finesse Shot, Precision Header, Whipped Pass, First Touch, Press Proven",83.0,82.0,80.0,83.0,47.0,74.0,83,81,81,81,78,86,82,76,75,85,85,82,75,83,67,88,89,76,75,83,63,45,83,81,68,83,42,48,31,15,11,7,9,5,,83+2,83+2,83+2,83+0,83+0,83+0,83+0,83+0,82+3,82+3,82+3,83+2,78+3,78+3,78+3,83+2,66+3,64+3,64+3,64+3,66+3,63+3,59+3,59+3,59+3,63+3,18+3,C. Gakpo
273018,/player/273018/andrey-n-dos-santos/260004/,26,4,2025-09-19,Andrey Santos,Andrey Nascimento dos Santos,"CM, CDM",80,87,42500000,86000,21,2004-05-03,180,75,13.0,Premier League,1.0,5.0,Chelsea,SUB,17.0,,2023-01-06,2030.0,54,Brazil,,,,Right,3,3,1,,Normal (170-185),Yes,89300000.0,,"Precision Header, Tiki Taka, Slide Tackle, Aerial Fortress",74.0,69.0,74.0,78.0,77.0,80.0,56,69,81,82,53,77,68,52,79,80,77,71,77,79,69,73,88,91,75,72,78,78,77,79,54,80,69,81,81,5,10,15,12,8,,75+2,75+2,75+2,75+0,77+0,77+0,77+0,75+0,78+2,78+2,78+2,76+2,80+2,80+2,80+2,76+2,77+2,79+2,79+2,79+2,77+2,77+2,78+2,78+2,78+2,77+2,17+2,Andrey Santos
259516,/player/259516/joao-lucas-de-souza-cardoso/260004/,26,4,2025-09-19,Johnny Cardoso,João Lucas de Souza Cardoso,"CDM, CM",81,87,37500000,60000,23,2001-09-20,182,78,53.0,La Liga,1.0,240.0,Atlético Madrid,RCM,5.0,,2025-07-16,2030.0,95,United States,,,,Right,2,3,1,,Lean (170-185),Yes,86300000.0,,"Precision Header, Intercept, Aerial Fortress",72.0,67.0,76.0,78.0,80.0,77.0,65,63,75,82,62,77,69,66,81,82,74,71,78,77,57,74,83,77,77,68,75,82,74,76,62,75,78,81,79,10,14,8,12,7,,73+2,73+2,73+2,74+0,75+0,75+0,75+0,74+0,77+2,77+2,77+2,75+2,79+2,79+2,79+2,75+2,77+2,80+2,80+2,80+2,77+2,77+2,79+2,79+2,79+2,77+2,18+2,Johnny Cardoso
221697,/player/221697/ollie-watkins/260004/,26,4,2025-09-19,O. Watkins,Oliver George Arthur Watkins,ST,84,84,42000000,170000,29,1995-12-30,180,70,13.0,Premier League,1.0,2.0,Aston Villa,ST,11.0,,2020-09-09,2028.0,14,England,,,,Right,4,3,3,,Normal (170-185),Yes,79800000.0,,"Chip Shot, Precision Header, Low Driven Shot, Relentless",77.0,83.0,73.0,80.0,50.0,80.0,67,85,85,79,84,81,74,63,64,79,77,77,78,85,70,84,89,88,76,76,76,55,87,77,74,77,45,46,36,14,14,14,6,10,,83+1,83+1,83+1,79+0,81+0,81+0,81+0,79+0,80+3,80+3,80+3,79+3,76+3,76+3,76+3,79+3,66+3,66+3,66+3,66+3,66+3,64+3,62+3,62+3,62+3,64+3,19+3,O. Watkins
247827,/player/247827/michael-olise/260004/,26,4,2025-09-19,M. Olise,Michael Akpovie Olise,"RM, RW",86,88,88000000,95000,23,2001-12-12,184,73,19.0,Bundesliga,1.0,21.0,FC Bayern München,RM,17.0,,2024-07-07,2029.0,18,France,1335.0,SUB,11.0,Left,2,4,3,,Lean (170-185),Yes,151800000.0,"#Dribbler, #Acrobat","Finesse Shot, Whipped Pass, Inventive, Technical",78.0,80.0,84.0,87.0,50.0,66.0,79,83,36,86,71,88,82,81,79,86,83,73,90,86,85,78,62,85,57,80,66,55,84,88,72,84,44,58,49,9,11,9,10,10,,77+3,77+3,77+3,84+0,83+0,83+0,83+0,84+0,85+3,85+3,85+3,84+3,82+3,82+3,82+3,84+3,71+3,70+3,70+3,70+3,71+3,67+3,57+3,57+3,57+3,67+3,18+3,M. Olise
248148,/player/248148/martin-zubimendi-ibanez/260004/,26,4,2025-09-19,Zubimendi,Martín Zubimendi Ibáñez,"CDM, CM",83,87,45500000,150000,26,1999-02-02,180,74,13.0,Premier League,1.0,1.0,Arsenal,CDM,36.0,,2018-07-01,2030.0,45,Spain,1362.0,CDM,18.0,Right,4,3,3,,Normal (170-185),Yes,87600000.0,,"Intercept, Aerial Fortress",66.0,68.0,79.0,79.0,80.0,73.0,70,69,65,83,70,77,73,56,83,83,67,66,74,84,75,65,71,85,67,73,74,83,79,83,45,83,81,82,79,7,6,12,14,13,,73+3,73+3,73+3,76+0,77+0,77+0,77+0,76+0,79+3,79+3,79+3,78+3,82+3,82+3,82+3,78+3,79+3,82+3,82+3,82+3,79+3,79+3,77+3,77+3,77+3,79+3,18+3,Zubimendi
216267,/player/216267/andrew-robertson/260004/,26,4,2025-09-19,A. Robertson,Andrew Henry Robertson,"LB, LM",82,82,22000000,115000,31,1994-03-11,178,64,13.0,Premier League,1.0,9.0,Liverpool,SUB,26.0,,2017-07-21,2026.0,42,Scotland,1359.0,LB,3.0,Left,2,3,3,,Unique,Yes,40700000.0,#Crosser,"Relentless +, Whipped Pass",74.0,61.0,80.0,77.0,79.0,75.0,86,55,70,80,32,76,82,71,75,79,75,74,75,81,74,76,76,81,67,65,85,80,76,79,55,81,78,80,81,11,8,10,7,14,,71+3,71+3,71+3,75+0,74+0,74+0,74+0,75+0,76+3,76+3,76+3,77+3,78+3,78+3,78+3,77+3,80+2,79+3,79+3,79+3,80+2,80+2,78+3,78+3,78+3,80+2,18+3,A. Robertson
228618,/player/228618/ferland-mendy/260004/,26,4,2025-09-19,F. Mendy,Ferland Sinna Mendy,"LB, LM",81,81,22000000,170000,30,1995-06-08,180,73,53.0,La Liga,1.0,243.0,Real Madrid,SUB,23.0,,2019-07-01,2028.0,18,France,,,,Left,5,4,3,,Unique,Yes,45100000.0,,"Block, Rapid",85.0,64.0,74.0,75.0,78.0,84.0,74,63,70,77,50,74,72,45,75,74,84,85,78,80,79,69,87,85,84,64,80,79,76,74,49,76,76,80,79,7,16,9,10,9,,73+3,73+3,73+3,75+0,74+0,74+0,74+0,75+0,75+3,75+3,75+3,76+3,76+3,76+3,76+3,76+3,79+2,78+3,78+3,78+3,79+2,79+2,79+2,79+2,79+2,79+2,18+3,F. Mendy
237646,/player/237646/daniel-munoz/260004/,26,4,2025-09-19,D. Muñoz,Daniel Muñoz Mejía,"RB, RM",81,81,22500000,95000,29,1996-05-26,181,73,13.0,Premier League,1.0,1799.0,Crystal Palace,RB,2.0,,2024-01-30,2028.0,56,Colombia,,,,Right,3,3,3,,Lean (170-185),No,42800000.0,,"Jockey, Anticipate, Rapid, Relentless",75.0,69.0,72.0,76.0,79.0,81.0,77,72,78,77,73,76,66,34,72,77,76,74,74,80,78,77,85,88,74,52,88,77,76,69,58,76,75,82,82,7,14,12,7,6,,75+3,75+3,75+3,75+0,75+0,75+0,75+0,75+0,74+3,74+3,74+3,76+3,75+3,75+3,75+3,76+3,79+2,78+3,78+3,78+3,79+2,79+2,79+2,79+2,79+2,79+2,17+3,D. Muñoz
210406,/player/210406/piotr-zielinski/260004/,26,4,2025-09-19,P. Zieliński,Piotr Sebastian Zieliński,CM,80,80,17500000,39000,31,1994-05-20,180,75,31.0,Serie A,1.0,44.0,Inter,SUB,7.0,,2024-07-01,2028.0,37,Poland,1353.0,RCM,10.0,Right,4,3,3,,Normal (170-185),Yes,28900000.0,,Technical,76.0,76.0,80.0,82.0,70.0,59.0,73,74,52,84,75,82,80,65,81,84,78,75,82,81,79,79,66,65,56,82,58,74,76,84,62,82,69,75,72,12,9,12,11,6,,75+3,75+3,75+3,80+0,80+0,80+0,80+0,80+0,81+-1,81+-1,81+-1,79+1,80+0,80+0,80+0,79+1,75+3,76+3,76+3,76+3,75+3,74+3,69+3,69+3,69+3,74+3,17+3,P. Zieliński
235794,/player/235794/eberechi-eze/260004/,26,4,2025-09-19,E. Eze,Eberechi Oluchi Eze,"CAM, LW, ST",83,84,42000000,160000,27,1998-06-29,178,67,13.0,Premier League,1.0,1.0,Arsenal,SUB,10.0,,2025-08-23,2029.0,14,England,1318.0,SUB,15.0,Right,4,4,3,,Normal (170-185),Yes,80900000.0,"#Dribbler, #Acrobat","Finesse Shot, Power Shot, Dead Ball, Gamechanger, Inventive, Technical, First Touch",74.0,80.0,81.0,87.0,50.0,68.0,76,79,56,83,79,87,82,77,78,87,73,75,87,82,89,81,71,76,68,82,58,52,80,83,76,87,40,58,42,10,12,9,14,10,,78+3,78+3,78+3,82+0,82+0,82+0,82+0,82+0,83+1,83+1,83+1,81+3,80+3,80+3,80+3,81+3,68+3,67+3,67+3,67+3,68+3,64+3,58+3,58+3,58+3,64+3,19+3,E. Eze
240243,/player/240243/matheus-santos-carneiro-da-cunha/260004/,26,4,2025-09-19,Matheus Cunha,Matheus Santos Carneiro da Cunha,"CAM, LW, ST",83,85,45000000,115000,26,1999-05-27,183,76,13.0,Premier League,1.0,11.0,Manchester United,LW,10.0,,2025-07-01,2030.0,54,Brazil,,,,Right,4,4,3,,Lean (170-185),Yes,88900000.0,#Distance shooter,"Power Shot, Dead Ball, Inventive, First Touch, Trickster",77.0,85.0,79.0,84.0,44.0,75.0,79,85,68,81,78,85,83,70,75,87,78,76,76,82,74,87,79,82,73,88,72,42,80,81,76,83,43,41,39,8,7,13,13,11,,81+3,81+3,81+3,82+0,83+0,83+0,83+0,82+0,82+3,82+3,82+3,82+3,78+3,78+3,78+3,82+3,66+3,65+3,65+3,65+3,66+3,62+3,57+3,57+3,57+3,62+3,18+3,Matheus Cunha
247103,/player/247103/david-hancko/260004/,26,4,2025-09-19,D. Hancko,Dávid Hancko,"CB, LB, LM",83,85,38500000,82000,27,1997-12-13,188,82,53.0,La Liga,1.0,240.0,Atlético Madrid,LCB,17.0,,2025-07-25,2030.0,43,Slovakia,,,,Left,3,2,3,,Lean (185+),Yes,83700000.0,,"Precision Header, Long Ball Pass, Jockey, Anticipate",77.0,66.0,73.0,74.0,82.0,82.0,66,63,82,80,42,73,60,72,76,78,76,77,73,84,55,76,85,74,87,68,77,80,69,68,69,77,83,82,83,14,12,6,7,14,,74+3,74+3,74+3,73+0,74+0,74+0,74+0,73+0,74+3,74+3,74+3,74+3,76+3,76+3,76+3,74+3,78+3,80+3,80+3,80+3,78+3,79+3,82+3,82+3,82+3,79+3,19+3,Dávid Hancko
197781,/player/197781/francisco-roman-alarcon-suarez/260004/,26,4,2025-09-19,Isco,Francisco Román Alarcón Suárez,"CAM, LM, CM",84,84,26500000,52000,33,1992-04-21,176,79,53.0,La Liga,1.0,449.0,Real Betis Balompié,SUB,22.0,,2023-07-26,2027.0,45,Spain,,,,Right,4,4,3,,Normal (170-185),Yes,55700000.0,"#Dribbler, #Playmaker , #Complete midfielder","Finesse Shot, Dead Ball, Gamechanger, Incisive Pass, Inventive, Technical",66.0,79.0,85.0,85.0,59.0,60.0,84,80,55,86,71,86,85,76,83,86,67,65,84,80,84,78,63,67,55,79,63,61,85,88,78,87,58,62,51,10,8,12,15,6,,77+3,77+3,77+3,82+0,82+0,82+0,82+0,82+0,83+1,83+1,83+1,81+3,81+3,81+3,81+3,81+3,71+3,71+3,71+3,71+3,71+3,67+3,62+3,62+3,62+3,67+3,18+3,Isco
222737,/player/222737/malcom-filipe-silva-de-oliveira/260004/,26,4,2025-09-19,Malcom,Malcom Filipe Silva de Oliveira,"CAM, RM, LM, CM",82,82,30500000,60000,28,1997-02-26,172,74,350.0,Pro League,1.0,605.0,Al Hilal,RM,10.0,,2023-07-26,2027.0,54,Brazil,,,,Left,3,4,3,,Stocky (170-185),No,48800000.0,#Acrobat,"Dead Ball, Low Driven Shot, Incisive Pass, Whipped Pass, Inventive, Rapid, Relentless",89.0,78.0,79.0,84.0,43.0,73.0,78,77,67,80,75,84,82,78,75,84,92,87,90,79,92,80,84,88,73,78,53,26,81,80,70,77,51,45,27,8,14,15,7,9,,79+3,79+3,79+3,82+0,81+0,81+0,81+0,82+0,82+0,82+0,82+0,82+0,76+3,76+3,76+3,82+0,65+3,62+3,62+3,62+3,65+3,61+3,54+3,54+3,54+3,61+3,17+3,Malcom
230481,/player/230481/ronaldo-jailson-cabrais-petri/260004/,26,4,2025-09-19,Ronaldo Cabrais,Ronaldo Jailson Cabrais Petri,"CAM, RM, CM",83,83,35500000,47000,29,1996-02-29,177,75,7.0,Série A,1.0,517.0,Botafogo,CAM,20.0,,2025-06-18,2028.0,54,Brazil,,,,Right,4,4,3,,Normal (170-185),No,74600000.0,#Acrobat,Technical,88.0,77.0,83.0,84.0,35.0,72.0,83,74,64,83,76,85,86,78,82,83,90,87,86,84,71,82,80,88,68,78,62,40,82,83,77,81,24,35,33,12,12,13,15,13,,79+3,79+3,79+3,83+0,82+0,82+0,82+0,83+0,83+0,83+0,83+0,84+-1,78+3,78+3,78+3,84+-1,66+3,62+3,62+3,62+3,66+3,61+3,51+3,51+3,51+3,61+3,21+3,Ronaldo Cabrais
216435,/player/216435/stanislav-lobotka/260004/,26,4,2025-09-19,S. Lobotka,Stanislav Lobotka,"CM, CDM",83,83,34500000,125000,30,1994-11-25,170,68,31.0,Serie A,1.0,48.0,Napoli,CDM,68.0,,2020-01-15,2027.0,43,Slovakia,,,,Right,4,3,3,,Normal (170-),Yes,58700000.0,,"Long Ball Pass, Inventive, Anticipate, Technical, First Touch, Relentless",71.0,69.0,80.0,82.0,76.0,71.0,75,68,45,85,43,81,75,55,85,85,76,67,75,81,85,69,65,88,61,77,76,80,76,82,56,77,78,81,75,10,7,16,13,14,,71+3,71+3,71+3,78+0,78+0,78+0,78+0,78+0,80+3,80+3,80+3,80+3,83+0,83+0,83+0,80+3,80+3,81+2,81+2,81+2,80+3,78+3,74+3,74+3,74+3,78+3,19+3,Stanislav Lobotka
229261,/player/229261/denis-zakaria/260004/,26,4,2025-09-19,D. Zakaria,Denis Lemi Zakaria Lako Lado,"CDM, CM",82,83,29500000,45000,28,1996-11-20,190,81,16.0,Ligue 1,1.0,69.0,AS Monaco,LCM,6.0,,2023-08-15,2028.0,47,Switzerland,,,,Right,3,3,3,,Normal (185+),Yes,58300000.0,,"Precision Header, Intercept, Anticipate",80.0,67.0,74.0,77.0,80.0,85.0,68,64,78,82,46,78,63,46,79,80,72,86,67,80,61,80,89,80,87,69,87,79,65,74,48,82,81,82,78,12,12,7,13,11,,74+3,74+3,74+3,74+0,75+0,75+0,75+0,74+0,76+3,76+3,76+3,76+3,78+3,78+3,78+3,76+3,79+3,81+2,81+2,81+2,79+3,79+3,82+1,82+1,82+1,79+3,19+3,D. Zakaria
241508,/player/241508/mikkel-damsgaard/260004/,26,4,2025-09-19,M. Damsgaard,Mikkel Krogh Damsgaard,"CAM, CM",80,83,29000000,71000,24,2000-07-03,180,70,13.0,Premier League,1.0,1925.0,Brentford,CAM,24.0,,2022-08-10,2030.0,13,Denmark,1331.0,SUB,14.0,Right,3,4,1,,Lean (170-185),Yes,57300000.0,,"Incisive Pass, Pinged Pass, Whipped Pass, Inventive, Technical",68.0,73.0,82.0,81.0,66.0,67.0,79,74,52,83,68,81,82,78,82,80,70,66,82,80,86,72,65,78,62,74,68,69,78,84,64,81,60,74,64,6,10,14,11,7,,73+2,73+2,73+2,78+0,77+0,77+0,77+0,78+0,80+2,80+2,80+2,79+2,80+2,80+2,80+2,79+2,74+2,74+2,74+2,74+2,74+2,72+2,67+2,67+2,67+2,72+2,17+2,M. Damsgaard
225126,/player/225126/ellyes-skhiri/260004/,26,4,2025-09-19,E. Skhiri,Ellyes Joris Skhiriإلياس صخيري,"CDM, CM",80,80,17500000,39000,30,1995-05-10,185,74,19.0,Bundesliga,1.0,1824.0,Eintracht Frankfurt,SUB,15.0,,2023-07-05,2027.0,145,Tunisia,,,,Right,3,3,3,,Lean (185+),Yes,29800000.0,,"Intercept, Press Proven, Relentless",64.0,73.0,74.0,75.0,80.0,74.0,67,76,75,78,60,75,72,55,81,74,65,64,74,83,64,75,76,83,69,72,77,84,75,72,58,80,82,79,73,15,14,8,14,14,,74+3,74+3,74+3,73+0,75+0,75+0,75+0,73+0,75+3,75+3,75+3,74+3,77+3,77+3,77+3,74+3,76+3,79+1,79+1,79+1,76+3,76+3,77+3,77+3,77+3,76+3,22+3,E. Skhiri
210047,/player/210047/fabian-schar/260004/,26,4,2025-09-19,F. Schär,Fabian Lukas Schär,CB,82,82,14500000,135000,33,1991-12-20,188,84,13.0,Premier League,1.0,13.0,Newcastle United,RCB,5.0,,2018-07-26,2026.0,47,Switzerland,,,,Right,3,2,3,,Normal (185+),Yes,27600000.0,,"Power Shot, Precision Header, Long Ball Pass, Intercept",51.0,68.0,76.0,73.0,84.0,80.0,67,60,82,80,64,74,65,69,83,78,50,51,53,83,64,80,80,78,80,74,80,85,64,79,78,82,85,84,80,8,9,11,10,15,,71+3,71+3,71+3,69+0,72+0,72+0,72+0,69+0,73+3,73+3,73+3,71+3,79+3,79+3,79+3,71+3,76+3,82+0,82+0,82+0,76+3,77+3,82+0,82+0,82+0,77+3,19+3,F. Schär
247819,/player/247819/nico-schlotterbeck/260004/,26,4,2025-09-19,N. Schlotterbeck,Nico Cedric Schlotterbeck,CB,85,88,63500000,72000,25,1999-12-01,191,86,19.0,Bundesliga,1.0,22.0,Borussia Dortmund,RES,4.0,,2022-07-01,2027.0,21,Germany,,,,Left,2,2,3,,Normal (185+),Yes,112700000.0,#Tackling ,"Slide Tackle +, Long Ball Pass, Jockey, Block, Anticipate, Long Throw",74.0,60.0,75.0,73.0,85.0,82.0,70,51,84,78,56,74,67,55,86,71,77,72,68,84,64,81,91,74,85,67,84,83,58,72,38,78,85,87,87,8,10,8,14,13,,70+3,70+3,70+3,70+0,70+0,70+0,70+0,70+0,72+3,72+3,72+3,72+3,76+3,76+3,76+3,72+3,79+3,81+3,81+3,81+3,79+3,80+3,84+3,84+3,84+3,80+3,19+3,Nico Schlotterbeck
158023,/player/158023/lionel-messi/260004/,26,4,2025-09-19,L. Messi,Lionel Andrés Messi Cuccitini,"RW, ST, CAM, RM",86,86,22000000,17000,38,1987-06-24,169,67,39.0,Major League Soccer,1.0,112893.0,Inter Miami,RS,10.0,,2023-07-16,2025.0,52,Argentina,1369.0,RW,10.0,Left,4,4,4,,Unique,Yes,33000000.0,"#Dribbler, #FK Specialist","Tiki Taka +, Finesse Shot, Dead Ball, Gamechanger, Incisive Pass, Technical, Quick Step",78.0,85.0,85.0,90.0,33.0,64.0,80,84,60,85,89,89,90,93,84,94,84,73,84,80,89,84,70,70,68,87,44,40,86,87,75,92,20,35,24,6,11,15,14,8,,82+3,82+3,82+3,85+0,86+0,86+0,86+0,85+0,86+0,86+0,86+0,84+2,81+3,81+3,81+3,84+2,62+3,61+3,61+3,61+3,62+3,57+3,48+3,48+3,48+3,57+3,18+3,L. Messi
242964,/player/242964/anthony-gordon/260004/,26,4,2025-09-19,A. Gordon,Anthony Michael Gordon,"LW, RW, LM",83,86,49500000,135000,24,2001-02-24,183,72,13.0,Premier League,1.0,13.0,Newcastle United,LW,10.0,,2023-01-29,2027.0,14,England,1318.0,SUB,18.0,Right,3,3,3,,Lean (170-185),Yes,97800000.0,#Speedster,"Finesse Shot, Whipped Pass, Rapid, Quick Step",91.0,79.0,78.0,83.0,50.0,72.0,81,81,59,79,74,85,82,74,66,83,89,92,78,83,71,78,75,87,61,76,80,40,82,81,70,81,49,56,48,5,6,14,7,8,,79+3,79+3,79+3,83+0,82+0,82+0,82+0,83+0,81+3,81+3,81+3,83+3,76+3,76+3,76+3,83+3,70+3,66+3,66+3,66+3,70+3,67+3,59+3,59+3,59+3,67+3,15+3,A. Gordon
203376,/player/203376/virgil-van-dijk/260004/,26,4,2025-09-19,V. van Dijk,Virgil van Dijk,CB,90,90,57000000,230000,33,1991-07-08,193,92,13.0,Premier League,1.0,9.0,Liverpool,LCB,4.0,,2018-01-01,2027.0,34,Netherlands,105035.0,LCB,4.0,Right,3,2,5,,Unique,Yes,105500000.0,"#Tackling , #Tactician , #Strength, #Complete defender","Intercept +, Precision Header, Pinged Pass, Jockey, Anticipate, Aerial Fortress, Bruiser",73.0,60.0,72.0,72.0,90.0,87.0,53,52,88,80,45,70,60,70,83,77,66,78,54,90,50,81,89,75,93,64,85,91,47,70,62,90,91,91,87,13,10,13,11,11,,70+3,70+3,70+3,67+0,70+0,70+0,70+0,67+0,71+3,71+3,71+3,70+3,76+3,76+3,76+3,70+3,79+3,85+3,85+3,85+3,79+3,82+3,89+1,89+1,89+1,82+3,20+3,Virgil van Dijk
242434,/player/242434/curtis-jones/260004/,26,4,2025-09-19,C. Jones,Curtis Jones,"CAM, CM, CDM",80,83,29000000,89000,24,2001-01-30,185,75,13.0,Premier League,1.0,9.0,Liverpool,SUB,17.0,,2018-02-01,2027.0,14,England,1318.0,RDM,17.0,Right,4,4,1,,Unique,Yes,55800000.0,,"Finesse Shot, Press Proven",74.0,74.0,76.0,82.0,72.0,76.0,67,75,55,83,69,84,75,51,79,82,68,79,74,80,73,77,71,83,74,73,74,71,79,79,60,82,72,77,71,6,13,7,11,7,,76+2,76+2,76+2,78+0,79+0,79+0,79+0,78+0,80+2,80+2,80+2,79+2,80+2,80+2,80+2,79+2,76+2,77+2,77+2,77+2,76+2,74+2,73+2,73+2,73+2,74+2,17+2,Curtis Jones
223273,/player/223273/mario-pasalic/260004/,26,4,2025-09-19,M. Pašalić,Mario Pašalić,"CM, CAM",80,80,20000000,73000,30,1995-02-09,186,80,31.0,Serie A,1.0,39.0,Atalanta,LCM,8.0,,2020-09-01,2028.0,10,Croatia,1328.0,SUB,15.0,Right,4,4,3,,Normal (185+),No,34000000.0,,Aerial Fortress,69.0,78.0,77.0,81.0,67.0,76.0,68,80,65,83,73,83,69,59,80,86,68,69,72,74,57,78,74,83,72,76,76,72,85,78,61,77,61,72,61,11,13,13,13,14,,78+2,78+2,78+2,79+0,80+0,80+0,80+0,79+0,80+0,80+0,80+0,79+1,80+0,80+0,80+0,79+1,73+3,75+3,75+3,75+3,73+3,71+3,70+3,70+3,70+3,71+3,20+3,Mario Pašalić
205157,/player/205157/inigo-ruiz-de-galarreta/260004/,26,4,2025-09-19,Ruiz de Galarreta,Iñigo Ruiz de Galarreta Etxeberria,"CDM, CM",80,80,15000000,49000,31,1993-08-06,175,69,53.0,La Liga,1.0,448.0,Athletic Club,RDM,16.0,,2023-07-01,2027.0,45,Spain,,,,Right,3,3,3,,Lean (170-185),Yes,31500000.0,,Press Proven,69.0,65.0,77.0,79.0,76.0,76.0,74,60,51,80,61,77,73,62,80,80,73,66,81,79,87,73,69,84,70,70,82,78,74,79,47,82,79,80,80,12,6,13,7,12,,70+3,70+3,70+3,75+0,74+0,74+0,74+0,75+0,76+3,76+3,76+3,76+3,79+1,79+1,79+1,76+3,78+2,79+1,79+1,79+1,78+2,77+3,75+3,75+3,75+3,77+3,17+3,Ruiz de Galarreta
259583,/player/259583/destiny-udogie/260004/,26,4,2025-09-19,D. Udogie,Iyenoma Destiny Udogie,LB,80,84,28500000,84000,22,2002-11-28,186,73,13.0,Premier League,1.0,18.0,Tottenham Hotspur,SUB,13.0,,2022-08-17,2030.0,27,Italy,,,,Left,3,3,3,,Normal (185+),Yes,56300000.0,,"Whipped Pass, Block, Quick Step",88.0,64.0,73.0,78.0,76.0,79.0,80,64,68,77,58,80,64,51,65,79,86,89,74,78,70,74,85,79,77,59,81,79,76,75,46,78,77,77,74,8,14,11,10,14,,74+3,74+3,74+3,77+0,76+0,76+0,76+0,77+0,76+3,76+3,76+3,78+3,75+3,75+3,75+3,78+3,79+3,76+3,76+3,76+3,79+3,78+3,77+3,77+3,77+3,78+3,19+3,D. Udogie
256675,/player/256675/omar-marmoush/260004/,26,4,2025-09-19,O. Marmoush,Omar Khaled Mohamed Marmoush,"ST, CAM, LW",84,85,50500000,175000,26,1999-02-07,183,81,13.0,Premier League,1.0,10.0,Manchester City,LW,7.0,,2025-01-23,2029.0,111,Egypt,,,,Right,3,4,3,,Normal (170-185),Yes,97200000.0,"#Dribbler, #Acrobat, #Clinical finisher, #Complete forward","Finesse Shot, Dead Ball, Technical",89.0,85.0,76.0,86.0,34.0,71.0,64,87,69,85,82,87,77,84,63,86,87,90,89,85,78,85,80,76,67,84,72,34,87,79,79,84,31,30,21,11,13,15,8,11,,84+1,84+1,84+1,84+0,85+0,85+0,85+0,84+0,84+1,84+1,84+1,82+3,76+3,76+3,76+3,82+3,61+3,59+3,59+3,59+3,61+3,57+3,51+3,51+3,51+3,57+3,19+3,O. Marmoush
227535,/player/227535/rodrigo-bentancur/260004/,26,4,2025-09-19,R. Bentancur,Rodrigo Bentancur Colmán,"CDM, CM",80,81,20500000,100000,28,1997-06-25,187,73,13.0,Premier League,1.0,18.0,Tottenham Hotspur,SUB,30.0,,2022-01-31,2026.0,60,Uruguay,,,,Right,4,3,3,,Lean (185+),Yes,40500000.0,,First Touch,64.0,68.0,78.0,79.0,78.0,72.0,74,68,64,82,71,81,71,68,80,81,63,65,64,78,69,71,70,72,70,65,78,83,73,78,67,82,78,80,77,8,7,14,14,12,,72+3,72+3,72+3,75+0,75+0,75+0,75+0,75+0,76+3,76+3,76+3,76+3,79+2,79+2,79+2,76+3,77+3,79+2,79+2,79+2,77+3,76+3,77+3,77+3,77+3,76+3,18+3,R. Bentancur
239301,/player/239301/lisandro-martinez/260004/,26,4,2025-09-19,L. Martínez,Lisandro Martínez,CB,81,82,26000000,90000,27,1998-01-18,178,77,13.0,Premier League,1.0,11.0,Manchester United,RES,6.0,,2022-07-27,2027.0,52,Argentina,1369.0,LCB,25.0,Left,3,3,3,,Normal (170-185),Yes,51400000.0,,"Intercept, Slide Tackle, Bruiser",67.0,59.0,75.0,75.0,81.0,80.0,72,52,75,79,56,74,74,55,76,77,70,65,69,80,75,73,88,73,77,64,92,84,62,76,55,79,81,81,84,6,14,13,14,8,,68+3,68+3,68+3,71+0,71+0,71+0,71+0,71+0,72+3,72+3,72+3,72+3,76+3,76+3,76+3,72+3,78+3,80+2,80+2,80+2,78+3,78+3,81+1,81+1,81+1,78+3,18+3,Lisandro Martínez
209989,/player/209989/thomas-partey/260004/,26,4,2025-09-19,T. Partey,Thomas Teye Partey,"CDM, CM, RB",83,83,24000000,57000,32,1993-06-13,185,77,53.0,La Liga,1.0,483.0,Villarreal CF,SUB,16.0,,2025-08-18,2026.0,117,Ghana,111462.0,RDM,18.0,Right,3,3,3,,Lean (185+),Yes,50400000.0,,"Pinged Pass, Press Proven, Long Throw",59.0,71.0,80.0,77.0,80.0,82.0,74,66,68,85,56,80,69,67,84,81,53,63,63,80,50,85,74,76,84,79,84,82,70,80,49,85,80,84,78,11,13,9,9,7,,74+3,74+3,74+3,74+0,76+0,76+0,76+0,74+0,77+3,77+3,77+3,76+3,81+2,81+2,81+2,76+3,78+3,82+1,82+1,82+1,78+3,77+3,80+3,80+3,80+3,77+3,18+3,T. Partey
227647,/player/227647/maximilian-mittelstadt/260004/,26,4,2025-09-19,M. Mittelstädt,Maximilian Mittelstädt,"LB, LM",82,82,27500000,53000,28,1997-03-18,180,71,19.0,Bundesliga,1.0,36.0,VfB Stuttgart,LB,7.0,,2023-07-01,2028.0,21,Germany,1337.0,SUB,18.0,Left,2,3,3,,Normal (170-185),Yes,46800000.0,,"Whipped Pass, Intercept, Slide Tackle",81.0,62.0,77.0,77.0,78.0,74.0,87,56,68,79,47,77,77,46,74,77,79,83,76,80,78,74,77,84,67,70,77,81,72,74,42,76,77,80,77,13,10,7,13,13,,71+3,71+3,71+3,76+0,74+0,74+0,74+0,76+0,75+3,75+3,75+3,77+3,77+3,77+3,77+3,77+3,81+1,78+3,78+3,78+3,81+1,80+2,77+3,77+3,77+3,80+2,19+3,Maximilian Mittelstädt
211688,/player/211688/jose-luis-gaya-pena/260004/,26,4,2025-09-19,Gayà,José Luis Gayà Peña,"LB, LM",81,81,22000000,49000,30,1995-05-25,172,66,53.0,La Liga,1.0,461.0,Valencia CF,LB,14.0,,2012-09-13,2027.0,45,Spain,,,,Left,3,4,3,,Lean (170-185),Yes,46200000.0,,"Anticipate, Technical",80.0,61.0,76.0,77.0,77.0,72.0,80,61,58,78,58,75,80,49,75,78,79,81,82,82,80,62,73,80,66,59,77,80,75,74,60,75,77,79,81,13,10,9,12,9,,70+3,70+3,70+3,75+0,74+0,74+0,74+0,75+0,75+3,75+3,75+3,77+3,76+3,76+3,76+3,77+3,79+2,78+3,78+3,78+3,79+2,79+2,75+3,75+3,75+3,79+2,19+3,Gayà
229188,/player/229188/vangelis-pavlidis/260004/,26,4,2025-09-19,V. Pavlidis,Vangelis PavlidisΒαγγέλης Παυλίδης,"ST, CAM",82,84,38000000,31000,26,1998-11-21,186,80,308.0,Primeira Liga,1.0,234.0,SL Benfica,RS,14.0,,2024-07-01,2029.0,22,Greece,,,,Right,4,3,3,,Normal (185+),Yes,78900000.0,,"Chip Shot, Acrobatic, Gamechanger, Technical, Relentless",79.0,82.0,71.0,80.0,47.0,82.0,62,84,80,75,76,81,76,54,72,82,81,77,76,83,71,83,84,87,82,78,77,42,83,76,81,77,44,46,37,13,11,10,13,14,,82+2,82+2,82+2,79+0,81+0,81+0,81+0,79+0,79+3,79+3,79+3,78+3,75+3,75+3,75+3,78+3,64+3,64+3,64+3,64+3,64+3,62+3,60+3,60+3,60+3,62+3,20+3,V. Pavlidis
266127,/player/266127/lewis-hall/260004/,26,4,2025-09-19,L. Hall,Lewis Kieran Hall,LB,80,86,30500000,81000,20,2004-09-08,179,71,13.0,Premier League,1.0,13.0,Newcastle United,SUB,3.0,,2024-07-01,2029.0,14,England,,,,Left,3,2,1,,Normal (170-185),Yes,64099999.0,,"Whipped Pass, Block, Press Proven",77.0,62.0,78.0,79.0,77.0,64.0,83,60,64,78,62,79,81,70,76,79,78,76,80,79,85,65,71,80,56,62,60,77,68,77,55,75,77,79,80,14,8,9,8,14,,69+2,69+2,69+2,75+0,73+0,73+0,73+0,75+0,75+2,75+2,75+2,77+2,76+2,76+2,76+2,77+2,79+2,76+2,76+2,76+2,79+2,78+2,73+2,73+2,73+2,78+2,18+2,L. Hall
20801,/player/20801/c-ronaldo-dos-santos-aveiro/260004/,26,4,2025-09-19,Cristiano Ronaldo,Cristiano Ronaldo dos Santos Aveiro,ST,85,85,0,58000,40,1985-02-05,187,85,350.0,Pro League,1.0,112139.0,Al Nassr,ST,7.0,,2023-01-01,2027.0,38,Portugal,1354.0,ST,7.0,Right,4,5,3,,Unique,Yes,,"#Distance shooter, #Clinical finisher","Power Shot +, Precision Header, Acrobatic, Low Driven Shot, Gamechanger, Aerial Fortress, Trickster",76.0,88.0,76.0,80.0,34.0,76.0,78,88,87,76,84,77,79,81,70,85,73,78,76,82,63,91,95,77,80,84,62,29,89,76,91,91,24,32,24,7,11,15,14,11,,84+1,84+1,84+1,81+0,82+0,82+0,82+0,81+0,80+3,80+3,80+3,79+3,74+3,74+3,74+3,79+3,59+3,57+3,57+3,57+3,59+3,56+3,52+3,52+3,52+3,56+3,19+3,Cristiano Ronaldo
192318,/player/192318/mario-gotze/260004/,26,4,2025-09-19,M. Götze,Mario Götze,"CM, CAM, RM, CDM",82,82,18500000,47000,33,1992-06-03,176,72,19.0,Bundesliga,1.0,1824.0,Eintracht Frankfurt,SUB,27.0,,2022-07-01,2026.0,21,Germany,,,,Right,4,4,3,,Normal (170-185),Yes,31500000.0,#Playmaker ,"Inventive +, Incisive Pass, Tiki Taka, First Touch",60.0,75.0,85.0,85.0,56.0,67.0,79,76,47,89,82,84,85,72,84,88,68,53,78,84,83,75,63,75,65,70,62,65,83,87,79,88,64,46,53,14,7,12,6,10,,75+3,75+3,75+3,80+0,80+0,80+0,80+0,80+0,83+-1,83+-1,83+-1,81+1,82+0,82+0,82+0,81+1,71+3,72+3,72+3,72+3,71+3,67+3,61+3,61+3,61+3,67+3,18+3,Mario Götze
212228,/player/212228/ivan-toney/260004/,26,4,2025-09-19,I. Toney,Ivan Benjamin Elijah Toney,ST,81,81,25500000,59000,29,1996-03-16,187,76,350.0,Pro League,1.0,112387.0,Al Ahli SFC,ST,99.0,,2024-08-31,2028.0,14,England,,,,Right,3,3,1,,Normal (185+),Yes,43400000.0,,Bruiser,78.0,82.0,71.0,75.0,51.0,81.0,63,85,83,76,79,73,65,73,65,79,76,79,74,79,67,84,91,76,81,73,83,52,82,74,93,80,45,51,39,16,8,8,7,8,,81+0,81+0,81+0,76+0,78+0,78+0,78+0,76+0,77+2,77+2,77+2,75+2,73+2,73+2,73+2,75+2,64+2,65+2,65+2,65+2,64+2,62+2,63+2,63+2,63+2,62+2,17+2,I. Toney
213516,/player/213516/ricardo-jorge-da-luz-horta/260004/,26,4,2025-09-19,Ricardo Horta,Ricardo Jorge da Luz Horta,"CAM, LM, RM, CM",81,81,25000000,23000,30,1994-09-15,173,63,308.0,Primeira Liga,1.0,1896.0,Sporting Clube de Braga,CAM,21.0,,2017-07-19,2028.0,38,Portugal,,,,Right,4,3,3,,Lean (170-185),No,50000000.0,,"Finesse Shot, Power Shot, Pinged Pass, Tiki Taka, First Touch",78.0,81.0,81.0,82.0,43.0,69.0,78,80,55,82,82,81,81,80,76,81,78,78,83,82,85,82,70,83,62,84,69,55,80,84,77,83,32,44,35,7,9,10,8,13,,77+3,77+3,77+3,81+0,81+0,81+0,81+0,81+0,81+0,81+0,81+0,80+1,78+3,78+3,78+3,80+1,66+3,65+3,65+3,65+3,66+3,62+3,54+3,54+3,54+3,62+3,17+3,Ricardo Horta
251470,/player/251470/charles-de-ketelaere/260004/,26,4,2025-09-19,C. De Ketelaere,Charles De Ketelaere,"CAM, ST, CM",82,86,43500000,72000,24,2001-03-10,192,79,31.0,Serie A,1.0,39.0,Atalanta,RAM,17.0,,2024-07-01,2027.0,7,Belgium,,,,Left,3,4,3,,Lean (185+),Yes,77200000.0,,"Precision Header, Low Driven Shot, Incisive Pass, Inventive, Aerial Fortress, Technical",70.0,79.0,80.0,83.0,56.0,68.0,76,78,75,83,76,85,78,72,80,86,71,70,79,77,61,82,78,78,68,79,55,58,82,83,69,73,45,59,54,11,8,14,8,8,,79+3,79+3,79+3,80+0,81+0,81+0,81+0,80+0,82+3,82+3,82+3,80+3,80+3,80+3,80+3,80+3,69+3,69+3,69+3,69+3,69+3,67+3,63+3,63+3,63+3,67+3,17+3,Charles De Ketelaere
224371,/player/224371/jarrod-bowen/260004/,26,4,2025-09-19,J. Bowen,Jarrod Bowen,"RM, ST, RW",83,83,36500000,100000,28,1996-12-20,175,70,13.0,Premier League,1.0,19.0,West Ham United,RS,20.0,,2020-01-31,2030.0,14,England,1318.0,SUB,20.0,Left,4,4,3,,Normal (170-185),Yes,69400000.0,,"Precision Header, Low Driven Shot, Gamechanger, Technical",76.0,81.0,78.0,82.0,46.0,70.0,80,84,82,80,73,82,75,70,73,82,78,74,79,84,81,80,84,83,66,80,62,37,83,79,75,80,49,41,37,14,8,14,10,7,,81+2,81+2,81+2,81+0,81+0,81+0,81+0,81+0,81+2,81+2,81+2,81+2,76+3,76+3,76+3,81+2,65+3,63+3,63+3,63+3,65+3,62+3,57+3,57+3,57+3,62+3,18+3,Jarrod Bowen
253149,/player/253149/jeremie-frimpong/260004/,26,4,2025-09-19,J. Frimpong,Jeremie Agyekum Frimpong,"RB, RM, RW",83,85,43500000,105000,24,2000-12-10,172,65,13.0,Premier League,1.0,9.0,Liverpool,RB,30.0,,2021-01-27,2030.0,34,Netherlands,105035.0,RW,12.0,Right,3,3,3,,Normal (170-185),Yes,83700000.0,"#Speedster, #Acrobat","Slide Tackle, Rapid, Quick Step",94.0,62.0,74.0,84.0,72.0,63.0,82,66,54,78,58,85,77,47,63,83,95,93,89,84,88,62,68,85,47,53,75,77,82,73,43,76,74,71,79,12,7,8,13,14,,73+3,73+3,73+3,81+0,78+0,78+0,78+0,81+0,79+3,79+3,79+3,81+3,76+3,76+3,76+3,81+3,81+3,75+3,75+3,75+3,81+3,80+3,71+3,71+3,71+3,80+3,19+3,J. Frimpong
233731,/player/233731/alexander-isak/260004/,26,4,2025-09-19,A. Isak,Alexander Isak,ST,88,89,111000000,200000,25,1999-09-21,192,77,13.0,Premier League,1.0,9.0,Liverpool,SUB,9.0,,2025-09-01,2031.0,46,Sweden,1363.0,RS,9.0,Right,4,4,4,,Lean (185+),Yes,213700000.0,"#Distance shooter, #Clinical finisher","Finesse Shot +, Power Shot, Low Driven Shot, Gamechanger, Rapid, First Touch",83.0,89.0,73.0,85.0,39.0,76.0,68,91,82,79,81,88,75,64,60,87,86,80,73,87,69,91,90,82,79,83,58,38,89,80,86,88,35,34,29,7,6,9,7,11,,87+2,87+2,87+2,84+0,86+0,86+0,86+0,84+0,83+3,83+3,83+3,82+3,76+3,76+3,76+3,82+3,63+3,60+3,60+3,60+3,63+3,60+3,55+3,55+3,55+3,60+3,17+3,Alexander Isak
268889,/player/268889/alvaro-fernandez-carreras/260004/,26,4,2025-09-19,Álvaro Carreras,Álvaro Fernández Carreras,"LB, LM",80,88,45000000,130000,22,2003-03-23,186,78,53.0,La Liga,1.0,243.0,Real Madrid,LB,18.0,,2025-07-15,2031.0,45,Spain,,,,Left,4,3,1,,Lean (185+),Yes,101300000.0,,"Long Ball Pass, Relentless",85.0,65.0,75.0,79.0,73.0,80.0,78,65,55,76,48,79,77,45,76,80,84,86,80,79,74,75,79,89,76,60,81,78,76,76,43,76,72,76,75,6,7,11,8,14,,72+2,72+2,72+2,77+0,76+0,76+0,76+0,77+0,76+2,76+2,76+2,79+2,77+2,77+2,77+2,79+2,79+2,78+2,78+2,78+2,79+2,78+2,74+2,74+2,74+2,78+2,17+2,Álvaro Carreras
216409,/player/216409/matteo-politano/260004/,26,4,2025-09-19,M. Politano,Matteo Politano,"RW, RM",81,81,21500000,115000,31,1993-08-03,171,65,31.0,Serie A,1.0,48.0,Napoli,RM,21.0,,2021-07-01,2027.0,27,Italy,1343.0,RM,7.0,Left,4,4,3,,Normal (170-185),Yes,36600000.0,#Acrobat,"Dead Ball, Gamechanger, Long Ball Pass, Whipped Pass, Inventive, Technical",80.0,78.0,80.0,83.0,59.0,55.0,80,78,40,82,75,82,79,77,76,83,81,79,90,82,88,78,53,78,39,80,66,66,79,80,70,80,66,58,50,11,12,6,8,11,,74+3,74+3,74+3,81+0,80+0,80+0,80+0,81+0,81+0,81+0,81+0,81+0,79+2,79+2,79+2,81+0,73+3,71+3,71+3,71+3,73+3,69+3,60+3,60+3,60+3,69+3,18+3,Matteo Politano
165153,/player/165153/karim-benzema/260004/,26,4,2025-09-19,K. Benzema,Karim Benzemaكريم بن زيما,"ST, CAM",85,85,18500000,64000,37,1987-12-19,185,81,350.0,Pro League,1.0,607.0,Al Ittihad,ST,9.0,,2023-07-01,2026.0,18,France,,,,Right,4,4,4,,Normal (170-185),Yes,29600000.0,"#Playmaker , #Clinical finisher, #Complete midfielder","Low Driven Shot +, Finesse Shot, Gamechanger, Incisive Pass, First Touch, Relentless",75.0,84.0,81.0,83.0,38.0,77.0,75,86,86,86,87,84,82,73,76,86,74,76,77,84,72,85,83,78,81,80,63,39,88,86,68,84,43,24,18,13,11,5,5,7,,84+1,84+1,84+1,83+0,84+0,84+0,84+0,83+0,84+1,84+1,84+1,82+3,78+3,78+3,78+3,82+3,61+3,62+3,62+3,62+3,61+3,57+3,54+3,54+3,54+3,57+3,17+3,K. Benzema
257186,/player/257186/ardon-jashari/260004/,26,4,2025-09-19,A. Jashari,Ardon Jashari,"CDM, CM",77,86,22500000,35000,22,2002-07-30,181,82,31.0,Serie A,1.0,47.0,AC Milan,SUB,30.0,,2025-08-07,2030.0,47,Switzerland,,,,Left,4,2,1,,Lean (170-185),No,42800000.0,,"Long Ball Pass, Relentless",75.0,67.0,75.0,73.0,72.0,82.0,68,64,62,80,63,70,64,62,76,75,77,74,77,74,80,76,81,91,80,70,78,74,65,76,60,76,76,72,68,8,7,14,13,5,,70+2,70+2,70+2,72+0,72+0,72+0,72+0,72+0,73+2,73+2,73+2,74+2,75+2,75+2,75+2,74+2,75+2,76+2,76+2,76+2,75+2,74+2,74+2,74+2,74+2,74+2,16+2,Ardon Jashari
264697,/player/264697/mohamed-amoura/260004/,26,4,2025-09-19,M. Amoura,Mohamed El Amine Amouraمحمد الأمين عمورة,"ST, LW, LM, CAM",80,84,29500000,56000,25,2000-05-09,170,61,19.0,Bundesliga,1.0,175.0,VfL Wolfsburg,LM,9.0,,2025-07-01,2029.0,97,Algeria,,,,Right,3,4,1,,Normal (170-),No,52400000.0,"#Speedster, #Acrobat","Chip Shot, Acrobatic, Gamechanger, Rapid, Quick Step",90.0,81.0,71.0,86.0,47.0,61.0,63,83,63,77,84,85,74,54,66,86,94,87,93,83,93,78,78,86,45,78,66,39,85,75,74,79,45,48,53,9,7,11,9,9,,80+2,80+2,80+2,82+0,83+0,83+0,83+0,82+0,82+2,82+2,82+2,81+2,75+2,75+2,75+2,81+2,67+2,63+2,63+2,63+2,67+2,65+2,56+2,56+2,56+2,65+2,17+2,M. Amoura
230142,/player/230142/mikel-oyarzabal-ugarte/260004/,26,4,2025-09-19,Oyarzabal,Mikel Oyarzabal Ugarte,"ST, LM, LW",82,82,31000000,59000,28,1997-04-21,181,78,53.0,La Liga,1.0,457.0,Real Sociedad,ST,10.0,,2014-07-01,2028.0,45,Spain,1362.0,ST,21.0,Left,3,3,3,,Normal (170-185),Yes,65099999.0,,Technical,77.0,83.0,81.0,82.0,42.0,65.0,80,83,75,84,79,83,78,78,75,84,78,76,77,82,77,84,77,79,57,83,62,29,84,83,86,83,55,32,30,10,6,10,13,11,,81+1,81+1,81+1,82+0,83+-1,83+-1,83+-1,82+0,82+0,82+0,82+0,82+0,77+3,77+3,77+3,82+0,63+3,61+3,61+3,61+3,63+3,60+3,53+3,53+3,53+3,60+3,18+3,Oyarzabal
245630,/player/245630/youssouf-fofana/260004/,26,4,2025-09-19,Y. Fofana,Youssouf Fofana,"CDM, CM",81,84,30500000,54000,26,1999-01-10,181,75,31.0,Serie A,1.0,47.0,AC Milan,RCM,19.0,,2024-08-17,2028.0,18,France,,,,Right,3,3,3,,Normal (170-185),Yes,54100000.0,,"Incisive Pass, Jockey, Anticipate, Relentless",68.0,68.0,75.0,78.0,79.0,77.0,66,66,63,81,46,78,66,56,79,80,67,69,70,80,76,76,73,85,73,70,80,81,74,78,64,78,80,83,74,12,7,12,5,9,,72+3,72+3,72+3,74+0,75+0,75+0,75+0,74+0,76+3,76+3,76+3,76+3,79+3,79+3,79+3,76+3,77+3,80+3,80+3,80+3,77+3,77+3,77+3,77+3,77+3,77+3,16+3,Youssouf Fofana
208268,/player/208268/bryan-cristante/260004/,26,4,2025-09-19,B. Cristante,Bryan Cristante,"CM, CDM",80,80,20000000,62000,30,1995-03-03,186,80,31.0,Serie A,1.0,52.0,Roma,RCM,4.0,,2019-07-01,2027.0,27,Italy,,,,Right,4,3,3,,Normal (185+),Yes,34000000.0,,"Precision Header, Aerial Fortress",52.0,74.0,78.0,75.0,78.0,81.0,70,68,76,82,72,75,68,66,83,79,53,52,62,79,58,83,78,89,78,78,78,76,76,80,68,82,79,80,74,3,5,3,3,5,,74+3,74+3,74+3,73+0,75+0,75+0,75+0,73+0,76+3,76+3,76+3,74+3,80+0,80+0,80+0,74+3,76+3,80+0,80+0,80+0,76+3,75+3,77+3,77+3,77+3,75+3,12+3,Bryan Cristante
208093,/player/208093/gerard-moreno-balaguero/260004/,26,4,2025-09-19,Gerard Moreno,Gerard Moreno Balagueró,"ST, RW, CAM",81,81,16500000,55000,33,1992-04-07,180,77,53.0,La Liga,1.0,483.0,Villarreal CF,RS,7.0,,2018-07-02,2027.0,45,Spain,,,,Left,4,3,3,,Normal (170-185),Yes,34700000.0,,"Finesse Shot, Power Shot",77.0,82.0,77.0,80.0,46.0,71.0,77,83,78,79,79,81,77,62,75,81,77,77,76,80,72,82,85,76,72,81,61,42,82,77,85,78,44,41,41,15,12,7,12,10,,80+1,80+1,80+1,80+0,80+0,80+0,80+0,80+0,80+1,80+1,80+1,79+2,75+3,75+3,75+3,79+2,64+3,63+3,63+3,63+3,64+3,62+3,57+3,57+3,57+3,62+3,19+3,Gerard Moreno
206085,/player/206085/jacob-murphy/260004/,26,4,2025-09-19,J. Murphy,Jacob Kai Murphy,"RW, RM",81,81,25000000,140000,30,1995-02-24,179,74,13.0,Premier League,1.0,13.0,Newcastle United,SUB,23.0,,2017-07-19,2027.0,14,England,,,,Right,4,3,3,,Normal (170-185),Yes,47500000.0,,Whipped Pass,82.0,77.0,78.0,80.0,61.0,70.0,84,80,45,79,51,82,83,68,67,80,80,83,74,81,75,84,68,82,69,74,56,65,80,82,66,78,61,66,55,13,16,13,10,6,,76+3,76+3,76+3,81+0,80+0,80+0,80+0,81+0,80+1,80+1,80+1,80+1,77+3,77+3,77+3,80+1,74+3,70+3,70+3,70+3,74+3,71+3,64+3,64+3,64+3,71+3,19+3,Jacob Murphy
209499,/player/209499/fabio-henrique-tavares/260004/,26,4,2025-09-19,Fabinho,Fábio Henrique Tavares,"CDM, CM",82,82,21500000,56000,31,1993-10-23,188,78,350.0,Pro League,1.0,607.0,Al Ittihad,LDM,8.0,,2023-07-31,2026.0,54,Brazil,,,,Right,2,3,3,,Unique,Yes,34400000.0,,"Power Shot, Block, Slide Tackle, Aerial Fortress, Press Proven, Bruiser",53.0,69.0,78.0,77.0,81.0,80.0,76,63,73,85,47,78,71,53,82,82,45,59,59,77,59,81,73,83,78,70,82,82,70,74,85,86,80,83,80,13,12,6,8,8,,72+3,72+3,72+3,72+0,73+0,73+0,73+0,72+0,75+3,75+3,75+3,74+3,79+3,79+3,79+3,74+3,78+3,81+1,81+1,81+1,78+3,77+3,80+2,80+2,80+2,77+3,17+3,Fabinho
232293,/player/232293/victor-osimhen/260004/,26,4,2025-09-19,V. Osimhen,Victor James Osimhen,ST,87,89,100000000,110000,26,1998-12-29,186,77,68.0,Süper Lig,1.0,325.0,Galatasaray SK,ST,45.0,,2025-07-31,2029.0,133,Nigeria,,,,Right,4,3,4,,Normal (185+),Yes,197500000.0,"#Speedster, #Strength","Chip Shot, Precision Header, Acrobatic, Gamechanger, Rapid",92.0,84.0,65.0,81.0,42.0,84.0,62,88,89,72,85,80,63,52,54,84,91,92,79,88,68,86,95,81,91,73,68,34,91,70,85,80,36,45,22,14,14,10,9,6,,86+3,86+3,86+3,81+0,83+0,83+0,83+0,81+0,79+3,79+3,79+3,79+3,72+3,72+3,72+3,79+3,61+3,59+3,59+3,59+3,61+3,60+3,58+3,58+3,58+3,60+3,19+3,V. Osimhen
245155,/player/245155/mohammed-kudus/260004/,26,4,2025-09-19,M. Kudus,Mohammed Kudus,"RW, LW, ST, RM",80,83,29000000,95000,24,2000-08-02,177,70,13.0,Premier League,1.0,18.0,Tottenham Hotspur,RW,20.0,,2025-07-10,2031.0,117,Ghana,111462.0,ST,20.0,Left,3,4,3,,Normal (170-185),Yes,57300000.0,#Dribbler,First Touch,89.0,76.0,72.0,86.0,60.0,74.0,70,76,55,76,76,88,67,49,68,83,91,88,86,77,92,81,74,73,76,74,68,59,77,75,64,80,60,66,46,6,12,7,7,10,,77+3,77+3,77+3,80+0,80+0,80+0,80+0,80+0,79+3,79+3,79+3,79+3,75+3,75+3,75+3,79+3,70+3,69+3,69+3,69+3,70+3,68+3,65+3,65+3,65+3,68+3,16+3,Mohammed Kudus
233556,/player/233556/riccardo-orsolini/260004/,26,4,2025-09-19,R. Orsolini,Riccardo Orsolini,"RM, RW",82,82,30500000,68000,28,1997-01-24,183,83,31.0,Serie A,1.0,189.0,Bologna,RM,7.0,,2019-07-01,2027.0,27,Italy,1343.0,SUB,17.0,Left,4,4,3,,Normal (170-185),Yes,51900000.0,,"Finesse Shot, Low Driven Shot, Gamechanger, Technical",79.0,81.0,79.0,83.0,49.0,67.0,85,80,61,78,81,85,82,75,73,83,81,78,83,78,71,83,78,74,71,84,45,40,81,78,74,76,54,48,38,11,11,14,6,12,,79+3,79+3,79+3,82+0,81+0,81+0,81+0,82+0,80+2,80+2,80+2,81+1,75+3,75+3,75+3,81+1,66+3,63+3,63+3,63+3,66+3,63+3,56+3,56+3,56+3,63+3,18+3,Riccardo Orsolini
236401,/player/236401/noussair-mazraoui/260004/,26,4,2025-09-19,N. Mazraoui,Noussair Mazraouiنصير مزراوي,"RB, CB, RM",80,81,22000000,84000,27,1997-11-14,183,65,13.0,Premier League,1.0,11.0,Manchester United,RB,3.0,,2024-08-13,2028.0,129,Morocco,111111.0,SUB,3.0,Right,3,3,3,,Lean (170-185),Yes,43500000.0,,"Jockey, Block, Anticipate, Technical",75.0,66.0,76.0,80.0,77.0,72.0,79,69,73,80,56,80,69,42,74,81,78,73,76,79,74,68,81,76,69,61,71,80,76,77,44,79,76,77,80,12,7,13,12,12,,74+3,74+3,74+3,77+0,76+0,76+0,76+0,77+0,77+3,77+3,77+3,78+3,77+3,77+3,77+3,78+3,78+3,77+3,77+3,77+3,78+3,78+3,76+3,76+3,76+3,78+3,18+3,N. Mazraoui
213648,/player/213648/pierre-emile-hojbjerg/260004/,26,4,2025-09-19,P. Højbjerg,Pierre-Emile Kordt Højbjerg,"CDM, CM",82,82,26000000,54000,29,1995-08-05,187,84,16.0,Ligue 1,1.0,219.0,Olympique de Marseille,LDM,23.0,,2025-07-01,2028.0,13,Denmark,1331.0,LDM,23.0,Right,4,3,3,,Normal (185+),Yes,49400000.0,,"Intercept, Relentless",49.0,73.0,78.0,74.0,78.0,80.0,68,68,65,83,64,75,70,74,82,79,52,47,59,82,61,85,71,81,78,78,86,82,69,77,56,79,79,80,74,9,7,12,11,11,,72+3,72+3,72+3,71+0,73+0,73+0,73+0,71+0,75+3,75+3,75+3,73+3,79+3,79+3,79+3,73+3,75+3,81+1,81+1,81+1,75+3,74+3,78+3,78+3,78+3,74+3,18+3,Pierre-Emile Højbjerg
222509,/player/222509/daniel-ceballos-fernandez/260004/,26,4,2025-09-19,Dani Ceballos,Daniel Ceballos Fernández,"CM, CDM",81,81,25500000,175000,28,1996-08-07,179,70,53.0,La Liga,1.0,243.0,Real Madrid,SUB,19.0,,2017-07-14,2027.0,45,Spain,,,,Right,3,4,3,,Lean (170-185),Yes,52300000.0,,"Whipped Pass, Jockey, Intercept, Technical",61.0,71.0,80.0,82.0,72.0,67.0,74,69,41,84,62,83,77,67,81,84,65,57,77,78,78,76,57,76,61,76,75,78,78,81,55,81,75,76,70,12,15,16,7,13,,71+3,71+3,71+3,77+0,77+0,77+0,77+0,77+0,79+2,79+2,79+2,77+3,81+0,81+0,81+0,77+3,76+3,78+3,78+3,78+3,76+3,73+3,70+3,70+3,70+3,73+3,19+3,Dani Ceballos
230347,/player/230347/welington-kaue-dano-nascimento/260004/,26,4,2025-09-19,Welington Dano,Welington Kauê Dano Nascimento,"LB, LM, LW",81,81,26000000,34000,25,2000-02-29,178,69,7.0,Série A,1.0,1035.0,Atlético Mineiro,LW,21.0,,2025-06-18,2028.0,54,Brazil,,,,Left,4,4,3,,Lean (170-185),No,54600000.0,,,79.0,54.0,76.0,79.0,75.0,74.0,82,51,69,78,47,77,83,52,71,78,78,80,83,80,81,55,77,89,68,53,69,77,72,75,61,82,70,77,81,16,15,15,7,7,,67+3,67+3,67+3,74+0,72+0,72+0,72+0,74+0,74+3,74+3,74+3,76+3,75+3,75+3,75+3,76+3,79+2,76+3,76+3,76+3,79+2,79+2,74+3,74+3,74+3,79+2,19+3,Welington Dano
275138,/player/275138/lamine-camara/260004/,26,4,2025-09-19,L. Camara,Lamine Camara,"CM, CDM",77,85,23500000,23000,21,2004-01-01,173,65,16.0,Ligue 1,1.0,69.0,AS Monaco,RCM,15.0,,2024-07-30,2029.0,136,Senegal,,,,Right,3,3,1,,Lean (170-185),No,49400000.0,,"Dead Ball, Long Ball Pass",79.0,66.0,78.0,77.0,71.0,69.0,80,65,48,80,52,76,71,74,78,77,82,76,79,76,80,72,68,81,61,66,74,74,72,77,55,75,70,76,72,13,12,15,12,9,,69+2,69+2,69+2,76+0,74+0,74+0,74+0,76+0,76+2,76+2,76+2,77+2,77+2,77+2,77+2,77+2,77+2,75+2,75+2,75+2,77+2,75+2,70+2,70+2,70+2,75+2,19+2,Lamine Camara
222492,/player/222492/leroy-sane/260004/,26,4,2025-09-19,L. Sané,Leroy Aziz Sané,"RM, LM, RW",82,82,30000000,70000,29,1996-01-11,183,80,68.0,Süper Lig,1.0,325.0,Galatasaray SK,RM,10.0,,2025-07-01,2028.0,21,Germany,,,,Left,2,4,3,,Unique,Yes,57000000.0,"#Dribbler, #Acrobat","Power Shot, Gamechanger, Rapid, Quick Step",87.0,81.0,78.0,85.0,37.0,68.0,77,80,64,80,82,86,83,80,70,84,89,86,87,80,82,90,72,74,66,79,65,34,81,81,65,79,36,32,35,8,12,9,9,14,,80+2,80+2,80+2,83+-1,83+-1,83+-1,83+-1,83+-1,82+0,82+0,82+0,81+1,75+3,75+3,75+3,81+1,63+3,59+3,59+3,59+3,63+3,59+3,51+3,51+3,51+3,59+3,18+3,L. Sané
207865,/player/207865/marcos-aoas-correa/260004/,26,4,2025-09-19,Marquinhos,Marcos Aoás Corrêa,CB,87,87,54500000,145000,31,1994-05-14,183,75,16.0,Ligue 1,1.0,73.0,Paris Saint-Germain,RCB,5.0,,2013-07-19,2028.0,54,Brazil,,,,Right,3,3,4,,Normal (170-185),Yes,100800000.0,"#Tackling , #Tactician ","Intercept +, Jockey, Anticipate, Aerial Fortress",78.0,56.0,75.0,74.0,89.0,80.0,68,59,88,84,35,69,58,32,85,79,75,80,68,86,67,65,89,79,79,45,81,89,70,76,52,86,90,89,88,6,6,12,10,13,,72+3,72+3,72+3,72+0,73+0,73+0,73+0,72+0,74+3,74+3,74+3,75+3,79+3,79+3,79+3,75+3,82+3,85+2,85+2,85+2,82+3,84+3,86+1,86+1,86+1,84+3,17+3,Marquinhos
269136,/player/269136/kobbie-mainoo/260004/,26,4,2025-09-19,K. Mainoo,Kobbie Mainoo,"CM, CDM",77,85,23000000,52000,20,2005-04-19,181,80,13.0,Premier League,1.0,11.0,Manchester United,SUB,37.0,,2022-05-16,2027.0,14,England,,,,Right,3,3,1,,Normal (170-185),Yes,48300000.0,,"Finesse Shot, Press Proven",68.0,69.0,74.0,81.0,73.0,74.0,65,73,64,79,58,82,76,55,78,80,70,66,80,78,88,69,74,74,73,62,74,74,74,76,58,82,70,77,75,14,11,10,5,9,,73+2,73+2,73+2,75+0,75+0,75+0,75+0,75+0,77+2,77+2,77+2,75+2,77+2,77+2,77+2,75+2,74+2,76+2,76+2,76+2,74+2,73+2,73+2,73+2,73+2,73+2,17+2,Kobbie Mainoo
183898,/player/183898/angel-di-maria/260004/,26,4,2025-09-19,Á. Di María,Ángel Fabián Di María Hernández,"RW, RM",82,82,10000000,21000,37,1988-02-14,180,69,353.0,Liga Profesional de Fútbol,1.0,110580.0,Rosario Central,RM,11.0,,2023-07-05,2028.0,52,Argentina,,,,Left,2,5,3,,Unique,Yes,15000000.0,#FK Specialist,"Finesse Shot, Chip Shot, Incisive Pass, Long Ball Pass, Inventive, Technical, Trickster",73.0,80.0,85.0,85.0,43.0,62.0,81,76,45,85,78,85,93,88,81,89,72,73,84,76,74,82,61,65,57,85,72,42,80,87,83,84,41,46,39,10,7,11,12,11,,75+3,75+3,75+3,82+0,81+0,81+0,81+0,82+0,83+-1,83+-1,83+-1,81+1,79+3,79+3,79+3,81+1,64+3,65+3,65+3,65+3,64+3,60+3,53+3,53+3,53+3,60+3,17+3,Á. Di María
255069,/player/255069/nicolas-gonzalez-iglesias/260004/,26,4,2025-09-19,Nico González,Nicolás González Iglesias,"CDM, CM",79,85,25500000,90000,23,2002-01-03,188,88,13.0,Premier League,1.0,10.0,Manchester City,SUB,14.0,,2025-02-03,2029.0,45,Spain,,,,Right,3,3,1,,Normal (185+),Yes,52300000.0,,Press Proven,67.0,70.0,77.0,77.0,74.0,80.0,70,70,69,83,58,78,62,59,79,81,66,67,67,76,57,76,77,80,79,68,85,73,72,79,60,75,74,79,70,14,14,10,12,7,,73+2,73+2,73+2,75+0,75+0,75+0,75+0,75+0,77+2,77+2,77+2,76+2,78+2,78+2,78+2,76+2,75+2,78+2,78+2,78+2,75+2,74+2,76+2,76+2,76+2,74+2,19+2,Nico González
244260,/player/244260/daniel-olmo-carvajal/260004/,26,4,2025-09-19,Dani Olmo,Daniel Olmo Carvajal,"CAM, CM, ST",85,86,62000000,140000,27,1998-05-07,179,72,53.0,La Liga,1.0,241.0,FC Barcelona,SUB,20.0,,2024-07-01,2030.0,45,Spain,1362.0,SUB,10.0,Right,4,4,3,,Lean (170-185),Yes,131800000.0,"#Dribbler, #Playmaker , #Acrobat, #Complete midfielder","Finesse Shot, Gamechanger, Incisive Pass, Tiki Taka, Technical, First Touch",73.0,79.0,83.0,87.0,50.0,56.0,78,80,43,87,80,87,75,75,81,87,78,69,86,86,87,79,60,65,54,80,51,57,83,86,66,82,50,50,44,15,15,13,12,11,,77+3,77+3,77+3,83+0,83+0,83+0,83+0,83+0,84+2,84+2,84+2,82+3,81+3,81+3,81+3,82+3,68+3,68+3,68+3,68+3,68+3,64+3,56+3,56+3,56+3,64+3,21+3,Dani Olmo
264240,/player/264240/pablo-martin-paez-gavira/260004/,26,4,2025-09-19,Gavi,Pablo Martín Páez Gavira,"CM, CAM",83,89,56000000,85000,20,2004-08-05,173,70,53.0,La Liga,1.0,241.0,FC Barcelona,SUB,6.0,,2020-07-01,2026.0,45,Spain,,,,Right,3,3,3,,Normal (170-185),Yes,126000000.0,"#Dribbler, #Acrobat","Tiki Taka, Slide Tackle, Press Proven, Relentless",76.0,66.0,78.0,85.0,68.0,70.0,69,71,42,84,49,86,74,47,82,85,77,75,86,86,90,56,62,84,58,70,85,79,81,83,51,77,59,78,72,8,10,11,7,13,,72+3,72+3,72+3,80+0,79+0,79+0,79+0,80+0,82+3,82+3,82+3,81+3,83+3,83+3,83+3,81+3,78+3,79+3,79+3,79+3,78+3,75+3,70+3,70+3,70+3,75+3,18+3,Gavi
220876,/player/220876/franck-honorat/260004/,26,4,2025-09-19,F. Honorat,Franck Honorat,"RM, RW, RB",80,80,21000000,37000,28,1996-08-11,180,70,19.0,Bundesliga,1.0,23.0,Borussia Mönchengladbach,RM,9.0,,2023-07-11,2029.0,18,France,,,,Right,3,4,2,,Lean (170-185),Yes,35700000.0,#Crosser,"Power Shot, Whipped Pass, Technical",84.0,78.0,79.0,78.0,53.0,63.0,92,74,59,76,74,79,87,60,74,80,82,85,78,72,76,88,71,80,56,79,57,59,77,76,68,74,53,46,51,10,15,7,14,15,,75+2,75+2,75+2,79+0,78+0,78+0,78+0,79+0,77+2,77+2,77+2,79+1,74+2,74+2,74+2,79+1,70+2,65+2,65+2,65+2,70+2,67+2,58+2,58+2,58+2,67+2,20+2,Franck Honorat
190674,/player/190674/benjamin-andre/260004/,26,4,2025-09-19,B. André,Benjamin André,"CDM, CM",80,80,7000000,36000,34,1990-08-03,180,76,16.0,Ligue 1,1.0,65.0,Lille OSC,RDM,21.0,,2019-07-17,2028.0,18,France,,,,Right,3,3,3,,Normal (170-185),Yes,13300000.0,,"Precision Header, Long Ball Pass, Intercept, Aerial Fortress",55.0,64.0,73.0,76.0,79.0,83.0,70,61,80,78,56,75,68,53,77,79,54,55,68,79,72,69,80,90,79,65,85,80,70,72,66,79,78,81,76,8,14,15,7,10,,70+3,70+3,70+3,70+0,71+0,71+0,71+0,70+0,72+3,72+3,72+3,72+3,77+3,77+3,77+3,72+3,76+3,79+1,79+1,79+1,76+3,76+3,79+1,79+1,79+1,76+3,18+3,Benjamin André
251566,/player/251566/gabriel-teodoro-martinelli-silva/260004/,26,4,2025-09-19,Gabriel Martinelli,Gabriel Teodoro Martinelli Silva,"LW, LM",81,84,35000000,125000,24,2001-06-18,178,75,13.0,Premier League,1.0,1.0,Arsenal,SUB,11.0,,2019-07-02,2027.0,54,Brazil,,,,Right,3,4,3,,Lean (170-185),Yes,67400000.0,#Speedster,"Finesse Shot, Inventive, Quick Step",90.0,77.0,75.0,83.0,46.0,72.0,77,79,72,77,81,85,74,68,65,82,92,89,87,78,81,77,83,82,63,73,80,39,80,77,62,79,44,44,43,10,6,7,6,6,,79+3,79+3,79+3,81+0,81+0,81+0,81+0,81+0,80+3,80+3,80+3,81+3,74+3,74+3,74+3,81+3,66+3,62+3,62+3,62+3,66+3,64+3,57+3,57+3,57+3,64+3,15+3,Gabriel Martinelli
242641,/player/242641/rayan-ait-nouri/260004/,26,4,2025-09-19,R. Aït-Nouri,Rayan Aït Nouriريان آيت نوري,"LB, LM",81,85,34500000,100000,24,2001-06-06,180,70,13.0,Premier League,1.0,10.0,Manchester City,LB,21.0,,2025-06-09,2030.0,97,Algeria,,,,Left,3,5,1,,Lean (170-185),Yes,66400000.0,#Dribbler,"Jockey, First Touch, Trickster",84.0,53.0,76.0,84.0,77.0,70.0,80,50,66,79,48,87,72,58,72,84,85,84,81,80,77,61,78,80,65,48,69,78,75,75,42,80,77,78,80,15,11,8,14,12,,70+2,70+2,70+2,77+0,75+0,75+0,75+0,77+0,77+2,77+2,77+2,79+2,77+2,77+2,77+2,79+2,80+2,77+2,77+2,77+2,80+2,79+2,75+2,75+2,75+2,79+2,20+2,R. Aït-Nouri
233195,/player/233195/xaver-schlager/260004/,26,4,2025-09-19,X. Schlager,Xaver Schlager,"CDM, CM",80,82,23000000,56000,27,1997-09-28,174,78,19.0,Bundesliga,1.0,112172.0,RB Leipzig,CDM,24.0,,2022-07-01,2026.0,4,Austria,,,,Left,3,3,3,,Stocky (170-185),Yes,40800000.0,,"Incisive Pass, Jockey, Relentless, Bruiser",69.0,70.0,74.0,78.0,75.0,78.0,59,66,44,80,60,78,73,60,80,78,74,64,75,80,78,78,68,77,77,76,84,82,75,78,56,74,77,78,73,6,8,8,12,7,,71+3,71+3,71+3,74+0,75+0,75+0,75+0,74+0,77+3,77+3,77+3,74+3,78+3,78+3,78+3,74+3,75+3,79+3,79+3,79+3,75+3,74+3,74+3,74+3,74+3,74+3,16+3,Xaver Schlager
80170,/player/80170/wesley-vinicius-franca-lima/260004/,26,4,2025-09-19,Wesley,Wesley Vinícius França Lima,"RB, RM",77,85,22500000,33000,21,2003-09-06,178,75,31.0,Serie A,1.0,52.0,Roma,RM,43.0,,2025-07-28,2030.0,54,Brazil,,,,Right,3,3,1,,Normal (170-185),No,42800000.0,#Acrobat,Quick Step,89.0,62.0,70.0,78.0,73.0,76.0,71,62,66,75,49,79,68,58,71,74,91,88,90,72,76,60,84,78,74,64,74,71,81,64,56,71,74,76,75,6,6,15,13,7,,71+2,71+2,71+2,75+0,74+0,74+0,74+0,75+0,74+2,74+2,74+2,76+2,73+2,73+2,73+2,76+2,76+2,73+2,73+2,73+2,76+2,75+2,74+2,74+2,74+2,75+2,15+2,Wesley
272449,/player/272449/pablo-barrios-rivas/260004/,26,4,2025-09-19,Pablo Barrios,Pablo Barrios Rivas,"CM, CDM",82,87,46500000,69000,22,2003-06-15,181,75,53.0,La Liga,1.0,240.0,Atlético Madrid,LCM,8.0,,2022-10-29,2030.0,45,Spain,,,,Right,3,3,1,,Normal (170-185),Yes,101100000.0,,"Aerial Fortress, Relentless",80.0,70.0,74.0,80.0,74.0,71.0,57,70,57,83,55,81,60,48,81,82,81,79,78,81,72,72,74,85,66,72,66,81,74,80,62,78,69,80,69,5,15,9,13,10,,73+2,73+2,73+2,77+0,78+0,78+0,78+0,77+0,79+2,79+2,79+2,78+2,81+2,81+2,81+2,78+2,76+2,78+2,78+2,78+2,76+2,76+2,73+2,73+2,73+2,76+2,18+2,Pablo Barrios
231591,/player/231591/javier-galan-gil/260004/,26,4,2025-09-19,Javi Galán,Javier Galán Gil,"LB, LM",80,80,18000000,68000,30,1994-11-19,172,70,53.0,La Liga,1.0,240.0,Atlético Madrid,SUB,21.0,,2023-07-03,2026.0,45,Spain,,,,Left,2,4,1,,Normal (170-185),Yes,37800000.0,,Anticipate,78.0,56.0,75.0,79.0,77.0,73.0,79,50,74,79,51,80,72,70,77,79,80,77,75,78,75,72,81,77,66,56,81,75,66,64,48,75,76,79,78,14,14,10,6,8,,69+2,69+2,69+2,73+0,72+0,72+0,72+0,73+0,72+2,72+2,72+2,75+2,74+2,74+2,74+2,75+2,78+2,77+2,77+2,77+2,78+2,78+2,76+2,76+2,76+2,78+2,18+2,Javi Galán
200155,/player/200155/hans-vanaken/260004/,26,4,2025-09-19,H. Vanaken,Hans Vanaken,"CAM, CM",80,80,16500000,40000,32,1992-08-24,195,77,4.0,Pro League,1.0,231.0,Club Brugge KV,LCM,20.0,,2015-07-01,2027.0,7,Belgium,,,,Right,4,4,3,,Lean (185+),Yes,24800000.0,"#Aerial threat, #Playmaker ","Precision Header, Incisive Pass, Long Ball Pass, Inventive, Aerial Fortress, Press Proven",45.0,79.0,84.0,77.0,60.0,78.0,77,81,84,88,79,79,78,75,86,83,39,50,62,82,42,76,77,91,79,75,57,61,82,88,79,91,58,55,50,13,6,9,15,11,,78+2,78+2,78+2,76+0,78+0,78+0,78+0,76+0,80+0,80+0,80+0,78+2,82+-2,82+-2,82+-2,78+2,69+3,73+3,73+3,73+3,69+3,67+3,66+3,66+3,66+3,67+3,19+3,Hans Vanaken
266436,/player/266436/javier-guerra-moreno/260004/,26,4,2025-09-19,Javi Guerra,Javier Guerra Moreno,"CM, CDM",77,86,23500000,32000,22,2003-05-13,187,77,53.0,La Liga,1.0,461.0,Valencia CF,RDM,8.0,,2021-07-01,2029.0,45,Spain,,,,Right,4,3,1,,Lean (185+),Yes,54100000.0,,"Incisive Pass, Inventive",74.0,73.0,75.0,76.0,73.0,70.0,63,75,68,81,52,76,65,62,78,78,73,74,77,74,71,73,75,73,69,74,67,75,77,80,63,74,74,75,69,5,12,13,11,14,,74+2,74+2,74+2,75+0,76+0,76+0,76+0,75+0,77+2,77+2,77+2,75+2,77+2,77+2,77+2,75+2,73+2,75+2,75+2,75+2,73+2,73+2,73+2,73+2,73+2,73+2,18+2,Javi Guerra
255475,/player/255475/antony-matheus-dos-santos/260004/,26,4,2025-09-19,Antony,Antony Matheus dos Santos,"RW, RM",81,84,34000000,38000,25,2000-02-24,172,63,53.0,La Liga,1.0,449.0,Real Betis Balompié,RM,7.0,,2025-09-02,2030.0,54,Brazil,,,,Left,1,5,3,,Lean (170-185),Yes,74000000.0,#Acrobat,"Finesse Shot, Technical, Trickster",84.0,78.0,78.0,83.0,43.0,70.0,80,77,45,80,75,82,84,70,71,83,85,83,90,78,91,83,68,75,61,78,86,50,79,79,66,78,40,45,28,9,10,14,8,13,,76+3,76+3,76+3,81+0,80+0,80+0,80+0,81+0,80+3,80+3,80+3,80+3,75+3,75+3,75+3,80+3,65+3,64+3,64+3,64+3,65+3,61+3,54+3,54+3,54+3,61+3,18+3,Antony
184392,/player/184392/matteo-darmian/260004/,26,4,2025-09-19,M. Darmian,Matteo Darmian,"RB, CB, RM",81,81,8000000,29000,35,1989-12-02,182,70,31.0,Serie A,1.0,44.0,Inter,SUB,36.0,,2021-07-01,2026.0,27,Italy,,,,Right,4,3,3,,Normal (170-185),Yes,13200000.0,,,71.0,62.0,74.0,76.0,81.0,71.0,74,60,76,81,65,72,75,40,74,79,68,74,79,83,75,69,77,75,64,60,84,79,78,70,49,79,83,84,79,6,7,7,12,7,,72+3,72+3,72+3,74+0,74+0,74+0,74+0,74+0,74+3,74+3,74+3,75+3,76+3,76+3,76+3,75+3,78+3,79+2,79+2,79+2,78+3,79+2,79+2,79+2,79+2,79+2,16+3,Matteo Darmian
230258,/player/230258/rosival-jailson-dourado-santos/260004/,26,4,2025-09-19,Rosival Dourado,Rosival Jailson Dourado Santos,"CDM, CM, CAM",81,81,25500000,25000,25,2000-02-29,175,70,7.0,Série A,1.0,1041.0,Corinthians,CDM,5.0,,2025-06-18,2028.0,54,Brazil,,,,Right,4,2,3,,Lean (170-185),No,56100000.0,,"Finesse Shot, Long Ball Pass, Technical",77.0,57.0,74.0,77.0,82.0,69.0,61,53,70,82,57,77,54,57,78,76,75,78,72,80,77,60,72,91,56,59,75,82,58,77,77,81,83,86,80,15,14,14,10,9,,66+3,66+3,66+3,71+0,71+0,71+0,71+0,71+0,73+3,73+3,73+3,74+3,77+3,77+3,77+3,74+3,79+2,80+1,80+1,80+1,79+2,79+2,78+3,78+3,78+3,79+2,20+3,Rosival Dourado
278773,/player/278773/myles-lewis-skelly/260004/,26,4,2025-09-19,M. Lewis-Skelly,Myles Anthony Lewis-Skelly,"LB, CM",78,87,28000000,64000,18,2006-09-26,178,72,13.0,Premier League,1.0,1.0,Arsenal,SUB,49.0,,2023-10-05,2030.0,14,England,1318.0,LB,23.0,Left,3,3,1,,Normal (170-185),Yes,57400000.0,,Press Proven,76.0,60.0,74.0,77.0,75.0,78.0,73,55,70,78,58,77,74,45,75,77,77,76,68,77,84,69,83,75,79,62,80,76,72,76,55,79,74,77,75,11,10,6,12,9,,70+2,70+2,70+2,73+0,73+0,73+0,73+0,73+0,74+2,74+2,74+2,75+2,75+2,75+2,75+2,75+2,76+2,77+2,77+2,77+2,76+2,76+2,76+2,76+2,76+2,76+2,18+2,M. Lewis-Skelly
260599,/player/260599/alan-varela/260004/,26,4,2025-09-19,A. Varela,Alan Gonzalo Varela,"CDM, CM",79,85,25500000,14000,23,2001-07-04,177,73,308.0,Primeira Liga,1.0,236.0,FC Porto,CDM,22.0,,2023-08-16,2028.0,52,Argentina,,,,Right,3,3,1,,Normal (170-185),Yes,56100000.0,,"Dead Ball, Incisive Pass, Block, Slide Tackle, Aerial Fortress, Press Proven",70.0,65.0,74.0,73.0,75.0,78.0,66,60,57,81,63,71,78,53,74,76,71,69,71,77,75,78,73,84,74,65,84,78,70,75,62,80,78,75,75,8,11,14,5,13,,69+2,69+2,69+2,71+0,72+0,72+0,72+0,71+0,73+2,73+2,73+2,73+2,76+2,76+2,76+2,73+2,76+2,78+2,78+2,78+2,76+2,75+2,75+2,75+2,75+2,75+2,17+2,A. Varela
202024,/player/202024/remo-freuler/260004/,26,4,2025-09-19,R. Freuler,Remo Marco Freuler,"CDM, CM",81,81,13000000,60000,33,1992-04-15,180,80,31.0,Serie A,1.0,189.0,Bologna,RDM,8.0,,2023-09-01,2026.0,47,Switzerland,,,,Right,3,4,3,,Normal (170-185),No,22100000.0,,"Block, Intercept, Anticipate, Relentless",58.0,72.0,76.0,77.0,77.0,74.0,65,70,48,83,68,76,61,70,78,83,63,53,67,82,65,75,62,91,67,74,71,79,78,78,61,83,80,84,75,12,8,9,14,13,,71+3,71+3,71+3,74+0,75+0,75+0,75+0,74+0,77+3,77+3,77+3,76+3,81+0,81+0,81+0,76+3,77+3,80+1,80+1,80+1,77+3,76+3,74+3,74+3,74+3,76+3,19+3,R. Freuler
255565,/player/255565/kaoru-mitoma/260004/,26,4,2025-09-19,K. Mitoma,Kaoru Mitoma三笘 薫,"LM, LW",82,82,30500000,115000,28,1997-05-20,178,74,13.0,Premier League,1.0,1808.0,Brighton & Hove Albion,LM,22.0,,2021-08-10,2027.0,163,Japan,,,,Right,4,4,3,,Lean (170-185),Yes,58000000.0,#Dribbler,"Finesse Shot, Technical, First Touch, Quick Step",87.0,73.0,76.0,86.0,57.0,64.0,77,79,52,80,69,87,76,62,65,88,88,87,89,77,79,69,72,75,60,68,58,57,78,81,63,84,58,59,54,10,13,10,14,9,,76+3,76+3,76+3,82+0,81+0,81+0,81+0,82+0,81+1,81+1,81+1,81+1,76+3,76+3,76+3,81+1,72+3,68+3,68+3,68+3,72+3,69+3,61+3,61+3,61+3,69+3,19+3,Kaoru Mitoma
202556,/player/202556/memphis-depay/260004/,26,4,2025-09-19,M. Depay,Memphis Depay,"ST, LW, CAM",81,81,0,0,31,1994-02-13,178,78,,,,,,,,,,,34,Netherlands,105035.0,ST,10.0,Right,3,5,3,,Unique,Yes,,,"Technical, First Touch",79.0,82.0,79.0,83.0,30.0,78.0,77,82,65,78,79,85,84,82,74,84,78,80,77,81,82,85,82,74,82,83,72,28,84,84,76,80,23,31,20,8,14,6,12,10,,81+0,81+0,81+0,82+-1,82+-1,82+-1,82+-1,82+-1,82+-1,82+-1,82+-1,81+0,75+3,75+3,75+3,81+0,59+3,58+3,58+3,58+3,59+3,54+3,49+3,49+3,49+3,54+3,18+3,M. Depay
192629,/player/192629/iago-aspas-juncal/260004/,26,4,2025-09-19,Iago Aspas,Iago Aspas Juncal,"RW, ST, RM",83,83,12000000,38000,37,1987-08-01,176,67,53.0,La Liga,1.0,450.0,RC Celta,RW,10.0,,2015-07-01,2026.0,45,Spain,,,,Left,4,3,3,,Lean (170-185),Yes,25200000.0,,"Finesse Shot, Chip Shot, Dead Ball, Low Driven Shot, Incisive Pass",77.0,84.0,80.0,84.0,35.0,62.0,80,85,77,82,82,85,81,83,75,85,78,76,81,82,71,83,80,57,61,83,65,39,85,81,85,84,39,21,18,12,16,9,12,13,,82+1,82+1,82+1,83+0,83+0,83+0,83+0,83+0,83+0,83+0,83+0,81+2,75+3,75+3,75+3,81+2,59+3,58+3,58+3,58+3,59+3,55+3,50+3,50+3,50+3,55+3,21+3,Iago Aspas
224656,/player/224656/ola-aina/260004/,26,4,2025-09-19,O. Aina,Temitayo Olufisayo Olaoluwa Aina,"RB, LB, RM",80,80,19000000,95000,28,1996-10-08,184,82,13.0,Premier League,1.0,14.0,Nottingham Forest,RB,34.0,,2023-07-22,2028.0,133,Nigeria,,,,Right,4,3,1,,Normal (170-185),Yes,36100000.0,,"Quick Step, Long Throw",88.0,63.0,71.0,75.0,78.0,75.0,77,54,68,74,52,76,60,48,67,74,89,87,71,78,77,77,84,77,75,73,72,78,68,70,49,74,79,79,79,7,14,10,10,9,,71+2,71+2,71+2,74+0,73+0,73+0,73+0,74+0,73+2,73+2,73+2,75+2,73+2,73+2,73+2,75+2,78+2,75+2,75+2,75+2,78+2,78+2,77+2,77+2,77+2,78+2,17+2,O. Aina
204485,/player/204485/riyad-mahrez/260004/,26,4,2025-09-19,R. Mahrez,Riyad Mahrezرياض محرز,"RM, RW",84,84,20000000,70000,34,1991-02-21,179,67,350.0,Pro League,1.0,112387.0,Al Ahli SFC,RM,7.0,,2023-07-28,2027.0,97,Algeria,,,,Left,4,5,3,,Unique,Yes,34000000.0,"#Dribbler, #Acrobat","Finesse Shot, Dead Ball, Low Driven Shot, Incisive Pass, Inventive, Technical, First Touch",78.0,80.0,81.0,88.0,39.0,63.0,81,80,56,82,76,87,85,80,74,89,81,76,91,81,90,82,71,79,60,81,48,39,83,82,73,81,45,34,22,15,9,13,11,6,,79+3,79+3,79+3,83+0,83+0,83+0,83+0,83+0,83+1,83+1,83+1,82+2,77+3,77+3,77+3,82+2,64+3,61+3,61+3,61+3,64+3,59+3,50+3,50+3,50+3,59+3,18+3,R. Mahrez
204525,/player/204525/inigo-martinez-berridi/260004/,26,4,2025-09-19,Iñigo Martínez,Íñigo Martínez Berridi,CB,85,85,17500000,74000,34,1991-05-17,182,76,350.0,Pro League,1.0,112139.0,Al Nassr,LCB,26.0,,2025-08-10,2026.0,45,Spain,,,,Left,3,2,3,,Normal (170-185),Yes,28000000.0,"#Tackling , #Tactician ","Long Ball Pass, Slide Tackle",71.0,57.0,72.0,68.0,85.0,80.0,53,42,83,83,41,60,72,71,83,78,70,72,66,84,60,82,87,69,82,74,89,86,52,65,39,76,84,87,85,12,16,11,13,11,,67+3,67+3,67+3,66+0,68+0,68+0,68+0,66+0,69+3,69+3,69+3,68+3,75+3,75+3,75+3,68+3,77+3,82+3,82+3,82+3,77+3,79+3,84+1,84+1,84+1,79+3,21+3,Iñigo Martínez
212194,/player/212194/julian-brandt/260004/,26,4,2025-09-19,J. Brandt,Julian Brandt,"CAM, CM",83,83,35500000,70000,29,1996-05-02,185,83,19.0,Bundesliga,1.0,22.0,Borussia Dortmund,RAM,10.0,,2019-07-01,2026.0,21,Germany,,,,Right,4,4,3,,Lean (170-185),Yes,60400000.0,,"Dead Ball, Incisive Pass, Tiki Taka, Inventive, Technical, First Touch",74.0,78.0,83.0,84.0,44.0,70.0,78,77,54,85,81,84,82,78,83,85,67,79,83,82,82,82,69,85,72,78,44,56,82,86,55,85,49,29,39,11,16,11,8,9,,78+3,78+3,78+3,81+0,81+0,81+0,81+0,81+0,83+0,83+0,83+0,82+1,80+3,80+3,80+3,82+1,67+3,66+3,66+3,66+3,67+3,63+3,54+3,54+3,54+3,63+3,19+3,Julian Brandt
216354,/player/216354/andrej-kramaric/260004/,26,4,2025-09-19,A. Kramarić,Andrej Kramarić,"CAM, CM",81,81,12000000,49000,34,1991-06-19,177,73,19.0,Bundesliga,1.0,10029.0,TSG 1899 Hoffenheim,RAM,27.0,,2015-01-16,2026.0,10,Croatia,1328.0,RES,9.0,Right,4,4,3,,Normal (170-185),Yes,20400000.0,,"Finesse Shot, Chip Shot, Gamechanger, Incisive Pass, Technical, First Touch",67.0,82.0,78.0,84.0,33.0,73.0,73,83,69,82,81,84,82,77,73,85,70,65,80,83,84,82,73,85,68,79,71,29,84,81,93,82,35,25,26,8,14,14,7,15,,80+1,80+1,80+1,80+0,81+0,81+0,81+0,80+0,81+0,81+0,81+0,80+1,76+3,76+3,76+3,80+1,60+3,59+3,59+3,59+3,60+3,55+3,49+3,49+3,49+3,55+3,19+3,Andrej Kramarić
241486,/player/241486/jules-kounde/260004/,26,4,2025-09-19,J. Koundé,Jules Olivier Koundé,"RB, CB, RM",87,88,85500000,155000,26,1998-11-12,180,75,53.0,La Liga,1.0,241.0,FC Barcelona,RB,23.0,,2022-07-28,2030.0,18,France,1335.0,RB,5.0,Right,3,3,4,,Normal (170-185),Yes,181700000.0,#Tactician ,"Jockey +, Long Ball Pass, Slide Tackle, Aerial Fortress, Quick Step, Relentless",84.0,47.0,74.0,79.0,86.0,84.0,78,47,80,82,32,78,64,26,75,81,85,83,70,86,78,48,91,87,85,45,78,86,69,70,43,82,87,86,84,11,10,8,14,13,,69+3,69+3,69+3,74+0,72+0,72+0,72+0,74+0,74+3,74+3,74+3,77+3,77+3,77+3,77+3,77+3,84+3,83+3,83+3,83+3,84+3,84+3,84+3,84+3,84+3,84+3,20+3,J. Koundé
213655,/player/213655/alex-iwobi/260004/,26,4,2025-09-19,A. Iwobi,Alexander Chuka Iwobi,"LM, RM, LW",80,80,20500000,90000,29,1996-05-03,180,75,13.0,Premier League,1.0,144.0,Fulham FC,LM,17.0,,2023-09-01,2028.0,133,Nigeria,,,,Right,3,4,3,,Lean (170-185),Yes,39000000.0,,"Gamechanger, Incisive Pass, Inventive, Technical, Relentless",76.0,74.0,77.0,81.0,56.0,73.0,78,74,45,79,80,84,81,56,74,81,77,75,75,79,77,75,69,88,72,75,59,59,77,81,64,81,52,64,50,14,7,12,14,11,,74+3,74+3,74+3,79+0,78+0,78+0,78+0,79+0,79+1,79+1,79+1,79+1,78+2,78+2,78+2,79+1,71+3,70+3,70+3,70+3,71+3,68+3,61+3,61+3,61+3,68+3,19+3,A. Iwobi
210935,/player/210935/domenico-berardi/260004/,26,4,2025-09-19,D. Berardi,Domenico Berardi,"RW, RM",82,82,29500000,36000,30,1994-08-01,183,72,31.0,Serie A,1.0,111974.0,Sassuolo,RW,10.0,,2015-07-01,2029.0,27,Italy,,,,Left,3,4,3,,Lean (170-185),Yes,53100000.0,#Acrobat,"Finesse Shot, Dead Ball, Gamechanger, Incisive Pass, Long Ball Pass, Inventive, Technical",82.0,80.0,79.0,84.0,35.0,68.0,77,81,62,81,79,83,84,79,77,84,84,80,88,82,84,80,73,75,58,78,85,36,83,80,86,78,32,30,30,5,6,5,5,6,,79+3,79+3,79+3,82+0,82+0,82+0,82+0,82+0,82+0,82+0,82+0,81+1,76+3,76+3,76+3,81+1,62+3,60+3,60+3,60+3,62+3,58+3,51+3,51+3,51+3,58+3,14+3,Domenico Berardi
256516,/player/256516/nicholas-williams-arthuer/260004/,26,4,2025-09-19,Nico Williams,Nicholas Williams Arthuer,"LM, RM, LW",86,89,94500000,70000,22,2002-07-12,181,67,53.0,La Liga,1.0,448.0,Athletic Club,LM,10.0,,2020-07-01,2035.0,45,Spain,1362.0,LM,17.0,Right,5,4,3,,Lean (170-185),Yes,205500000.0,"#Speedster, #Dribbler, #Acrobat","Rapid +, Finesse Shot, Gamechanger, Inventive, Quick Step, Relentless",93.0,76.0,80.0,87.0,36.0,66.0,83,79,65,82,64,88,81,72,74,85,94,92,92,82,84,78,79,81,61,72,55,40,80,82,62,78,36,28,25,9,13,12,12,14,,79+3,79+3,79+3,84+0,83+0,83+0,83+0,84+0,83+3,83+3,83+3,84+3,76+3,76+3,76+3,84+3,65+3,60+3,60+3,60+3,65+3,60+3,50+3,50+3,50+3,60+3,20+3,Nico Williams
268896,/player/268896/hugo-larsson/260004/,26,4,2025-09-19,H. Larsson,Hugo Emanuel Larsson,"CM, CDM",78,87,31500000,25000,21,2004-06-27,187,74,19.0,Bundesliga,1.0,1824.0,Eintracht Frankfurt,RDM,16.0,,2023-07-01,2029.0,46,Sweden,1363.0,LCM,16.0,Right,3,3,1,,Lean (185+),Yes,59900000.0,,"Pinged Pass, Tiki Taka, Intercept, Press Proven, Relentless",77.0,73.0,71.0,78.0,71.0,77.0,47,77,61,83,67,75,64,53,77,80,72,81,79,79,73,74,75,83,74,69,75,77,76,78,53,85,76,70,60,14,7,7,12,8,,75+2,75+2,75+2,75+0,77+0,77+0,77+0,75+0,78+2,78+2,78+2,75+2,78+2,78+2,78+2,75+2,72+2,77+2,77+2,77+2,72+2,72+2,72+2,72+2,72+2,72+2,18+2,H. Larsson
206517,/player/206517/jack-grealish/260004/,26,4,2025-09-19,J. Grealish,Jack Peter Grealish,"LW, LM",80,80,20500000,130000,29,1995-09-10,180,81,13.0,Premier League,1.0,7.0,Everton,LM,18.0,Manchester City,,2026.0,14,England,,,,Right,3,4,3,,Unique,Yes,,#Dribbler,"Press Proven +, Finesse Shot, Inventive, First Touch",72.0,76.0,80.0,85.0,53.0,67.0,80,76,48,81,72,86,83,74,78,86,75,70,84,79,85,76,67,69,67,79,65,49,78,80,58,86,58,54,48,11,6,11,10,13,,75+3,75+3,75+3,80+0,79+0,79+0,79+0,80+0,81+-1,81+-1,81+-1,80+0,77+3,77+3,77+3,80+0,68+3,68+3,68+3,68+3,68+3,64+3,59+3,59+3,59+3,64+3,18+3,J. Grealish
238794,/player/238794/vinicius-jose-de-oliveira-junior/260004/,26,4,2025-09-19,Vini Jr.,Vinicius José Paixão de Oliveira Junior,"LW, ST, LM",89,92,141000000,320000,24,2000-07-12,176,73,53.0,La Liga,1.0,243.0,Real Madrid,LM,7.0,,2018-07-12,2027.0,54,Brazil,,,,Right,4,5,5,,Lean (170-185),Yes,299600000.0,"#Speedster, #Dribbler, #Acrobat, #Clinical finisher, #Complete forward","Quick Step +, Finesse Shot, Chip Shot, Gamechanger, Inventive, Rapid, First Touch",95.0,84.0,81.0,91.0,29.0,69.0,81,88,50,83,73,93,79,62,77,90,95,95,94,85,84,81,74,84,65,83,58,26,86,85,74,83,32,25,18,5,7,7,7,10,,82+3,82+3,82+3,88+0,87+0,87+0,87+0,88+0,87+3,87+3,87+3,87+3,79+3,79+3,79+3,87+3,63+3,59+3,59+3,59+3,63+3,57+3,46+3,46+3,46+3,57+3,16+3,Vini Jr.
235790,/player/235790/kai-havertz/260004/,26,4,2025-09-19,K. Havertz,Kai Lukas Havertz,"ST, CM, CAM",82,84,38000000,155000,26,1999-06-11,193,82,13.0,Premier League,1.0,1.0,Arsenal,SUB,29.0,,2023-06-28,2028.0,21,Germany,,,,Left,4,4,3,,Unique,Yes,73200000.0,,"Chip Shot, Precision Header, Gamechanger, Technical, First Touch, Enforcer",72.0,79.0,78.0,81.0,48.0,74.0,75,80,81,82,81,84,81,53,77,85,71,72,70,81,54,81,85,85,75,74,56,43,84,81,83,78,45,47,41,6,8,11,10,12,,81+3,81+3,81+3,80+0,81+0,81+0,81+0,80+0,81+3,81+3,81+3,80+3,78+3,78+3,78+3,80+3,66+3,65+3,65+3,65+3,66+3,63+3,59+3,59+3,59+3,63+3,17+3,Kai Havertz
200145,/player/200145/carlos-henrique-venancio-casimiro/260004/,26,4,2025-09-19,Casemiro,Carlos Henrique Casimiro,"CDM, CM",80,80,10500000,88000,33,1992-02-23,185,84,13.0,Premier League,1.0,11.0,Manchester United,RCM,18.0,,2022-08-19,2026.0,54,Brazil,,,,Right,3,2,3,,Unique,Yes,20000000.0,,"Long Ball Pass, Block, Slide Tackle, Aerial Fortress, Bruiser",36.0,74.0,76.0,69.0,80.0,76.0,68,69,80,79,77,68,75,70,80,77,35,36,48,79,51,82,75,54,81,78,90,77,71,76,66,77,78,83,83,13,14,16,12,12,,72+3,72+3,72+3,67+0,71+0,71+0,71+0,67+0,71+3,71+3,71+3,68+3,76+3,76+3,76+3,68+3,71+3,78+2,78+2,78+2,71+3,71+3,80+0,80+0,80+0,71+3,20+3,Casemiro
279604,/player/279604/mikel-jauregizar-alboniga/260004/,26,4,2025-09-19,Jauregizar,Mikel Jauregizar Alboniga,"CM, CDM",78,88,31500000,31000,21,2003-11-13,177,74,53.0,La Liga,1.0,448.0,Athletic Club,LDM,18.0,,2023-07-01,2031.0,45,Spain,,,,Right,4,3,1,,Normal (170-185),Yes,72500000.0,,Relentless,71.0,70.0,75.0,79.0,72.0,75.0,64,68,48,79,53,78,72,66,78,79,74,69,78,76,83,75,68,81,71,75,77,75,75,78,55,79,75,77,66,6,9,5,13,6,,71+2,71+2,71+2,75+0,75+0,75+0,75+0,75+0,77+2,77+2,77+2,75+2,78+2,78+2,78+2,75+2,74+2,77+2,77+2,77+2,74+2,73+2,72+2,72+2,72+2,73+2,16+2,Jauregizar
250959,/player/250959/angelo-stiller/260004/,26,4,2025-09-19,A. Stiller,Angelo Stiller,"CDM, CM",83,87,47500000,47000,24,2001-04-04,183,77,19.0,Bundesliga,1.0,36.0,VfB Stuttgart,LDM,6.0,,2023-08-25,2028.0,21,Germany,1337.0,SUB,16.0,Left,3,3,3,,Normal (170-185),Yes,84300000.0,#Playmaker ,"Tiki Taka +, Incisive Pass, Long Ball Pass, Press Proven",56.0,58.0,83.0,84.0,76.0,71.0,77,49,67,88,51,83,69,68,83,85,68,47,82,85,80,73,72,80,67,65,71,80,65,87,42,84,77,78,69,7,14,5,9,9,,68+3,68+3,68+3,75+0,74+0,74+0,74+0,75+0,78+3,78+3,78+3,77+3,82+3,82+3,82+3,77+3,77+3,81+3,81+3,81+3,77+3,76+3,75+3,75+3,75+3,76+3,18+3,Angelo Stiller
229348,/player/229348/antonee-robinson/260004/,26,4,2025-09-19,A. Robinson,Antonee Robinson,"LB, LM",82,82,29500000,100000,27,1997-08-08,183,70,13.0,Premier League,1.0,144.0,Fulham FC,LB,33.0,,2020-08-20,2028.0,95,United States,1387.0,LB,5.0,Left,3,3,3,,Lean (185+),Yes,56100000.0,,"Long Ball Pass, Whipped Pass, Jockey, Intercept, Rapid, Relentless",88.0,46.0,75.0,77.0,78.0,80.0,81,44,64,76,45,79,80,39,74,77,87,89,73,80,71,46,81,90,73,43,83,83,76,78,45,73,78,81,76,12,9,15,14,9,,66+3,66+3,66+3,74+0,72+0,72+0,72+0,74+0,74+3,74+3,74+3,78+3,76+3,76+3,76+3,78+3,81+1,79+3,79+3,79+3,81+1,80+2,78+3,78+3,78+3,80+2,19+3,Antonee Robinson
189596,/player/189596/thomas-muller/260004/,26,4,2025-09-19,T. Müller,Thomas Müller,"CAM, ST, RM",80,80,8500000,10000,35,1989-09-13,185,76,39.0,Major League Soccer,1.0,101112.0,Vancouver Whitecaps FC,CAM,13.0,,2025-08-06,2025.0,21,Germany,,,,Right,4,3,3,,Lean (185+),Yes,12800000.0,,Precision Header,59.0,79.0,82.0,78.0,55.0,65.0,85,81,79,83,84,77,81,59,79,80,53,63,67,88,68,78,73,63,66,74,62,58,90,87,70,88,47,57,46,6,7,11,14,14,,79+1,79+1,79+1,79+0,80+0,80+0,80+0,79+0,80+0,80+0,80+0,78+2,79+1,79+1,79+1,78+2,67+3,68+3,68+3,68+3,67+3,65+3,62+3,62+3,62+3,65+3,19+3,Thomas Müller
228579,/player/228579/benjamin-henrichs/260004/,26,4,2025-09-19,B. Henrichs,Benjamin Henrichs,"RB, RM, LB",80,80,19000000,58000,28,1997-02-23,185,84,19.0,Bundesliga,1.0,112172.0,RB Leipzig,RES,39.0,,2021-04-12,2028.0,21,Germany,,,,Right,4,3,3,,Normal (185+),Yes,32299999.0,,"Incisive Pass, Jockey, Block, Slide Tackle, Bruiser",73.0,54.0,76.0,78.0,78.0,74.0,79,50,66,80,53,79,74,60,72,78,74,73,75,79,69,62,77,73,74,51,72,77,70,74,59,78,78,81,84,8,9,13,12,14,,67+3,67+3,67+3,73+0,71+0,71+0,71+0,73+0,73+3,73+3,73+3,75+3,75+3,75+3,75+3,75+3,78+2,77+3,77+3,77+3,78+2,78+2,77+3,77+3,77+3,78+2,18+3,Benjamin Henrichs
244778,/player/244778/francisco-trincao/260004/,26,4,2025-09-19,Trincão,Francisco António Machado Mota de Castro Trincão,"CAM, RM, RW, ST",82,84,38000000,28000,25,1999-12-29,184,74,308.0,Primeira Liga,1.0,237.0,Sporting CP,CAM,17.0,,2023-07-01,2026.0,38,Portugal,1354.0,SUB,16.0,Left,2,4,3,,Lean (170-185),Yes,78900000.0,#Dribbler,"Finesse Shot, Low Driven Shot, Incisive Pass, Inventive, Technical, First Touch, Trickster",80.0,80.0,79.0,84.0,40.0,71.0,75,81,66,80,72,86,82,74,74,83,80,80,84,82,75,81,79,85,72,81,50,37,82,84,71,82,40,36,34,5,9,6,15,7,,79+3,79+3,79+3,82+0,82+0,82+0,82+0,82+0,82+2,82+2,82+2,81+3,77+3,77+3,77+3,81+3,64+3,61+3,61+3,61+3,64+3,60+3,53+3,53+3,53+3,60+3,17+3,Trincão
239380,/player/239380/noa-lang/260004/,26,4,2025-09-19,N. Lang,Noa Noëll Lang,"LW, LM",80,81,25000000,100000,26,1999-06-17,179,69,31.0,Serie A,1.0,48.0,Napoli,SUB,70.0,,2025-07-17,2030.0,34,Netherlands,105035.0,SUB,17.0,Right,3,5,1,,Lean (170-185),Yes,44400000.0,#Acrobat,"Gamechanger, Incisive Pass, Technical, First Touch, Quick Step",80.0,77.0,73.0,84.0,50.0,68.0,69,80,49,77,80,84,75,57,68,84,84,76,87,82,83,74,68,78,60,76,74,57,75,77,73,83,47,51,43,13,7,13,12,12,,75+2,75+2,75+2,80+0,79+0,79+0,79+0,80+0,79+2,79+2,79+2,79+2,75+2,75+2,75+2,79+2,67+2,66+2,66+2,66+2,67+2,64+2,58+2,58+2,58+2,64+2,19+2,N. Lang
230666,/player/230666/gabriel-fernando-de-jesus/260004/,26,4,2025-09-19,Gabriel Jesus,Gabriel Fernando de Jesus,"ST, CAM",80,80,21500000,140000,28,1997-04-03,175,73,13.0,Premier League,1.0,1.0,Arsenal,RES,9.0,,2022-07-04,2027.0,54,Brazil,,,,Right,3,4,3,,Unique,Yes,39800000.0,"#Dribbler, #Acrobat","Technical, First Touch, Relentless",81.0,79.0,74.0,86.0,39.0,71.0,73,79,76,79,77,87,75,54,66,84,85,78,88,80,89,82,85,66,67,75,82,32,81,78,75,78,45,30,28,13,8,6,6,15,,80+0,80+0,80+0,81+-1,81+-1,81+-1,81+-1,81+-1,81+-1,81+-1,81+-1,79+1,73+3,73+3,73+3,79+1,60+3,59+3,59+3,59+3,60+3,57+3,54+3,54+3,54+3,57+3,18+3,Gabriel Jesus
275298,/player/275298/aleksandar-pavlovic/260004/,26,4,2025-09-19,A. Pavlović,Aleksandar Pavlović,"CDM, CM",79,87,37000000,43000,21,2004-05-03,188,75,19.0,Bundesliga,1.0,21.0,FC Bayern München,SUB,45.0,,2023-05-06,2029.0,21,Germany,,,,Right,4,3,1,,Lean (185+),Yes,68500000.0,,Tiki Taka,62.0,64.0,79.0,78.0,76.0,71.0,73,66,71,85,66,77,73,66,85,83,69,56,72,80,70,64,78,77,72,65,57,74,62,77,50,79,79,74,77,6,9,15,9,7,,70+2,70+2,70+2,74+0,73+0,73+0,73+0,74+0,76+2,76+2,76+2,75+2,79+2,79+2,79+2,75+2,76+2,78+2,78+2,78+2,76+2,75+2,74+2,74+2,74+2,75+2,16+2,Aleksandar Pavlović
203980,/player/203980/konstantinos-fortounis/260004/,26,4,2025-09-19,K. Fortounis,Konstantinos FortounisΚωνσταντίνος Φορτούνης,"CAM, ST, RW, CM",80,80,16500000,36000,32,1992-10-16,183,70,350.0,Pro League,1.0,112883.0,Al Khaleej,RS,10.0,,2024-08-30,2026.0,22,Greece,,,,Right,5,3,2,,Lean (170-185),No,28100000.0,,"Incisive Pass, Inventive, Technical, First Touch",73.0,77.0,82.0,80.0,43.0,66.0,77,79,62,83,72,80,85,80,82,82,71,74,76,78,70,76,72,67,66,77,65,37,77,84,76,81,47,38,38,16,15,16,13,11,,76+2,76+2,76+2,79+0,79+0,79+0,79+0,79+0,80+0,80+0,80+0,79+1,76+2,76+2,76+2,79+1,62+2,63+2,63+2,63+2,62+2,59+2,54+2,54+2,54+2,59+2,21+2,K. Fortounis
245371,/player/245371/thiago-almada/260004/,26,4,2025-09-19,T. Almada,Thiago Ezequiel Almada,"CAM, CM",79,86,35000000,57000,24,2001-04-26,171,63,53.0,La Liga,1.0,240.0,Atlético Madrid,SUB,11.0,,2025-07-23,2030.0,52,Argentina,,,,Right,4,4,3,,Normal (170-185),No,80500000.0,#Acrobat,"Finesse Shot, Incisive Pass, First Touch, Quick Step",79.0,74.0,79.0,83.0,51.0,58.0,74,70,39,80,73,82,85,83,74,83,86,74,92,74,93,78,53,69,50,76,64,58,76,81,75,80,44,57,51,12,8,9,8,10,,72+3,72+3,72+3,79+0,78+0,78+0,78+0,79+0,79+3,79+3,79+3,78+3,76+3,76+3,76+3,78+3,68+3,66+3,66+3,66+3,68+3,64+3,56+3,56+3,56+3,64+3,17+3,T. Almada
237712,/player/237712/valentin-castellanos/260004/,26,4,2025-09-19,V. Castellanos,Valentín Mariano José Castellanos Giménez,ST,80,81,25000000,43000,26,1998-10-03,178,70,31.0,Serie A,1.0,46.0,Lazio,ST,11.0,,2023-07-21,2028.0,52,Argentina,,,,Right,3,3,3,,Normal (170-185),Yes,44400000.0,,"Finesse Shot, Incisive Pass, Technical",75.0,80.0,71.0,81.0,45.0,75.0,58,84,83,79,76,82,65,65,66,83,78,73,77,79,74,79,85,85,65,74,84,39,83,79,73,81,43,40,39,15,6,10,12,8,,80+1,80+1,80+1,78+0,81+0,81+0,81+0,78+0,80+1,80+1,80+1,78+3,75+3,75+3,75+3,78+3,62+3,63+3,63+3,63+3,62+3,60+3,58+3,58+3,58+3,60+3,18+3,V. Castellanos
241461,/player/241461/ferran-torres-garcia/260004/,26,4,2025-09-19,Ferran Torres,Ferran Torres García,"LW, RW, ST, LM",83,86,48000000,115000,25,2000-02-29,184,77,53.0,La Liga,1.0,241.0,FC Barcelona,SUB,7.0,,2022-01-01,2027.0,45,Spain,1362.0,SUB,11.0,Right,4,4,3,,Lean (170-185),Yes,102000000.0,,"Finesse Shot, Technical",83.0,81.0,79.0,83.0,35.0,68.0,81,84,75,82,74,84,76,60,77,83,86,80,85,81,78,79,84,72,69,81,54,34,82,79,74,82,35,24,28,12,9,11,15,12,,81+3,81+3,81+3,83+0,82+0,82+0,82+0,83+0,82+3,82+3,82+3,82+3,75+3,75+3,75+3,82+3,61+3,58+3,58+3,58+3,61+3,57+3,50+3,50+3,50+3,57+3,20+3,Ferran Torres
229391,/player/229391/joao-maria-palhinha-goncalves/260004/,26,4,2025-09-19,Palhinha,João Maria Lobo Alves Palhinha Gonçalves,"CDM, CM",83,83,31000000,82000,29,1995-07-09,190,83,13.0,Premier League,1.0,18.0,Tottenham Hotspur,CDM,6.0,FC Bayern München,,2026.0,38,Portugal,1354.0,SUB,6.0,Right,4,2,3,,Lean (185+),Yes,,"#Tackling , #Strength","Bruiser +, Slide Tackle",56.0,68.0,70.0,72.0,84.0,85.0,60,66,81,77,55,75,66,45,77,76,54,58,51,79,50,81,83,79,86,67,91,85,69,71,57,84,83,86,85,14,10,8,7,7,,73+3,73+3,73+3,69+0,72+0,72+0,72+0,69+0,72+3,72+3,72+3,71+3,76+3,76+3,76+3,71+3,76+3,81+2,81+2,81+2,76+3,77+3,83+0,83+0,83+0,77+3,17+3,Palhinha
235805,/player/235805/federico-chiesa/260004/,26,4,2025-09-19,F. Chiesa,Federico Chiesa,"RM, LM, ST, RW",81,81,27500000,105000,27,1997-10-25,175,70,13.0,Premier League,1.0,9.0,Liverpool,SUB,14.0,,2024-08-29,2028.0,27,Italy,,,,Right,4,4,3,,Unique,Yes,50900000.0,#Acrobat,"Finesse Shot, Rapid, Quick Step",87.0,80.0,75.0,83.0,44.0,68.0,75,80,53,77,78,84,78,62,74,81,88,87,89,80,84,84,74,63,67,79,74,46,81,77,62,80,42,44,39,6,7,8,9,7,,78+3,78+3,78+3,81+0,81+0,81+0,81+0,81+0,80+1,80+1,80+1,80+1,74+3,74+3,74+3,80+1,64+3,63+3,63+3,63+3,64+3,61+3,55+3,55+3,55+3,61+3,15+3,Federico Chiesa
225953,/player/225953/steven-bergwijn/260004/,26,4,2025-09-19,S. Bergwijn,Steven Charles Bergwijn,"LM, LW",80,80,22500000,49000,27,1997-10-08,171,78,350.0,Pro League,1.0,607.0,Al Ittihad,LM,34.0,,2024-09-02,2027.0,34,Netherlands,,,,Right,1,4,3,,Stocky (170-185),Yes,36000000.0,#Dribbler,"Power Shot, Gamechanger, Technical",80.0,78.0,76.0,84.0,41.0,71.0,76,76,60,81,75,86,81,65,66,83,82,79,76,82,90,83,74,65,79,77,57,33,79,78,74,77,47,36,32,11,14,12,14,13,,78+2,78+2,78+2,80+0,81+-1,81+-1,81+-1,80+0,80+0,80+0,80+0,79+1,73+3,73+3,73+3,79+1,62+3,60+3,60+3,60+3,62+3,58+3,53+3,53+3,53+3,58+3,21+3,S. Bergwijn
206113,/player/206113/serge-gnabry/260004/,26,4,2025-09-19,S. Gnabry,Serge David Gnabry,"LM, RM, ST, CAM",82,82,30000000,78000,29,1995-07-14,176,77,19.0,Bundesliga,1.0,21.0,FC Bayern München,CAM,7.0,,2017-07-01,2026.0,21,Germany,1337.0,SUB,20.0,Right,4,4,3,,Unique,Yes,49500000.0,,"Gamechanger, Technical",79.0,83.0,78.0,84.0,43.0,66.0,77,84,42,83,83,85,74,62,73,82,84,75,85,82,87,86,68,66,68,80,58,38,84,80,67,82,45,44,43,14,10,10,9,7,,78+3,78+3,78+3,82+0,82+0,82+0,82+0,82+0,82+0,82+0,82+0,81+1,76+3,76+3,76+3,81+1,64+3,62+3,62+3,62+3,64+3,60+3,53+3,53+3,53+3,60+3,18+3,S. Gnabry
192505,/player/192505/romelu-lukaku/260004/,26,4,2025-09-19,R. Lukaku,Romelu Menama Lukaku Bolingoli,ST,84,84,34000000,150000,32,1993-05-13,191,94,31.0,Serie A,1.0,48.0,Napoli,RES,9.0,,2024-08-29,2027.0,7,Belgium,,,,Left,4,3,3,,Unique,Yes,57800000.0,#Strength,"Power Shot, Low Driven Shot, Incisive Pass, Press Proven, Enforcer",79.0,82.0,75.0,75.0,41.0,84.0,68,84,83,80,70,76,74,60,70,80,71,86,55,84,54,86,92,74,94,73,68,36,88,82,88,82,35,40,30,8,15,14,7,10,,83+1,83+1,83+1,79+0,81+0,81+0,81+0,79+0,79+3,79+3,79+3,78+3,75+3,75+3,75+3,78+3,61+3,61+3,61+3,61+3,61+3,59+3,58+3,58+3,58+3,59+3,18+3,R. Lukaku
241721,/player/241721/rafael-da-conceicao-leao/260004/,26,4,2025-09-19,Rafael Leão,Rafael Alexandre da Conceição Leão,"LW, LM",84,85,49500000,79000,26,1999-06-10,188,81,31.0,Serie A,1.0,47.0,AC Milan,SUB,10.0,,2019-08-01,2028.0,38,Portugal,1354.0,RES,17.0,Right,4,5,3,,Normal (185+),Yes,87900000.0,"#Speedster, #Dribbler","Gamechanger, Incisive Pass, Rapid, Trickster, Quick Step",93.0,78.0,80.0,86.0,28.0,75.0,84,82,72,83,74,87,79,60,70,86,93,93,84,83,79,80,89,75,79,74,60,24,76,81,63,83,22,24,21,10,12,15,11,9,,81+3,81+3,81+3,84+0,83+0,83+0,83+0,84+0,83+2,83+2,83+2,84+1,75+3,75+3,75+3,84+1,61+3,56+3,56+3,56+3,61+3,56+3,48+3,48+3,48+3,56+3,19+3,Rafael Leão
243812,/player/243812/rodrygo-silva-de-goes/260004/,26,4,2025-09-19,Rodrygo,Rodrygo Silva de Goes,"RW, ST, RM",85,90,81500000,220000,24,2001-01-09,174,64,53.0,La Liga,1.0,243.0,Real Madrid,SUB,11.0,,2019-07-01,2028.0,54,Brazil,,,,Right,4,4,4,,Lean (170-185),Yes,173200000.0,"#Dribbler, #Acrobat","Finesse Shot, Dead Ball, Gamechanger, Inventive, Technical",88.0,80.0,79.0,87.0,31.0,64.0,79,83,67,79,67,88,82,77,73,87,89,87,86,83,84,76,77,81,59,77,52,21,83,84,82,85,24,34,30,9,8,12,8,5,,80+3,80+3,80+3,84+0,84+0,84+0,84+0,84+0,84+3,84+3,84+3,84+3,76+3,76+3,76+3,84+3,62+3,57+3,57+3,57+3,62+3,57+3,47+3,47+3,47+3,57+3,16+3,Rodrygo
230899,/player/230899/ademola-lookman/260004/,26,4,2025-09-19,A. Lookman,Ademola Olajade Alade Aylola Lookman,"ST, CAM",84,84,45500000,105000,27,1997-10-20,174,71,31.0,Serie A,1.0,39.0,Atalanta,RES,11.0,,2022-08-04,2026.0,133,Nigeria,,,,Right,4,4,3,,Lean (170-185),Yes,77400000.0,"#Dribbler, #Acrobat, #Clinical finisher, #Complete forward","Dead Ball, Low Driven Shot, Gamechanger, First Touch, Quick Step",86.0,84.0,73.0,88.0,32.0,67.0,66,87,71,80,80,89,72,56,62,88,90,83,93,86,81,86,82,73,63,80,68,35,87,80,62,80,30,23,24,12,12,9,15,6,,83+1,83+1,83+1,84+0,85+-1,85+-1,85+-1,84+0,84+0,84+0,84+0,82+2,75+3,75+3,75+3,82+2,60+3,57+3,57+3,57+3,60+3,56+3,49+3,49+3,49+3,56+3,19+3,A. Lookman
240130,/player/240130/eder-gabriel-militao/260004/,26,4,2025-09-19,Éder Militão,Éder Gabriel Militão,CB,84,87,48000000,210000,27,1998-01-18,186,79,53.0,La Liga,1.0,243.0,Real Madrid,RCB,3.0,,2019-07-01,2028.0,54,Brazil,,,,Right,3,2,3,,Unique,Yes,102000000.0,,"Precision Header, Block, Intercept, Aerial Fortress",82.0,50.0,69.0,71.0,85.0,82.0,69,48,86,78,34,70,60,40,76,72,80,83,66,83,62,62,91,85,79,42,83,84,64,59,60,76,84,85,84,11,8,15,12,15,,68+3,68+3,68+3,69+0,68+0,68+0,68+0,69+0,68+3,68+3,68+3,72+3,72+3,72+3,72+3,72+3,80+3,80+3,80+3,80+3,80+3,81+3,83+3,83+3,83+3,81+3,20+3,Éder Militão
205452,/player/205452/antonio-rudiger/260004/,26,4,2025-09-19,A. Rüdiger,Antonio Rüdiger,CB,86,86,44000000,260000,32,1993-03-03,190,85,53.0,La Liga,1.0,243.0,Real Madrid,SUB,22.0,,2022-07-01,2026.0,21,Germany,1337.0,RCB,2.0,Right,3,2,4,,Lean (185+),Yes,90200000.0,#Strength,"Aerial Fortress +, Long Ball Pass, Jockey, Block, Bruiser",79.0,55.0,72.0,70.0,84.0,86.0,68,40,83,83,34,69,50,56,81,74,70,87,56,85,50,84,89,70,91,67,93,83,54,61,40,80,84,85,84,14,15,10,12,8,,68+3,68+3,68+3,68+0,69+0,69+0,69+0,68+0,69+3,69+3,69+3,71+3,74+3,74+3,74+3,71+3,79+3,82+3,82+3,82+3,79+3,80+3,85+1,85+1,85+1,80+3,20+3,Antonio Rüdiger
253396,/player/253396/giuliano-simeone/260004/,26,4,2025-09-19,G. Simeone,Giuliano Simeone Baldini,"RM, ST, LM, RW",81,86,39500000,63000,22,2002-12-18,173,75,53.0,La Liga,1.0,240.0,Atlético Madrid,RM,20.0,,2020-09-03,2028.0,52,Argentina,,,,Right,3,3,1,,Normal (170-185),Yes,85900000.0,#Speedster,Rapid,91.0,73.0,72.0,81.0,45.0,81.0,76,76,69,77,62,82,56,46,66,78,92,91,85,79,83,76,87,84,79,66,81,44,78,76,62,77,42,43,39,8,14,7,14,12,,77+2,77+2,77+2,80+0,79+0,79+0,79+0,80+0,78+2,78+2,78+2,80+2,73+2,73+2,73+2,80+2,66+2,63+2,63+2,63+2,66+2,63+2,59+2,59+2,59+2,63+2,19+2,G. Simeone
253473,/player/253473/samuele-ricci/260004/,26,4,2025-09-19,S. Ricci,Samuele Ricci,"CDM, CM",78,85,26500000,37000,23,2001-08-21,181,76,31.0,Serie A,1.0,47.0,AC Milan,SUB,4.0,,2022-07-01,2029.0,27,Italy,1343.0,RES,24.0,Right,3,3,1,,Normal (170-185),Yes,50400000.0,,"Inventive, Jockey",73.0,60.0,75.0,79.0,73.0,72.0,62,53,57,83,54,78,60,62,79,81,74,72,76,76,75,70,70,84,65,69,74,75,68,78,52,80,74,76,76,14,12,6,11,13,,68+2,68+2,68+2,73+0,73+0,73+0,73+0,73+0,76+2,76+2,76+2,75+2,78+2,78+2,78+2,75+2,76+2,77+2,77+2,77+2,76+2,75+2,73+2,73+2,73+2,75+2,19+2,Samuele Ricci
272926,/player/272926/lucas-bergvall/260004/,26,4,2025-09-19,L. Bergvall,Lucas Erik Holger Bergvall,"CM, CDM, CAM",77,87,22500000,57000,19,2006-02-02,186,74,13.0,Premier League,1.0,18.0,Tottenham Hotspur,LCM,15.0,,2024-07-01,2031.0,46,Sweden,1363.0,RCM,7.0,Right,3,3,1,,Normal (185+),No,47300000.0,,Press Proven,75.0,63.0,76.0,77.0,71.0,73.0,68,63,54,79,49,78,73,65,79,77,77,73,73,76,73,66,72,78,70,61,75,77,73,78,53,80,69,75,72,7,13,13,10,9,,69+2,69+2,69+2,74+0,73+0,73+0,73+0,74+0,75+2,75+2,75+2,75+2,77+2,77+2,77+2,75+2,75+2,76+2,76+2,76+2,75+2,74+2,72+2,72+2,72+2,74+2,17+2,L. Bergvall
237383,/player/237383/alessandro-bastoni/260004/,26,4,2025-09-19,A. Bastoni,Alessandro Bastoni,CB,87,89,87000000,63000,26,1999-04-13,190,75,31.0,Serie A,1.0,44.0,Inter,LCB,95.0,,2017-08-30,2028.0,27,Italy,1343.0,RCB,21.0,Left,2,2,4,,Unique,Yes,150100000.0,#Tactician ,"Pinged Pass, Long Ball Pass, Whipped Pass, Block, Relentless",74.0,46.0,75.0,76.0,88.0,82.0,72,39,86,82,44,74,64,41,84,82,71,77,64,89,60,59,88,81,81,48,83,88,39,72,50,85,87,90,84,11,5,9,11,12,,64+3,64+3,64+3,69+0,67+0,67+0,67+0,69+0,70+3,70+3,70+3,73+3,77+3,77+3,77+3,73+3,82+3,85+3,85+3,85+3,82+3,83+3,86+3,86+3,86+3,83+3,18+3,Alessandro Bastoni
252802,/player/252802/wilfried-singo/260004/,26,4,2025-09-19,W. Singo,Wilfried Stephane Singo,"CB, RB",80,85,29000000,48000,24,2000-12-25,190,79,68.0,Süper Lig,1.0,325.0,Galatasaray SK,SUB,90.0,,2025-08-29,2030.0,108,Côte d'Ivoire,,,,Right,2,3,1,,Normal (185+),Yes,57300000.0,,"Precision Header, Intercept, Aerial Fortress, Rapid",80.0,59.0,70.0,73.0,79.0,84.0,73,55,80,75,50,74,67,40,70,74,72,87,66,79,60,81,89,79,85,51,84,78,66,64,46,75,77,81,80,11,6,7,13,7,,71+2,71+2,71+2,71+0,71+0,71+0,71+0,71+0,70+2,70+2,70+2,73+2,72+2,72+2,72+2,73+2,77+2,77+2,77+2,77+2,77+2,78+2,80+2,80+2,80+2,78+2,17+2,W. Singo
210697,/player/210697/christian-norgaard/260004/,26,4,2025-09-19,C. Nørgaard,Christian Thers Nørgaard,"CDM, CM",80,80,15000000,125000,31,1994-03-10,187,77,13.0,Premier League,1.0,1.0,Arsenal,SUB,16.0,,2025-07-10,2027.0,13,Denmark,1331.0,SUB,15.0,Right,3,3,1,,Normal (185+),Yes,27800000.0,,"Precision Header, Intercept, Aerial Fortress",49.0,65.0,74.0,71.0,79.0,79.0,68,63,69,79,51,69,74,65,80,76,52,47,61,80,67,72,72,82,78,64,80,84,66,70,62,77,77,80,79,11,9,13,14,11,,68+2,68+2,68+2,68+0,69+0,69+0,69+0,68+0,70+2,70+2,70+2,70+2,76+2,76+2,76+2,70+2,75+2,79+1,79+1,79+1,75+2,75+2,78+2,78+2,78+2,75+2,19+2,Christian Nørgaard
212096,/player/212096/vincenzo-grifo/260004/,26,4,2025-09-19,V. Grifo,Vincenzo Grifo,"LM, CAM, LW",80,80,16500000,37000,32,1993-04-07,180,80,19.0,Bundesliga,1.0,25.0,SC Freiburg,LM,32.0,,2019-09-02,2029.0,27,Italy,,,,Right,2,4,2,,Normal (170-185),Yes,28100000.0,"#Crosser, #FK Specialist","Dead Ball +, Finesse Shot, Gamechanger, Incisive Pass, Whipped Pass",70.0,76.0,82.0,81.0,43.0,66.0,88,73,47,81,73,81,89,88,76,82,73,68,78,82,76,85,65,81,65,75,52,45,79,78,74,77,48,41,30,10,12,8,8,14,,74+2,74+2,74+2,79+0,78+0,78+0,78+0,79+0,79+1,79+1,79+1,79+1,76+2,76+2,76+2,79+1,65+2,63+2,63+2,63+2,65+2,61+2,52+2,52+2,52+2,61+2,19+2,Vincenzo Grifo
259240,/player/259240/adam-wharton/260004/,26,4,2025-09-19,A. Wharton,Adam James Wharton,"CDM, CM",79,86,33500000,58000,21,2004-02-06,182,70,13.0,Premier League,1.0,1799.0,Crystal Palace,RCM,20.0,,2024-02-01,2029.0,14,England,,,,Left,4,3,1,,Lean (170-185),Yes,70400000.0,,"Slide Tackle, First Touch, Press Proven",62.0,62.0,81.0,77.0,75.0,69.0,77,60,62,83,51,76,77,71,84,80,60,63,69,78,71,67,68,69,66,63,76,77,66,83,53,82,74,78,76,5,11,13,6,12,,68+2,68+2,68+2,73+0,72+0,72+0,72+0,73+0,75+2,75+2,75+2,74+2,78+2,78+2,78+2,74+2,75+2,78+2,78+2,78+2,75+2,74+2,74+2,74+2,74+2,74+2,16+2,A. Wharton
243580,/player/243580/lois-openda/260004/,26,4,2025-09-19,L. Openda,Ikoma Loïs Openda,ST,83,85,46000000,77000,25,2000-02-16,175,79,31.0,Serie A,1.0,45.0,Juventus,SUB,20.0,RB Leipzig,,2026.0,7,Belgium,,,,Right,4,3,3,,Normal (170-185),Yes,,#Speedster,"Finesse Shot, Acrobatic, Low Driven Shot, Rapid, Quick Step",95.0,81.0,69.0,81.0,31.0,80.0,69,84,79,75,77,79,66,53,59,81,94,96,83,84,85,85,93,83,80,74,74,26,83,69,74,80,29,23,19,9,8,10,8,13,,83+2,83+2,83+2,81+0,81+0,81+0,81+0,81+0,79+3,79+3,79+3,79+3,70+3,70+3,70+3,79+3,59+3,55+3,55+3,55+3,59+3,56+3,50+3,50+3,50+3,56+3,18+3,L. Openda
246147,/player/246147/mason-greenwood/260004/,26,4,2025-09-19,M. Greenwood,Mason Will John Greenwood,"RM, CAM, RW",82,86,43500000,47000,23,2001-10-01,181,80,16.0,Ligue 1,1.0,219.0,Olympique de Marseille,RM,10.0,,2024-07-18,2029.0,14,England,,,,Left,5,4,3,,Lean (170-185),Yes,85900000.0,#Acrobat,"Finesse Shot, Power Shot, Low Driven Shot, Gamechanger, Technical",83.0,83.0,77.0,83.0,37.0,63.0,74,82,67,78,76,84,78,75,75,84,82,84,86,81,75,86,76,78,60,82,49,34,83,80,81,81,27,39,33,5,6,6,9,8,,80+3,80+3,80+3,82+0,82+0,82+0,82+0,82+0,82+3,82+3,82+3,81+3,76+3,76+3,76+3,81+3,62+3,59+3,59+3,59+3,62+3,59+3,50+3,50+3,50+3,59+3,15+3,Sam Greenwood
256948,/player/256948/christos-tzolis/260004/,26,4,2025-09-19,C. Tzolis,Christos TzolisΧρήστος Τζόλης,"LM, LW",80,87,42500000,33000,23,2002-01-30,179,73,4.0,Pro League,1.0,231.0,Club Brugge KV,LW,8.0,,2024-07-04,2029.0,22,Greece,,,,Right,4,4,1,,Normal (170-185),Yes,72300000.0,,"Finesse Shot, Low Driven Shot, Incisive Pass, Rapid, Quick Step",78.0,77.0,75.0,83.0,38.0,71.0,72,78,68,78,76,84,75,66,74,81,85,72,84,77,85,78,78,85,63,77,70,29,79,78,68,78,33,39,38,15,10,12,6,10,,77+2,77+2,77+2,79+0,79+0,79+0,79+0,79+0,79+2,79+2,79+2,79+2,74+2,74+2,74+2,79+2,62+2,60+2,60+2,60+2,62+2,58+2,52+2,52+2,52+2,58+2,18+2,C. Tzolis
251852,/player/251852/karim-adeyemi/260004/,26,4,2025-09-19,K. Adeyemi,Karim-David Adeyemi,"RM, LW, CAM, RW",81,86,39000000,48000,23,2002-01-18,180,77,19.0,Bundesliga,1.0,22.0,Borussia Dortmund,LAM,27.0,,2022-07-01,2027.0,21,Germany,1337.0,SUB,14.0,Left,4,4,3,,Lean (170-185),Yes,69200000.0,"#Speedster, #Acrobat","Quick Step +, Rapid",96.0,76.0,72.0,82.0,36.0,69.0,71,77,71,74,71,84,67,62,69,79,96,96,86,81,81,79,92,77,67,73,59,31,79,73,70,76,25,34,49,12,12,7,12,7,,79+3,79+3,79+3,80+0,80+0,80+0,80+0,80+0,79+3,79+3,79+3,80+3,72+3,72+3,72+3,80+3,63+3,57+3,57+3,57+3,63+3,60+3,52+3,52+3,52+3,60+3,18+3,K. Adeyemi
208920,/player/208920/nathan-ake/260004/,26,4,2025-09-19,N. Aké,Nathan Benjamin Aké,"CB, LB, LM",83,83,30000000,145000,30,1995-02-18,180,75,13.0,Premier League,1.0,10.0,Manchester City,SUB,6.0,,2020-08-05,2027.0,34,Netherlands,105035.0,SUB,5.0,Left,3,2,3,,Normal (170-185),Yes,55500000.0,,,72.0,53.0,72.0,75.0,84.0,74.0,63,48,82,80,52,73,64,59,75,79,73,71,67,84,68,64,86,64,76,56,80,83,51,68,53,79,84,84,84,10,7,7,16,10,,67+3,67+3,67+3,69+0,68+0,68+0,68+0,69+0,70+3,70+3,70+3,70+3,74+3,74+3,74+3,70+3,77+3,80+3,80+3,80+3,77+3,78+3,82+1,82+1,82+1,78+3,19+3,N. Aké
230384,/player/230384/nailton-suzuki-ito/260004/,26,4,2025-09-19,Nailton Suzuki,Nailton Suzuki Ito,"CAM, ST, CM",81,81,25500000,40000,29,1996-02-29,180,75,7.0,Série A,1.0,1035.0,Atlético Mineiro,ST,11.0,,2025-06-18,2028.0,54,Brazil,,,,Right,4,3,3,,Normal (170-185),No,53600000.0,,Slide Tackle,82.0,73.0,77.0,82.0,52.0,71.0,67,72,64,85,63,84,70,67,83,85,85,79,75,80,67,75,81,75,74,79,54,53,82,75,55,78,50,52,42,8,9,12,8,8,,77+3,77+3,77+3,80+0,80+0,80+0,80+0,80+0,81+0,81+0,81+0,80+1,78+3,78+3,78+3,80+1,67+3,68+3,68+3,68+3,67+3,65+3,60+3,60+3,60+3,65+3,16+3,Nailton Suzuki
232498,/player/232498/isaac-palazon-camacho/260004/,26,4,2025-09-19,Isi,Isaac Palazón Camacho,"CAM, RM, ST, CM",81,81,25000000,35000,30,1994-12-27,169,71,53.0,La Liga,1.0,480.0,Rayo Vallecano,RM,7.0,,2020-01-23,2028.0,45,Spain,,,,Left,3,3,3,,Normal (170-),Yes,52500000.0,,"Rapid, First Touch",84.0,77.0,80.0,82.0,39.0,65.0,82,75,35,81,68,82,77,76,78,82,85,84,86,77,81,78,64,75,64,81,55,41,77,81,78,78,39,41,37,11,8,10,13,15,,74+3,74+3,74+3,81+0,79+0,79+0,79+0,81+0,81+0,81+0,81+0,80+1,76+3,76+3,76+3,80+1,65+3,62+3,62+3,62+3,65+3,60+3,50+3,50+3,50+3,60+3,19+3,Isi
254796,/player/254796/noni-madueke/260004/,26,4,2025-09-19,N. Madueke,Chukwunonso Tristan Madueke,"RW, RM",80,84,30000000,115000,23,2002-03-10,182,75,13.0,Premier League,1.0,1.0,Arsenal,SUB,20.0,,2025-07-18,2030.0,14,England,,,,Left,3,4,1,,Lean (170-185),Yes,57800000.0,,"Low Driven Shot, Technical, Quick Step",88.0,75.0,74.0,83.0,45.0,69.0,74,75,55,76,65,85,76,65,67,83,89,88,81,76,79,79,76,75,67,74,67,45,79,75,75,77,45,45,30,5,13,6,12,15,,76+2,76+2,76+2,80+0,79+0,79+0,79+0,80+0,79+2,79+2,79+2,79+2,73+2,73+2,73+2,79+2,64+2,62+2,62+2,62+2,64+2,61+2,55+2,55+2,55+2,61+2,18+2,N. Madueke
277179,/player/277179/fermin-lopez-marin/260004/,26,4,2025-09-19,Fermín,Fermín López Marín,"CAM, CM, LW, ST",80,87,43000000,80000,22,2003-05-11,174,64,53.0,La Liga,1.0,241.0,FC Barcelona,CAM,16.0,,2023-07-01,2029.0,45,Spain,1362.0,SUB,25.0,Right,4,3,1,,Lean (170-185),No,96800000.0,,Precision Header,74.0,75.0,75.0,82.0,62.0,55.0,64,79,76,81,57,82,69,55,78,82,76,73,83,76,81,70,70,71,44,77,58,68,82,81,63,78,43,74,60,8,14,8,7,7,,76+2,76+2,76+2,78+0,79+0,79+0,79+0,78+0,80+2,80+2,80+2,78+2,79+2,79+2,79+2,78+2,70+2,70+2,70+2,70+2,70+2,69+2,64+2,64+2,64+2,69+2,16+2,Fermín
216547,/player/216547/rafael-a-ferreira-silva/260004/,26,4,2025-09-19,Rafa,Rafael Alexandre Fernandes Ferreira da Silva,"CAM, ST, LM",82,82,24000000,57000,32,1993-05-17,172,66,68.0,Süper Lig,1.0,327.0,Beşiktaş JK,CAM,27.0,,2024-07-01,2027.0,38,Portugal,,,,Right,2,4,3,,Lean (170-185),Yes,45600000.0,#Acrobat,"Acrobatic, Inventive, Rapid, First Touch, Quick Step",89.0,75.0,78.0,85.0,48.0,55.0,78,75,49,80,68,85,81,56,76,84,91,87,91,76,88,77,64,79,46,77,47,58,83,81,59,81,44,47,39,9,11,11,12,8,,75+3,75+3,75+3,82+0,81+0,81+0,81+0,82+0,82+0,82+0,82+0,82+0,77+3,77+3,77+3,82+0,68+3,64+3,64+3,64+3,68+3,65+3,53+3,53+3,53+3,65+3,17+3,Rafa
243586,/player/243586/ayoub-el-kaabi/260004/,26,4,2025-09-19,A. El Kaabi,Ayoub El Kaabiأيوب الكعبي,ST,80,80,17000000,44000,32,1993-06-25,182,76,63.0,Super League,1.0,280.0,Olympiacos FC,ST,9.0,,2023-08-06,2026.0,129,Morocco,111111.0,SUB,20.0,Left,2,3,1,,Normal (170-185),No,35700000.0,,"Finesse Shot, Chip Shot",82.0,82.0,62.0,75.0,46.0,77.0,60,84,80,68,82,72,68,55,45,79,80,83,75,80,76,83,89,78,77,74,71,41,82,66,84,72,40,44,42,15,10,13,13,7,,80+0,80+0,80+0,75+0,77+0,77+0,77+0,75+0,74+2,74+2,74+2,73+2,67+2,67+2,67+2,73+2,61+2,58+2,58+2,58+2,61+2,60+2,58+2,58+2,58+2,60+2,19+2,A. El Kaabi
244257,/player/244257/jonathan-burkardt/260004/,26,4,2025-09-19,J. Burkardt,Jonathan Michael Burkardt,ST,82,85,42000000,43000,24,2000-07-11,181,79,19.0,Bundesliga,1.0,1824.0,Eintracht Frankfurt,ST,9.0,,2018-07-01,2027.0,21,Germany,1337.0,RES,25.0,Right,4,3,3,,Normal (170-185),Yes,74600000.0,,Finesse Shot,83.0,82.0,67.0,81.0,44.0,76.0,62,86,74,74,82,82,60,52,60,81,82,83,76,83,77,83,79,78,76,76,72,42,85,71,71,76,45,38,33,14,9,9,6,14,,82+3,82+3,82+3,79+0,81+0,81+0,81+0,79+0,78+3,78+3,78+3,78+3,72+3,72+3,72+3,78+3,62+3,61+3,61+3,61+3,62+3,60+3,57+3,57+3,57+3,60+3,19+3,J. Burkardt
241236,/player/241236/antoine-semenyo/260004/,26,4,2025-09-19,A. Semenyo,Antoine Serlom Semenyo,"RM, LM, RW",80,82,26500000,76000,25,2000-01-07,185,79,13.0,Premier League,1.0,1943.0,AFC Bournemouth,LM,24.0,,2023-01-27,2030.0,117,Ghana,111462.0,SUB,25.0,Right,5,3,3,,Normal (185+),Yes,52300000.0,,"Low Driven Shot, Aerial Fortress, Long Throw, Enforcer",80.0,78.0,73.0,81.0,40.0,79.0,74,83,64,74,69,82,74,61,69,81,78,82,79,79,74,81,81,84,79,69,71,34,81,76,69,79,34,44,31,10,11,14,15,7,,78+3,78+3,78+3,79+0,79+0,79+0,79+0,79+0,78+3,78+3,78+3,79+3,73+3,73+3,73+3,79+3,62+3,60+3,60+3,60+3,62+3,59+3,54+3,54+3,54+3,59+3,18+3,A. Semenyo
237681,/player/237681/takefusa-kubo/260004/,26,4,2025-09-19,T. Kubo,Takefusa Kubo久保 建英,"RM, RW",82,86,43500000,46000,24,2001-06-04,173,64,53.0,La Liga,1.0,457.0,Real Sociedad,RM,14.0,,2022-07-19,2029.0,163,Japan,,,,Left,4,4,3,,Lean (170-185),Yes,94600000.0,"#Dribbler, #Acrobat","Finesse Shot, Low Driven Shot, Gamechanger, Inventive, Technical, First Touch",86.0,77.0,78.0,85.0,40.0,64.0,80,79,49,78,67,86,77,74,74,84,89,84,86,80,83,77,70,74,60,76,59,28,80,80,63,80,40,43,46,6,7,15,10,10,,76+3,76+3,76+3,82+0,81+0,81+0,81+0,82+0,81+3,81+3,81+3,81+3,75+3,75+3,75+3,81+3,65+3,60+3,60+3,60+3,65+3,61+3,51+3,51+3,51+3,61+3,16+3,T. Kubo
264309,/player/264309/arda-guler/260004/,26,4,2025-09-19,A. Güler,Arda Güler,"RM, CAM, RW",81,89,56500000,125000,20,2005-02-25,175,70,53.0,La Liga,1.0,243.0,Real Madrid,RM,15.0,,2023-07-06,2029.0,48,Türkiye,,,,Left,3,4,1,,Normal (170-185),Yes,127100000.0,,"Finesse Shot, Incisive Pass, Whipped Pass, Inventive, Technical",70.0,77.0,83.0,83.0,52.0,50.0,82,76,41,84,70,84,85,77,82,83,73,68,81,76,85,78,51,70,43,81,42,55,79,84,71,77,52,57,46,13,10,11,14,10,,73+2,73+2,73+2,80+0,79+0,79+0,79+0,80+0,81+2,81+2,81+2,80+2,79+2,79+2,79+2,80+2,68+2,66+2,66+2,66+2,68+2,64+2,54+2,54+2,54+2,64+2,19+2,Arda Güler
264652,/player/264652/bradley-barcola/260004/,26,4,2025-09-19,B. Barcola,Bradley Barcola,"LW, RW, LM",84,88,61500000,110000,22,2002-09-02,188,70,16.0,Ligue 1,1.0,73.0,Paris Saint-Germain,SUB,29.0,,2023-08-31,2028.0,18,France,1335.0,SUB,20.0,Right,4,4,3,,Lean (185+),Yes,118400000.0,#Acrobat,"Finesse Shot, Gamechanger, Rapid",90.0,77.0,78.0,84.0,39.0,66.0,81,80,69,83,73,86,80,64,64,84,88,91,88,82,64,74,79,74,64,74,60,39,84,79,66,83,34,39,28,8,8,15,6,6,,80+3,80+3,80+3,84+0,83+0,83+0,83+0,84+0,82+3,82+3,82+3,82+3,75+3,75+3,75+3,82+3,64+3,60+3,60+3,60+3,64+3,61+3,53+3,53+3,53+3,61+3,16+3,Bradley Barcola
271400,/player/271400/igor-guilherme-barbosa-da-paixao/260004/,26,4,2025-09-19,Igor Paixão,Igor Guilherme Barbosa da Paixão,"LM, LW",80,83,28000000,45000,25,2000-06-28,168,63,16.0,Ligue 1,1.0,219.0,Olympique de Marseille,LM,14.0,,2025-08-01,2030.0,54,Brazil,,,,Right,2,4,1,,Normal (170-),Yes,55300000.0,,"Gamechanger, Whipped Pass, Technical",83.0,80.0,75.0,81.0,32.0,70.0,75,80,75,76,72,82,79,67,72,80,83,83,81,79,89,82,90,76,68,82,62,22,79,75,64,74,21,37,29,8,13,11,12,9,,79+2,79+2,79+2,80+0,80+0,80+0,80+0,80+0,79+2,79+2,79+2,79+2,72+2,72+2,72+2,79+2,59+2,56+2,56+2,56+2,59+2,55+2,49+2,49+2,49+2,55+2,18+2,Igor Paixão
227678,/player/227678/ezri-konsa/260004/,26,4,2025-09-19,E. Konsa,Ezri Konsa Ngoyo,"CB, RB, RM",82,83,30500000,120000,27,1997-10-23,183,77,13.0,Premier League,1.0,2.0,Aston Villa,RCB,4.0,,2019-07-11,2028.0,14,England,1318.0,RCB,5.0,Right,3,2,3,,Lean (170-185),Yes,60200000.0,,"Jockey, Anticipate, Slide Tackle",75.0,53.0,71.0,75.0,84.0,78.0,65,55,80,78,69,73,64,38,72,78,72,78,67,84,68,69,86,79,78,32,76,83,50,75,38,81,85,85,80,14,8,11,13,9,,68+3,68+3,68+3,69+0,69+0,69+0,69+0,69+0,70+3,70+3,70+3,72+3,74+3,74+3,74+3,72+3,78+3,80+3,80+3,80+3,78+3,79+3,82+1,82+1,82+1,79+3,19+3,E. Konsa
241852,/player/241852/moussa-diaby/260004/,26,4,2025-09-19,M. Diaby,Moussa Diaby,"RM, RW",84,85,50500000,65000,25,1999-07-07,170,67,350.0,Pro League,1.0,607.0,Al Ittihad,RM,19.0,,2024-07-24,2029.0,18,France,,,,Left,3,4,3,,Normal (170-),Yes,84600000.0,"#Speedster, #Dribbler, #Acrobat","Quick Step +, Inventive, Rapid, First Touch",95.0,75.0,77.0,87.0,44.0,54.0,80,79,41,79,67,89,76,56,74,84,95,95,92,81,93,74,58,82,37,72,62,48,79,80,60,79,48,36,46,8,9,8,8,14,,75+3,75+3,75+3,84+0,82+0,82+0,82+0,84+0,82+3,82+3,82+3,83+2,76+3,76+3,76+3,83+2,69+3,63+3,63+3,63+3,69+3,65+3,51+3,51+3,51+3,65+3,18+3,Moussa Diaby
231677,/player/231677/marcus-rashford/260004/,26,4,2025-09-19,M. Rashford,Marcus Rashford,"LM, LW, ST",80,80,22500000,88000,27,1997-10-31,186,70,53.0,La Liga,1.0,241.0,FC Barcelona,SUB,14.0,Manchester United,,2026.0,14,England,1318.0,LW,11.0,Right,3,5,3,,Unique,Yes,,,"Power Shot, Rapid, Quick Step",87.0,82.0,77.0,80.0,33.0,63.0,78,79,71,78,73,83,80,75,72,80,87,87,77,77,69,93,82,64,65,80,52,27,80,80,85,76,30,29,24,11,6,15,7,14,,80+0,80+0,80+0,81+-1,81+-1,81+-1,81+-1,81+-1,80+0,80+0,80+0,79+1,72+3,72+3,72+3,79+1,58+3,55+3,55+3,55+3,58+3,55+3,47+3,47+3,47+3,55+3,17+3,Marcus Rashford
226110,/player/226110/nicolas-pepe/260004/,26,4,2025-09-19,N. Pépé,Nicolas Pépé,"RM, ST, RW",80,80,20500000,47000,30,1995-05-29,183,73,53.0,La Liga,1.0,483.0,Villarreal CF,RM,19.0,,2024-08-05,2028.0,108,Côte d'Ivoire,,,,Left,2,4,2,,Unique,Yes,43100000.0,#Acrobat,"Finesse Shot, Inventive, Technical",88.0,77.0,76.0,82.0,36.0,67.0,75,76,57,79,70,83,81,79,69,82,87,88,91,78,75,82,79,69,74,74,43,33,76,74,85,75,36,34,30,11,14,11,6,8,,77+2,77+2,77+2,80+0,79+0,79+0,79+0,80+0,79+1,79+1,79+1,79+1,72+2,72+2,72+2,79+1,61+2,57+2,57+2,57+2,61+2,57+2,49+2,49+2,49+2,57+2,17+2,Nicolas Pépé
234236,/player/234236/patrik-schick/260004/,26,4,2025-09-19,P. Schick,Patrik Schick,ST,85,85,54000000,135000,29,1996-01-24,191,87,19.0,Bundesliga,1.0,32.0,Bayer 04 Leverkusen,ST,14.0,,2020-09-08,2030.0,12,Czechia,1330.0,SUB,10.0,Left,3,3,3,,Normal (185+),Yes,91800000.0,,"Precision Header, Acrobatic, Low Driven Shot",72.0,83.0,71.0,81.0,38.0,77.0,64,86,88,78,84,81,78,56,64,83,72,72,80,85,67,85,91,69,85,78,65,25,87,75,61,85,44,29,19,11,15,8,9,14,,84+1,84+1,84+1,79+0,82+0,82+0,82+0,79+0,80+3,80+3,80+3,77+3,72+3,72+3,72+3,77+3,57+3,57+3,57+3,57+3,57+3,54+3,54+3,54+3,54+3,54+3,20+3,Patrik Schick
239482,/player/239482/wenderson-nascimento-galeno/260004/,26,4,2025-09-19,Galeno,Wenderson Rodrigues do Nascimento Galeno,"LM, LW",81,81,27500000,52000,27,1997-10-22,179,62,350.0,Pro League,1.0,112387.0,Al Ahli SFC,LM,13.0,,2025-01-31,2028.0,54,Brazil,,,,Right,3,4,3,,Normal (170-185),No,46800000.0,"#Speedster, #Acrobat","Rapid, First Touch, Quick Step, Relentless",93.0,75.0,71.0,83.0,45.0,69.0,71,78,41,75,65,84,78,70,64,80,92,94,89,82,73,75,69,84,66,74,56,51,81,70,59,83,44,46,38,13,6,13,11,15,,76+3,76+3,76+3,81+0,79+0,79+0,79+0,81+0,79+2,79+2,79+2,80+1,73+3,73+3,73+3,80+1,67+3,62+3,62+3,62+3,67+3,63+3,54+3,54+3,54+3,63+3,19+3,Galeno
246430,/player/246430/dusan-vlahovic/260004/,26,4,2025-09-19,D. Vlahović,Dušan VlahovićДушан Влаховић,ST,82,85,41000000,135000,25,2000-01-28,190,88,31.0,Serie A,1.0,45.0,Juventus,SUB,9.0,,2022-01-28,2026.0,51,Serbia,,,,Left,4,3,3,,Normal (185+),Yes,72800000.0,#Strength,"Finesse Shot, Chip Shot, Dead Ball, Low Driven Shot, Gamechanger, Press Proven, Enforcer",78.0,84.0,69.0,77.0,29.0,82.0,57,84,82,75,80,79,79,89,60,81,76,79,68,84,53,84,92,74,86,83,80,24,86,70,84,78,19,26,24,5,15,6,11,10,,82+3,82+3,82+3,78+0,80+0,80+0,80+0,78+0,78+3,78+3,78+3,76+3,70+3,70+3,70+3,76+3,55+3,55+3,55+3,55+3,55+3,52+3,51+3,51+3,51+3,52+3,18+3,D. Vlahović
236987,/player/236987/boubacar-kamara/260004/,26,4,2025-09-19,B. Kamara,Boubacar Bernard Kamara,"CDM, CM",83,85,41000000,125000,25,1999-11-23,184,68,13.0,Premier League,1.0,2.0,Aston Villa,RDM,44.0,,2022-07-01,2030.0,18,France,,,,Right,3,3,3,,Lean (170-185),Yes,81000000.0,,Block,64.0,55.0,74.0,75.0,83.0,80.0,64,47,72,84,28,73,59,47,77,80,62,65,66,81,72,67,78,81,79,63,80,85,62,75,63,85,84,86,80,8,12,8,6,11,,66+3,66+3,66+3,69+0,70+0,70+0,70+0,69+0,73+3,73+3,73+3,72+3,77+3,77+3,77+3,72+3,78+3,82+3,82+3,82+3,78+3,78+3,81+3,81+3,81+3,78+3,17+3,B. Kamara
262118,/player/262118/tino-livramento/260004/,26,4,2025-09-19,T. Livramento,Valentino Francisco Livramento,"RB, LB, RM",80,86,31500000,95000,22,2002-11-12,181,71,13.0,Premier League,1.0,13.0,Newcastle United,LB,21.0,,2023-08-08,2028.0,14,England,1318.0,SUB,21.0,Right,4,3,1,,Normal (170-185),Yes,66200000.0,,Jockey,82.0,51.0,72.0,78.0,76.0,74.0,79,49,56,77,41,79,80,51,62,78,80,84,76,78,79,61,75,80,71,46,74,78,71,68,41,79,77,80,78,10,12,8,13,13,,66+2,66+2,66+2,73+0,71+0,71+0,71+0,73+0,72+2,72+2,72+2,75+2,72+2,72+2,72+2,75+2,79+2,76+2,76+2,76+2,79+2,78+2,75+2,75+2,75+2,78+2,19+2,Tino Livramento
207421,/player/207421/leandro-trossard/260004/,26,4,2025-09-19,L. Trossard,Leandro Trossard,"LW, ST, LM",83,83,35000000,175000,30,1994-12-04,171,67,13.0,Premier League,1.0,1.0,Arsenal,LW,19.0,,2023-01-20,2027.0,7,Belgium,,,,Right,5,4,3,,Normal (170-185),Yes,64800000.0,#Acrobat,Whipped Pass,80.0,81.0,80.0,85.0,30.0,60.0,79,83,65,82,80,84,83,69,77,84,87,75,92,82,85,83,74,76,55,78,47,18,83,81,75,84,30,31,18,14,8,11,7,7,,79+3,79+3,79+3,83+0,82+0,82+0,82+0,83+0,82+1,82+1,82+1,82+1,75+3,75+3,75+3,82+1,59+3,56+3,56+3,56+3,59+3,54+3,44+3,44+3,44+3,54+3,17+3,Leandro Trossard
232411,/player/232411/christopher-nkunku/260004/,26,4,2025-09-19,C. Nkunku,Christopher Alan Nkunku,"CAM, LM, ST, CM",81,81,27500000,58000,27,1997-11-14,177,68,31.0,Serie A,1.0,47.0,AC Milan,SUB,18.0,,2025-08-30,2030.0,18,France,,,,Right,3,5,3,,Normal (170-185),Yes,46800000.0,,"Finesse Shot, Technical, First Touch",77.0,79.0,80.0,82.0,40.0,59.0,78,80,65,82,70,82,80,78,78,83,77,77,82,79,80,80,74,65,63,78,40,40,81,80,83,78,40,35,30,5,6,10,15,7,,78+3,78+3,78+3,80+0,80+0,80+0,80+0,80+0,81+0,81+0,81+0,79+2,75+3,75+3,75+3,79+2,62+3,60+3,60+3,60+3,62+3,58+3,50+3,50+3,50+3,58+3,16+3,Christopher Nkunku
238616,/player/238616/pedro-lomba-neto/260004/,26,4,2025-09-19,Pedro Neto,Pedro Lomba Neto,"RM, LM, ST, RW",80,82,26500000,110000,25,2000-03-09,174,62,13.0,Premier League,1.0,5.0,Chelsea,RM,7.0,,2024-08-11,2031.0,38,Portugal,1354.0,LM,20.0,Left,4,4,1,,Unique,Yes,52300000.0,#Speedster,"Rapid, Quick Step",91.0,76.0,74.0,82.0,40.0,68.0,78,75,50,76,73,82,77,72,63,81,92,90,88,75,88,80,74,73,65,75,68,40,77,76,65,76,40,40,25,6,13,7,12,6,,75+2,75+2,75+2,80+0,79+0,79+0,79+0,80+0,78+2,78+2,78+2,79+2,72+2,72+2,72+2,79+2,63+2,59+2,59+2,59+2,63+2,59+2,51+2,51+2,51+2,59+2,16+2,Pedro Neto
234579,/player/234579/julian-quinones/260004/,26,4,2025-09-19,J. Quiñones,Julián Andrés Quiñones Quiñones,"ST, LW, LM",80,80,21500000,49000,28,1997-03-24,180,78,350.0,Pro League,1.0,112391.0,Al Qadsiah FC,LS,33.0,,2024-07-01,2028.0,83,Mexico,1386.0,RES,16.0,Right,3,4,1,,Normal (170-185),Yes,36600000.0,,"Chip Shot, Precision Header, Rapid",88.0,79.0,70.0,79.0,36.0,83.0,58,83,78,74,71,82,53,66,69,78,89,88,82,72,68,80,95,87,89,71,60,21,79,81,78,67,25,46,28,8,12,11,8,12,,80+0,80+0,80+0,78+0,79+0,79+0,79+0,78+0,78+2,78+2,78+2,78+2,72+2,72+2,72+2,78+2,58+2,57+2,57+2,57+2,58+2,56+2,53+2,53+2,53+2,56+2,17+2,J. Quiñones
251805,/player/251805/jurrien-timber/260004/,26,4,2025-09-19,J. Timber,Jurriën David Norman Timber,"RB, LB, CB, RM",82,85,38500000,120000,24,2001-06-17,179,78,13.0,Premier League,1.0,1.0,Arsenal,RB,12.0,,2023-07-14,2028.0,34,Netherlands,105035.0,SUB,3.0,Right,3,3,3,,Normal (170-185),Yes,74100000.0,,"Jockey, Press Proven",76.0,48.0,72.0,77.0,82.0,80.0,76,41,75,80,41,77,65,31,71,78,76,76,71,82,76,61,86,79,82,46,76,83,70,69,42,82,83,83,78,6,6,8,14,14,,67+3,67+3,67+3,71+0,70+0,70+0,70+0,71+0,72+3,72+3,72+3,74+3,75+3,75+3,75+3,74+3,79+3,79+3,79+3,79+3,79+3,80+3,81+3,81+3,81+3,80+3,18+3,J. Timber
232639,/player/232639/ritsu-doan/260004/,26,4,2025-09-19,R. Doan,Ritsu Doan堂安 律,"RM, CAM, RB",82,82,32500000,45000,27,1998-06-16,172,74,19.0,Bundesliga,1.0,1824.0,Eintracht Frankfurt,RM,20.0,,2025-08-07,2030.0,163,Japan,,,,Left,3,4,3,,Normal (170-185),Yes,55300000.0,"#Dribbler, #Acrobat","Precision Header, Inventive, Technical, First Touch",82.0,71.0,78.0,85.0,41.0,64.0,77,75,59,82,65,86,76,68,68,84,86,78,90,79,93,67,80,90,59,70,41,44,81,82,59,75,39,36,42,8,5,6,13,14,,75+3,75+3,75+3,81+0,80+0,80+0,80+0,81+0,81+1,81+1,81+1,81+1,76+3,76+3,76+3,81+1,67+3,61+3,61+3,61+3,67+3,62+3,52+3,52+3,52+3,62+3,17+3,R. Doan
236632,/player/236632/david-neres-campos/260004/,26,4,2025-09-19,David Neres,David Neres Campos,"LW, LM",81,81,26000000,115000,28,1997-03-03,175,69,31.0,Serie A,1.0,48.0,Napoli,SUB,7.0,,2024-08-21,2028.0,54,Brazil,,,,Left,3,5,3,,Normal (170-185),Yes,44200000.0,"#Dribbler, #Acrobat","Power Shot, Gamechanger, Whipped Pass, Inventive, Technical, Trickster, Quick Step",86.0,76.0,75.0,86.0,46.0,61.0,74,76,45,78,74,86,79,52,69,85,87,85,92,80,82,79,67,69,59,75,53,48,78,79,69,85,48,45,38,14,10,5,13,6,,75+3,75+3,75+3,81+0,80+0,80+0,80+0,81+0,81+0,81+0,81+0,80+1,75+3,75+3,75+3,80+1,66+3,63+3,63+3,63+3,66+3,62+3,54+3,54+3,54+3,62+3,18+3,David Neres
244176,/player/244176/deniz-undav/260004/,26,4,2025-09-19,D. Undav,Deniz Undav,"ST, CAM",80,80,21500000,51000,28,1996-07-19,179,86,19.0,Bundesliga,1.0,36.0,VfB Stuttgart,RES,26.0,,2024-08-09,2027.0,21,Germany,1337.0,SUB,13.0,Right,5,3,3,,Stocky (170-185),Yes,36600000.0,,"Finesse Shot, Chip Shot, Acrobatic, Low Driven Shot, Gamechanger, Incisive Pass",66.0,82.0,74.0,80.0,33.0,77.0,67,83,75,80,83,78,74,66,64,83,67,65,73,80,86,84,82,70,80,80,79,18,83,82,72,82,25,37,29,9,12,9,11,13,,80+0,80+0,80+0,78+0,80+0,80+0,80+0,78+0,79+1,79+1,79+1,76+3,73+3,73+3,73+3,76+3,56+3,57+3,57+3,57+3,56+3,53+3,51+3,51+3,51+3,53+3,19+3,Deniz Undav
278349,/player/278349/dean-huijsen/260004/,26,4,2025-09-19,D. Huijsen,Dean Donny Huijsen,CB,82,89,56000000,125000,20,2005-04-14,197,87,53.0,La Liga,1.0,243.0,Real Madrid,LCB,24.0,,2025-06-01,2030.0,45,Spain,1362.0,LCB,5.0,Right,5,2,3,,Lean (185+),No,126000000.0,#Aerial threat,"Long Ball Pass, Block, Slide Tackle, Aerial Fortress",71.0,55.0,73.0,74.0,82.0,76.0,50,44,83,85,41,76,65,49,83,82,68,74,53,81,33,71,85,68,78,64,79,83,59,75,68,78,82,82,82,12,7,14,14,8,,68+3,68+3,68+3,69+0,71+0,71+0,71+0,69+0,73+3,73+3,73+3,71+3,78+3,78+3,78+3,71+3,76+3,81+3,81+3,81+3,76+3,77+3,82+3,82+3,82+3,77+3,18+3,D. Huijsen
230225,/player/230225/juan-heberto-mestres-de-mesquita/260004/,26,4,2025-09-19,Heberto Gaúcho,Juan Heberto Mestres de Mesquita,"CB, CDM",80,80,17500000,35000,29,1996-02-29,181,82,7.0,Série A,1.0,1035.0,Atlético Mineiro,RCB,19.0,,2025-06-18,2028.0,54,Brazil,,,,Right,3,2,1,,Normal (170-185),No,36800000.0,,Precision Header,71.0,61.0,57.0,63.0,82.0,80.0,40,56,83,67,63,60,72,58,58,64,68,74,61,78,63,74,86,76,79,61,86,82,58,50,62,70,77,85,84,18,12,14,11,18,,67+2,67+2,67+2,61+0,64+0,64+0,64+0,61+0,62+2,62+2,62+2,62+2,65+2,65+2,65+2,62+2,71+2,74+2,74+2,74+2,71+2,74+2,80+0,80+0,80+0,74+2,22+2,Heberto Gaúcho
220793,/player/220793/davinson-sanchez/260004/,26,4,2025-09-19,D. Sánchez,Davinson Sánchez Mina,CB,82,82,25500000,67000,29,1996-06-12,187,81,68.0,Süper Lig,1.0,325.0,Galatasaray SK,RCB,6.0,,2023-09-04,2029.0,56,Colombia,,,,Right,2,3,3,,Unique,Yes,48500000.0,#Strength,"Precision Header, Slide Tackle, Aerial Fortress, Bruiser",82.0,58.0,63.0,73.0,82.0,88.0,36,59,78,76,69,72,31,27,76,75,80,84,72,78,64,66,92,84,90,44,85,82,68,73,44,69,83,81,82,9,7,10,6,15,,71+3,71+3,71+3,69+0,71+0,71+0,71+0,69+0,72+3,72+3,72+3,71+3,74+3,74+3,74+3,71+3,75+3,80+2,80+2,80+2,75+3,77+3,82+0,82+0,82+0,77+3,17+3,Davinson Sánchez
220834,/player/220834/marco-asensio-willemsen/260004/,26,4,2025-09-19,Marco Asensio,Marco Asensio Willemsen,"RW, CAM, ST, RM",80,80,20500000,64000,29,1996-01-21,182,76,68.0,Süper Lig,1.0,326.0,Fenerbahçe SK,SUB,21.0,,2025-09-02,2028.0,45,Spain,,,,Left,3,4,3,,Normal (170-185),Yes,39000000.0,,"Finesse Shot, Incisive Pass, Whipped Pass",70.0,78.0,81.0,82.0,43.0,60.0,81,77,59,81,79,83,84,76,81,84,73,68,78,81,73,81,70,64,63,80,45,45,79,79,62,82,40,42,39,13,9,6,12,10,,76+3,76+3,76+3,80+0,79+0,79+0,79+0,80+0,80+0,80+0,80+0,79+1,76+3,76+3,76+3,79+1,64+3,62+3,62+3,62+3,64+3,60+3,53+3,53+3,53+3,60+3,18+3,Marco Asensio
278016,/player/278016/murillo-costa-dos-santos/260004/,26,4,2025-09-19,Murillo,Murillo Santiago Costa dos Santos,CB,83,87,47500000,100000,22,2002-07-04,180,75,13.0,Premier League,1.0,14.0,Nottingham Forest,LCB,5.0,,2023-08-31,2029.0,54,Brazil,,,,Left,3,2,3,,Stocky (170-185),Yes,93800000.0,#Strength,"Long Ball Pass, Block, Intercept, Bruiser",80.0,48.0,67.0,71.0,83.0,83.0,53,33,79,76,35,69,57,56,77,73,83,78,65,82,63,72,95,70,90,60,81,83,40,62,52,79,83,83,84,14,9,14,12,13,,63+3,63+3,63+3,64+0,64+0,64+0,64+0,64+0,66+3,66+3,66+3,67+3,71+3,71+3,71+3,67+3,76+3,79+3,79+3,79+3,76+3,78+3,83+3,83+3,83+3,78+3,20+3,Murillo
243593,/player/243593/armand-lauriente/260004/,26,4,2025-09-19,A. Laurienté,Armand Gaëtan Laurienté,"LW, LM",80,80,23000000,30000,26,1998-12-04,171,59,31.0,Serie A,1.0,111974.0,Sassuolo,LW,45.0,,2022-08-31,2027.0,18,France,,,,Right,3,4,1,,Normal (170-185),Yes,41400000.0,"#Speedster, #Acrobat","Finesse Shot, Gamechanger, Incisive Pass, Rapid, Trickster, Quick Step",91.0,77.0,74.0,83.0,36.0,57.0,74,76,45,76,74,84,81,85,66,80,93,89,91,76,92,81,64,82,48,79,48,32,79,74,56,76,30,40,38,13,13,8,14,15,,75+2,75+2,75+2,80+0,79+0,79+0,79+0,80+0,79+1,79+1,79+1,79+1,72+2,72+2,72+2,79+1,63+2,57+2,57+2,57+2,63+2,59+2,46+2,46+2,46+2,59+2,20+2,A. Laurienté
257470,/player/257470/anthony-elanga/260004/,26,4,2025-09-19,A. Elanga,Anthony David Junior Elanga,"RW, RM",81,84,35000000,115000,23,2002-04-27,178,70,13.0,Premier League,1.0,13.0,Newcastle United,RW,20.0,,2025-07-11,2030.0,46,Sweden,1363.0,RM,11.0,Right,5,3,3,,Lean (170-185),Yes,69100000.0,#Speedster,"Low Driven Shot, Rapid, Quick Step, Enforcer",92.0,72.0,76.0,82.0,39.0,70.0,80,77,67,76,64,83,79,66,66,81,93,91,85,79,79,72,84,75,72,67,55,31,80,79,56,79,38,38,33,13,5,13,8,10,,77+3,77+3,77+3,81+0,80+0,80+0,80+0,81+0,79+3,79+3,79+3,80+3,72+3,72+3,72+3,80+3,63+3,58+3,58+3,58+3,63+3,60+3,52+3,52+3,52+3,60+3,17+3,A. Elanga
216549,/player/216549/alexander-sorloth/260004/,26,4,2025-09-19,A. Sørloth,Alexander Sørloth,"ST, RW, RM",84,84,42000000,105000,29,1995-12-05,195,94,53.0,La Liga,1.0,240.0,Atlético Madrid,RS,9.0,,2024-08-03,2028.0,36,Norway,1352.0,RW,7.0,Left,4,3,3,,Normal (185+),Yes,88200000.0,"#Aerial threat, #Strength","Power Shot, Precision Header, Low Driven Shot, Gamechanger, Enforcer",77.0,82.0,71.0,76.0,36.0,85.0,66,85,83,78,79,77,74,60,59,82,72,81,56,83,55,86,91,84,90,76,74,36,84,73,70,83,39,23,21,15,12,8,15,8,,83+1,83+1,83+1,78+0,80+0,80+0,80+0,78+0,77+3,77+3,77+3,77+3,72+3,72+3,72+3,77+3,59+3,58+3,58+3,58+3,59+3,56+3,54+3,54+3,54+3,56+3,20+3,Alexander Sørloth
256903,/player/256903/goncalo-matias-ramos/260004/,26,4,2025-09-19,Gonçalo Ramos,Gonçalo Matias Ramos,ST,80,84,30500000,79000,24,2001-06-20,185,82,16.0,Ligue 1,1.0,73.0,Paris Saint-Germain,SUB,9.0,,2023-11-22,2028.0,38,Portugal,1354.0,SUB,9.0,Right,4,2,1,,Normal (185+),Yes,58700000.0,,"Finesse Shot, Precision Header, Low Driven Shot, Aerial Fortress, Press Proven",73.0,79.0,64.0,77.0,48.0,79.0,58,82,83,72,75,76,64,48,63,78,73,73,77,81,71,82,89,79,79,68,78,44,85,63,75,75,43,47,34,15,9,7,7,15,,80+2,80+2,80+2,75+0,77+0,77+0,77+0,75+0,74+2,74+2,74+2,74+2,70+2,70+2,70+2,74+2,61+2,62+2,62+2,62+2,61+2,59+2,60+2,60+2,60+2,59+2,19+2,Gonçalo Ramos
255654,/player/255654/pierre-kalulu/260004/,26,4,2025-09-19,P. Kalulu,Pierre Kazeye Rommel Kalulu Kyatengwa,"CB, RB",80,85,28000000,100000,25,2000-06-05,182,80,31.0,Serie A,1.0,45.0,Juventus,SUB,15.0,,2025-07-01,2029.0,18,France,,,,Right,3,2,1,,Normal (170-185),Yes,49700000.0,,Block,80.0,53.0,68.0,70.0,81.0,76.0,70,43,75,77,54,64,65,44,65,74,76,83,73,80,69,66,83,76,73,59,80,82,60,59,49,80,82,83,79,12,5,13,9,11,,65+2,65+2,65+2,68+0,67+0,67+0,67+0,68+0,67+2,67+2,67+2,69+2,70+2,70+2,70+2,69+2,78+2,77+2,77+2,77+2,78+2,79+2,80+2,80+2,80+2,79+2,17+2,P. Kalulu
234742,/player/234742/harvey-barnes/260004/,26,4,2025-09-19,H. Barnes,Harvey Lewis Barnes,"LW, LM",80,80,22500000,125000,27,1997-12-09,185,72,13.0,Premier League,1.0,13.0,Newcastle United,SUB,11.0,,2023-07-23,2028.0,14,England,,,,Right,4,3,2,,Normal (185+),Yes,42800000.0,,Finesse Shot,83.0,80.0,75.0,81.0,43.0,68.0,75,80,46,76,68,82,79,69,68,82,80,85,78,79,77,82,70,74,71,83,53,43,81,80,65,77,44,43,40,6,5,11,8,10,,77+2,77+2,77+2,80+0,80+0,80+0,80+0,80+0,80+0,80+0,80+0,79+1,74+2,74+2,74+2,79+1,65+2,61+2,61+2,61+2,65+2,61+2,53+2,53+2,53+2,61+2,15+2,H. Barnes
203574,/player/203574/john-stones/260004/,26,4,2025-09-19,J. Stones,John Stones,"CB, RB",82,82,21000000,135000,31,1994-05-28,188,80,13.0,Premier League,1.0,10.0,Manchester City,SUB,5.0,,2016-08-09,2026.0,14,England,,,,Right,4,3,3,,Lean (185+),Yes,38900000.0,,Long Throw,64.0,58.0,74.0,75.0,84.0,72.0,63,54,84,82,44,74,62,37,79,79,65,64,62,82,62,68,85,53,78,61,79,83,58,78,52,85,84,85,84,7,15,11,10,8,,69+3,69+3,69+3,70+0,71+0,71+0,71+0,70+0,73+3,73+3,73+3,71+3,76+3,76+3,76+3,71+3,75+3,80+2,80+2,80+2,75+3,77+3,82+0,82+0,82+0,77+3,18+3,John Stones
238900,/player/238900/ermedin-demirovic/260004/,26,4,2025-09-19,E. Demirović,Ermedin Demirović,ST,80,80,23000000,49000,27,1998-03-25,185,84,19.0,Bundesliga,1.0,36.0,VfB Stuttgart,ST,9.0,,2024-07-16,2028.0,8,Bosnia and Herzegovina,,,,Right,3,3,2,,Stocky (185+),Yes,39100000.0,,"Finesse Shot, Relentless",72.0,81.0,73.0,78.0,42.0,78.0,69,84,71,79,76,78,73,53,66,81,68,75,70,82,71,85,80,80,77,78,77,36,83,78,62,73,38,39,42,9,8,9,7,6,,80+0,80+0,80+0,78+0,80+0,80+0,80+0,78+0,79+1,79+1,79+1,77+2,74+2,74+2,74+2,77+2,62+2,62+2,62+2,62+2,62+2,59+2,56+2,56+2,56+2,59+2,16+2,Ermedin Demirović
254088,/player/254088/amad-diallo/260004/,26,4,2025-09-19,Amad,Amad Diallo Traoré,"CAM, RW, RM, CM",79,85,28000000,74000,22,2002-07-11,173,67,13.0,Premier League,1.0,11.0,Manchester United,SUB,16.0,,2021-01-07,2030.0,108,Côte d'Ivoire,,,,Left,4,4,1,,Lean (170-185),Yes,58800000.0,#Acrobat,Technical,85.0,74.0,75.0,83.0,54.0,52.0,75,77,53,76,54,83,77,60,71,80,88,82,92,77,89,78,65,70,45,69,42,59,78,77,63,78,51,57,49,13,15,8,11,6,,74+2,74+2,74+2,79+0,78+0,78+0,78+0,79+0,79+2,79+2,79+2,78+2,74+2,74+2,74+2,78+2,69+2,64+2,64+2,64+2,69+2,66+2,57+2,57+2,57+2,66+2,18+2,Amad
277954,/player/277954/kenan-yildiz/260004/,26,4,2025-09-19,K. Yıldız,Kenan Yıldız,"CAM, LM, LW, CM",79,89,38500000,80000,20,2005-05-04,185,75,31.0,Serie A,1.0,45.0,Juventus,RAM,10.0,,2023-03-13,2029.0,48,Türkiye,,,,Right,5,4,1,,Normal (185+),Yes,73200000.0,,"Gamechanger, Incisive Pass, Whipped Pass, Technical",84.0,78.0,74.0,83.0,35.0,66.0,74,78,69,75,78,85,80,67,70,85,85,84,83,72,74,79,80,72,67,79,50,35,78,77,70,75,32,30,26,14,14,6,8,14,,78+2,78+2,78+2,80+0,80+0,80+0,80+0,80+0,79+2,79+2,79+2,79+2,72+2,72+2,72+2,79+2,60+2,56+2,56+2,56+2,60+2,56+2,49+2,49+2,49+2,56+2,19+2,Kenan Yıldız
246242,/player/246242/boulaye-dia/260004/,26,4,2025-09-19,B. Dia,Boulaye Dia,"ST, CAM",80,80,21500000,45000,28,1996-11-16,180,75,31.0,Serie A,1.0,46.0,Lazio,SUB,19.0,,2023-07-01,2027.0,136,Senegal,,,,Right,4,3,1,,Normal (170-185),Yes,36600000.0,,Low Driven Shot,84.0,81.0,67.0,78.0,43.0,73.0,55,83,76,75,75,79,56,49,64,79,81,87,76,78,70,84,87,74,74,74,65,38,81,72,81,78,39,42,36,11,10,15,14,10,,80+0,80+0,80+0,77+0,79+0,79+0,79+0,77+0,77+2,77+2,77+2,76+2,71+2,71+2,71+2,76+2,60+2,59+2,59+2,59+2,60+2,58+2,56+2,56+2,56+2,58+2,19+2,Boulaye Dia
236461,/player/236461/jean-philippe-mateta/260004/,26,4,2025-09-19,J. Mateta,Jean-Philippe Mateta,ST,82,82,31000000,115000,28,1997-06-28,192,88,13.0,Premier League,1.0,1799.0,Crystal Palace,ST,14.0,,2022-01-31,2027.0,18,France,,,,Right,5,3,3,,Stocky (185+),Yes,58900000.0,#Strength,"Low Driven Shot, Gamechanger, Enforcer",75.0,84.0,70.0,77.0,41.0,81.0,59,86,76,78,79,82,75,54,63,80,69,80,53,82,55,86,86,68,86,79,81,41,84,73,83,82,35,39,30,8,8,7,13,11,,82+0,82+0,82+0,77+0,81+0,81+0,81+0,77+0,78+3,78+3,78+3,76+3,72+3,72+3,72+3,76+3,59+3,61+3,61+3,61+3,59+3,57+3,57+3,57+3,57+3,57+3,18+3,Jean-Philippe Mateta
243630,/player/243630/jonathan-david/260004/,26,4,2025-09-19,J. David,Jonathan Christian David,ST,82,85,41000000,135000,25,2000-01-14,178,81,31.0,Serie A,1.0,45.0,Juventus,ST,30.0,,2025-07-04,2030.0,70,Canada,,,,Right,5,3,3,,Normal (170-185),Yes,72800000.0,,"Low Driven Shot, Press Proven, Quick Step, Relentless",81.0,82.0,71.0,80.0,34.0,78.0,67,85,77,76,77,80,59,58,69,81,79,83,75,84,71,79,87,90,77,77,61,33,88,74,86,81,29,29,19,7,7,11,7,7,,82+3,82+3,82+3,80+0,81+0,81+0,81+0,80+0,79+3,79+3,79+3,79+3,74+3,74+3,74+3,79+3,60+3,58+3,58+3,58+3,60+3,56+3,50+3,50+3,50+3,56+3,16+3,J. David
260592,/player/260592/benjamin-sesko/260004/,26,4,2025-09-19,B. Šeško,Benjamin Šeško,ST,80,88,47500000,84000,22,2003-05-31,195,86,13.0,Premier League,1.0,11.0,Manchester United,ST,30.0,,2025-08-09,2030.0,44,Slovenia,,,,Right,4,4,3,,Lean (185+),Yes,99800000.0,#Aerial threat,"Power Shot, Precision Header, Acrobatic, Gamechanger, Aerial Fortress, Technical",83.0,80.0,65.0,78.0,46.0,80.0,56,81,82,74,75,79,63,56,59,81,79,87,75,73,69,85,93,84,83,75,62,39,81,63,70,77,45,42,35,10,8,5,14,6,,80+3,80+3,80+3,76+0,78+0,78+0,78+0,76+0,75+3,75+3,75+3,75+3,70+3,70+3,70+3,75+3,61+3,60+3,60+3,60+3,61+3,60+3,58+3,58+3,58+3,60+3,16+3,Benjamin Šeško
242458,/player/242458/artem-dovbyk/260004/,26,4,2025-09-19,A. Dovbyk,Artem DovbykДовбик Артем Олександрович,ST,83,83,37000000,85000,28,1997-06-21,189,78,31.0,Serie A,1.0,52.0,Roma,SUB,9.0,,2024-08-02,2029.0,49,Ukraine,1366.0,ST,11.0,Left,4,3,3,,Normal (185+),Yes,62900000.0,,,83.0,84.0,68.0,78.0,34.0,79.0,48,86,85,79,67,79,63,58,69,79,80,86,72,80,66,89,91,77,80,78,74,25,85,72,84,83,32,28,23,13,13,5,12,10,,83+0,83+0,83+0,77+0,81+0,81+0,81+0,77+0,79+3,79+3,79+3,76+3,72+3,72+3,72+3,76+3,56+3,57+3,57+3,57+3,56+3,53+3,52+3,52+3,52+3,53+3,19+3,A. Dovbyk
272600,/player/272600/marc-casado-torras/260004/,26,4,2025-09-19,Marc Casadó,Marc Casadó Torras,"CDM, CM",79,86,33500000,60000,21,2003-09-14,172,66,53.0,La Liga,1.0,241.0,FC Barcelona,SUB,17.0,,2022-07-01,2028.0,45,Spain,,,,Right,4,3,1,,Normal (170-185),No,75400000.0,,"First Touch, Press Proven",57.0,64.0,72.0,80.0,77.0,62.0,53,64,62,82,53,79,64,53,79,82,66,49,78,78,84,68,63,67,53,65,79,77,69,76,51,78,78,80,79,12,14,11,8,12,,68+2,68+2,68+2,71+0,73+0,73+0,73+0,71+0,75+2,75+2,75+2,72+2,77+2,77+2,77+2,72+2,73+2,78+2,78+2,78+2,73+2,72+2,74+2,74+2,74+2,72+2,19+2,Marc Casadó
254262,/player/254262/zeno-debast/260004/,26,4,2025-09-19,Z. Debast,Zeno Koen Debast,"CDM, CB, CM",78,86,30000000,15000,21,2003-10-24,191,76,308.0,Primeira Liga,1.0,237.0,Sporting CP,RCB,6.0,,2024-07-04,2029.0,7,Belgium,,,,Right,4,3,1,,Lean (185+),Yes,66000000.0,,Long Ball Pass,70.0,56.0,76.0,74.0,77.0,76.0,77,51,76,77,37,76,77,71,81,78,66,73,61,77,53,68,80,81,73,65,77,76,53,71,42,73,76,79,76,6,6,15,6,5,,66+2,66+2,66+2,70+0,69+0,69+0,69+0,70+0,71+2,71+2,71+2,72+2,75+2,75+2,75+2,72+2,77+2,77+2,77+2,77+2,77+2,76+2,77+2,77+2,77+2,76+2,14+2,Z. Debast
237679,/player/237679/randal-kolo-muani/260004/,26,4,2025-09-19,R. Kolo Muani,Randal Kolo Muani,ST,81,82,31000000,95000,26,1998-12-05,187,73,13.0,Premier League,1.0,18.0,Tottenham Hotspur,SUB,39.0,Paris Saint-Germain,,2026.0,18,France,1335.0,RES,12.0,Right,4,3,3,,Lean (185+),Yes,,#Speedster,"Finesse Shot, Technical, Rapid, Quick Step",90.0,79.0,71.0,80.0,38.0,65.0,64,81,80,77,80,80,70,62,62,81,90,90,84,78,71,83,88,74,69,73,36,38,82,77,70,79,32,33,32,7,14,15,8,5,,81+1,81+1,81+1,80+0,81+0,81+0,81+0,80+0,79+3,79+3,79+3,78+3,72+3,72+3,72+3,78+3,61+3,56+3,56+3,56+3,61+3,58+3,51+3,51+3,51+3,58+3,16+3,Randal Kolo Muani
220814,/player/220814/lucas-hernandez/260004/,26,4,2025-09-19,L. Hernández,Lucas François Bernard Hernández Pi,"CB, LB, LM",81,81,21500000,89000,29,1996-02-14,184,79,16.0,Ligue 1,1.0,73.0,Paris Saint-Germain,SUB,21.0,,2023-07-09,2028.0,18,France,1335.0,SUB,21.0,Left,2,2,3,,Unique,Yes,39800000.0,,"Slide Tackle, Bruiser",71.0,54.0,72.0,70.0,82.0,77.0,78,53,80,78,46,65,59,39,66,76,68,74,69,81,69,62,84,65,78,51,89,80,66,71,42,80,82,84,82,10,7,8,14,10,,68+3,68+3,68+3,70+0,69+0,69+0,69+0,70+0,70+3,70+3,70+3,71+3,72+3,72+3,72+3,71+3,77+3,78+3,78+3,78+3,77+3,78+3,81+0,81+0,81+0,78+3,18+3,L. Hernández
188567,/player/188567/pierre-emerick-aubameyang/260004/,26,4,2025-09-19,P. Aubameyang,Pierre-Emerick Emiliano François Aubameyang,ST,81,81,9000000,43000,36,1989-06-18,187,80,16.0,Ligue 1,1.0,219.0,Olympique de Marseille,SUB,97.0,,2025-07-31,2027.0,115,Gabon,,,,Right,4,4,3,,Unique,Yes,17100000.0,,"Finesse Shot, Chip Shot, Precision Header, Rapid",82.0,83.0,72.0,78.0,36.0,63.0,72,85,76,74,80,78,80,76,64,82,76,87,70,83,67,82,82,61,70,79,43,44,88,71,81,79,22,35,29,6,9,15,9,9,,81+0,81+0,81+0,79+0,81+0,81+0,81+0,79+0,78+3,78+3,78+3,77+3,71+3,71+3,71+3,77+3,60+3,56+3,56+3,56+3,60+3,57+3,51+3,51+3,51+3,57+3,17+3,P. Aubameyang
234824,/player/234824/yoane-wissa/260004/,26,4,2025-09-19,Y. Wissa,Yoane Wissa,ST,82,82,31000000,150000,28,1996-09-03,176,74,13.0,Premier League,1.0,13.0,Newcastle United,SUB,9.0,,2025-09-01,2029.0,110,Congo DR,,,,Right,3,3,3,,Lean (170-185),Yes,58900000.0,,"Acrobatic, Low Driven Shot, Gamechanger, Rapid",85.0,82.0,70.0,80.0,31.0,71.0,72,85,81,76,85,80,57,54,61,80,83,87,83,84,73,82,86,78,68,76,67,31,85,72,79,74,25,24,19,14,7,6,8,15,,82+0,82+0,82+0,80+0,81+0,81+0,81+0,80+0,79+3,79+3,79+3,79+3,71+3,71+3,71+3,79+3,58+3,55+3,55+3,55+3,58+3,55+3,49+3,49+3,49+3,55+3,19+3,Yoane Wissa
229668,/player/229668/mario-hermoso-canseco/260004/,26,4,2025-09-19,Mario Hermoso,Mario Hermoso Canseco,CB,80,80,17500000,60000,30,1995-06-18,184,76,31.0,Serie A,1.0,52.0,Roma,RCB,22.0,,2024-09-03,2028.0,45,Spain,,,,Left,3,2,3,,Normal (170-185),Yes,29800000.0,,"Long Ball Pass, Block, Slide Tackle, Aerial Fortress",72.0,49.0,73.0,71.0,80.0,79.0,71,42,83,79,41,67,68,55,76,76,71,73,70,77,61,66,88,72,80,47,83,79,63,66,45,77,78,81,80,13,8,10,5,8,,66+3,66+3,66+3,67+0,67+0,67+0,67+0,67+0,69+3,69+3,69+3,70+3,72+3,72+3,72+3,70+3,76+3,78+2,78+2,78+2,76+3,77+3,80+0,80+0,80+0,77+3,16+3,Mario Hermoso
200888,/player/200888/danilo-luis-helio-pereira/260004/,26,4,2025-09-19,Danilo Pereira,Danilo Luís Hélio Pereira,CB,81,81,12500000,52000,33,1991-09-09,188,83,350.0,Pro League,1.0,607.0,Al Ittihad,LCB,2.0,,2024-09-02,2026.0,38,Portugal,,,,Right,3,3,3,,Stocky (185+),Yes,20000000.0,#Strength,"Precision Header, Pinged Pass, Long Ball Pass, Intercept, Bruiser",47.0,64.0,68.0,71.0,82.0,84.0,56,58,84,76,55,72,54,53,70,76,39,54,51,82,48,75,80,78,88,67,81,84,71,70,58,78,82,81,80,9,7,13,14,15,,70+3,70+3,70+3,66+0,70+0,70+0,70+0,66+0,70+3,70+3,70+3,68+3,74+3,74+3,74+3,68+3,74+3,79+2,79+2,79+2,74+3,74+3,81+0,81+0,81+0,74+3,19+3,Danilo Pereira
270857,/player/270857/mateus-goncalo-espanha-fernandes/260004/,26,4,2025-09-19,Mateus Fernandes,Mateus Gonçalo Espanha Fernandes,"CAM, CM",76,85,16500000,42000,20,2004-07-10,178,72,13.0,Premier League,1.0,19.0,West Ham United,SUB,18.0,,2025-08-29,2030.0,38,Portugal,,,,Right,4,4,1,,Normal (170-185),Yes,34700000.0,,"Inventive, First Touch",70.0,69.0,74.0,79.0,59.0,66.0,62,69,56,79,63,79,74,70,77,78,73,67,84,77,81,70,69,78,62,67,60,62,75,76,64,74,55,64,53,6,5,12,8,5,,71+2,71+2,71+2,74+0,75+0,75+0,75+0,74+0,76+2,76+2,76+2,75+2,75+2,75+2,75+2,75+2,68+2,69+2,69+2,69+2,68+2,66+2,62+2,62+2,62+2,66+2,14+2,Mateus Fernandes
263620,/player/263620/romeo-lavia/260004/,26,4,2025-09-19,R. Lavia,Roméo Lavia,"CDM, CM",78,85,27000000,69000,21,2004-01-06,181,76,13.0,Premier League,1.0,5.0,Chelsea,SUB,45.0,,2023-08-18,2030.0,7,Belgium,,,,Right,3,3,1,,Normal (170-185),Yes,56700000.0,,Technical,69.0,52.0,72.0,77.0,77.0,75.0,62,43,70,79,43,77,70,50,76,78,71,68,76,77,77,63,80,65,77,60,79,78,60,75,50,78,78,78,77,7,7,5,11,13,,65+2,65+2,65+2,69+0,69+0,69+0,69+0,69+0,72+2,72+2,72+2,71+2,74+2,74+2,74+2,71+2,74+2,77+2,77+2,77+2,74+2,74+2,77+2,77+2,77+2,74+2,17+2,Romeo Lavia
231416,/player/231416/dodi-lukebakio/260004/,26,4,2025-09-19,D. Lukébakio,Dodi Lukébakio Ngandoli,"RM, RW, ST",82,82,32500000,29000,27,1997-09-24,187,77,308.0,Primeira Liga,1.0,234.0,SL Benfica,SUB,11.0,,2025-09-01,2030.0,7,Belgium,,,,Left,3,4,3,,Lean (185+),Yes,65000000.0,,"Gamechanger, Technical",87.0,81.0,76.0,83.0,31.0,64.0,78,82,55,78,74,86,84,68,67,84,86,87,80,80,71,85,76,72,69,78,38,26,81,78,80,80,31,29,24,9,7,14,11,12,,79+3,79+3,79+3,82+0,82+0,82+0,82+0,82+0,81+1,81+1,81+1,81+1,73+3,73+3,73+3,81+1,60+3,55+3,55+3,55+3,60+3,55+3,45+3,45+3,45+3,55+3,18+3,D. Lukébakio
230201,/player/230201/maikel-renan-catarino-fagundes/260004/,26,4,2025-09-19,Maikel Catarino,Maikel Renan Catarino Fagundes,"RB, RM",80,80,18500000,26000,29,1996-02-29,177,75,7.0,Série A,1.0,1041.0,Corinthians,RB,2.0,,2025-06-18,2028.0,54,Brazil,,,,Right,3,3,1,,Normal (170-185),No,40700000.0,,,76.0,51.0,70.0,77.0,77.0,72.0,81,48,69,73,49,78,55,49,75,77,81,72,83,81,71,52,79,85,68,56,62,77,57,61,41,54,79,78,76,15,13,12,10,15,,64+2,64+2,64+2,71+0,68+0,68+0,68+0,71+0,70+2,70+2,70+2,73+2,72+2,72+2,72+2,73+2,78+2,76+2,76+2,76+2,78+2,78+2,75+2,75+2,75+2,78+2,21+2,Maikel Catarino
263578,/player/263578/alejandro-balde-martinez/260004/,26,4,2025-09-19,Balde,Alejandro Balde Martínez,"LB, LM",83,87,49500000,80000,21,2003-10-18,175,69,53.0,La Liga,1.0,241.0,FC Barcelona,LB,3.0,,2021-01-01,2028.0,45,Spain,,,,Left,4,3,3,,Lean (170-185),Yes,105200000.0,#Speedster,"Jockey, Anticipate, Quick Step",91.0,50.0,75.0,79.0,78.0,67.0,82,51,71,82,32,80,69,28,72,81,90,91,81,80,77,55,83,77,68,43,47,78,65,72,43,64,77,80,80,5,8,7,10,13,,68+3,68+3,68+3,76+0,73+0,73+0,73+0,76+0,75+3,75+3,75+3,78+3,75+3,75+3,75+3,78+3,81+3,76+3,76+3,76+3,81+3,81+3,75+3,75+3,75+3,81+3,17+3,Balde
277643,/player/277643/lamine-yamal-nasraoui-ebana/260004/,26,4,2025-09-19,Lamine Yamal,Lamine Yamal Nasraoui Ebanaلامين يامال نصراوي إبانا,"RM, RW",89,95,147000000,100000,17,2007-07-13,180,72,53.0,La Liga,1.0,241.0,FC Barcelona,RM,10.0,,2022-07-01,2031.0,45,Spain,1362.0,RM,19.0,Left,3,5,5,,Lean (170-185),Yes,330800000.0,"#Dribbler, #Crosser, #Acrobat","Technical +, Finesse Shot, Gamechanger, Incisive Pass, Inventive, First Touch, Quick Step",85.0,81.0,86.0,90.0,23.0,53.0,89,83,33,88,65,92,87,65,84,90,88,83,93,88,81,83,58,73,45,82,45,18,88,88,69,84,23,20,28,9,13,7,10,7,,79+3,79+3,79+3,88+0,86+0,86+0,86+0,88+0,88+3,88+3,88+3,87+3,80+3,80+3,80+3,87+3,62+3,56+3,56+3,56+3,62+3,55+3,39+3,39+3,39+3,55+3,18+3,Lamine Yamal
264388,/player/264388/alberto-moleiro-gonzalez/260004/,26,4,2025-09-19,Moleiro,Alberto Moleiro González,"LM, CAM, LW",79,86,35500000,32000,21,2003-09-30,171,68,53.0,La Liga,1.0,483.0,Villarreal CF,LM,20.0,,2021-07-01,2030.0,45,Spain,,,,Right,4,4,1,,Normal (170-185),No,81700000.0,,"Incisive Pass, Technical, First Touch",83.0,70.0,75.0,81.0,51.0,65.0,68,70,57,78,53,83,75,52,74,81,84,83,85,72,83,74,73,76,60,71,60,48,74,81,59,71,47,55,53,6,9,11,8,11,,73+2,73+2,73+2,78+0,77+0,77+0,77+0,78+0,78+2,78+2,78+2,78+2,75+2,75+2,75+2,78+2,67+2,65+2,65+2,65+2,67+2,64+2,58+2,58+2,58+2,64+2,16+2,Moleiro
225539,/player/225539/dominic-solanke/260004/,26,4,2025-09-19,D. Solanke,Dominic Ayodele Solanke-Mitchell,ST,80,80,23000000,110000,27,1997-09-14,187,80,13.0,Premier League,1.0,18.0,Tottenham Hotspur,ST,19.0,,2024-08-10,2030.0,14,England,1318.0,SUB,19.0,Right,2,3,3,,Lean (185+),Yes,43700000.0,,"Precision Header, Acrobatic",71.0,80.0,66.0,77.0,42.0,83.0,55,81,83,77,77,78,57,48,60,79,68,74,67,80,68,82,88,87,84,73,75,43,83,70,82,78,40,35,22,9,15,14,9,10,,80+0,80+0,80+0,75+0,78+0,78+0,78+0,75+0,76+3,76+3,76+3,74+3,72+3,72+3,72+3,74+3,59+3,60+3,60+3,60+3,59+3,56+3,56+3,56+3,56+3,56+3,19+3,D. Solanke
229905,/player/229905/abdulkerim-bardakci/260004/,26,4,2025-09-19,A. Bardakcı,Abdülkerim Bardakcı,"CB, LB, LM",80,80,17500000,58000,30,1994-09-07,185,80,68.0,Süper Lig,1.0,325.0,Galatasaray SK,LCB,42.0,,2022-06-26,2027.0,48,Türkiye,,,,Left,2,2,3,,Stocky (185+),Yes,33299999.0,,"Precision Header, Long Ball Pass, Intercept, Anticipate, Slide Tackle, Aerial Fortress, Bruiser",59.0,46.0,70.0,69.0,81.0,85.0,74,38,82,74,70,68,67,35,75,72,58,60,62,75,64,66,86,82,87,34,84,78,68,67,48,76,83,80,81,13,7,12,7,15,,64+3,64+3,64+3,64+0,64+0,64+0,64+0,64+0,66+3,66+3,66+3,68+3,71+3,71+3,71+3,68+3,75+3,78+2,78+2,78+2,75+3,76+3,80+0,80+0,80+0,76+3,18+3,Abdülkerim Bardakcı
255566,/player/255566/samuel-almeida-costa/260004/,26,4,2025-09-19,Samú Costa,Samuel de Almeida Costa,"CDM, CM",78,86,29500000,28000,24,2000-11-27,183,75,53.0,La Liga,1.0,453.0,RCD Mallorca,SUB,12.0,,2023-08-10,2028.0,38,Portugal,,,,Left,2,2,1,,Lean (170-185),Yes,67900000.0,,"Intercept, Aerial Fortress, Press Proven",61.0,65.0,70.0,71.0,75.0,79.0,58,59,71,79,50,69,47,52,76,76,65,57,67,74,64,79,79,82,76,72,81,75,64,71,54,66,74,78,75,6,7,12,14,9,,69+2,69+2,69+2,68+0,70+0,70+0,70+0,68+0,71+2,71+2,71+2,69+2,74+2,74+2,74+2,69+2,73+2,77+2,77+2,77+2,73+2,73+2,75+2,75+2,75+2,73+2,16+2,Samú Costa
259197,/player/259197/nicolas-jackson/260004/,26,4,2025-09-19,N. Jackson,Nicolas Jackson,ST,80,84,30500000,110000,24,2001-06-20,187,78,19.0,Bundesliga,1.0,21.0,FC Bayern München,SUB,11.0,Chelsea,,2026.0,136,Senegal,,,,Right,3,3,3,,Lean (185+),Yes,,,"Low Driven Shot, Gamechanger, Technical",82.0,77.0,69.0,79.0,40.0,77.0,62,81,76,77,76,81,72,50,62,79,81,83,72,80,71,79,89,81,77,70,70,40,83,73,60,77,30,40,30,12,7,12,7,7,,80+3,80+3,80+3,78+0,79+0,79+0,79+0,78+0,78+3,78+3,78+3,77+3,72+3,72+3,72+3,77+3,61+3,59+3,59+3,59+3,61+3,58+3,55+3,55+3,55+3,58+3,16+3,Nicolas Jackson
279173,/player/279173/franco-mastantuono/260004/,26,4,2025-09-19,F. Mastantuono,Franco Mastantuono,"CAM, RW, ST",77,88,22000000,69000,17,2007-08-14,177,71,53.0,La Liga,1.0,243.0,Real Madrid,SUB,30.0,,2025-08-06,2031.0,52,Argentina,1369.0,RES,17.0,Left,3,3,1,,Normal (170-185),Yes,49500000.0,,Dead Ball,74.0,71.0,75.0,80.0,50.0,63.0,73,70,47,77,65,81,74,74,72,80,78,71,82,74,80,72,64,72,58,71,64,53,76,78,70,78,49,51,49,7,13,10,6,9,,71+2,71+2,71+2,76+0,76+0,76+0,76+0,76+0,77+2,77+2,77+2,76+2,74+2,74+2,74+2,76+2,66+2,65+2,65+2,65+2,66+2,63+2,56+2,56+2,56+2,63+2,16+2,Franco Mastantuono
224179,/player/224179/borja-iglesias-quintas/260004/,26,4,2025-09-19,Borja Iglesias,Borja Iglesias Quintas,ST,80,80,17000000,40000,32,1993-01-17,187,86,53.0,La Liga,1.0,450.0,RC Celta,SUB,7.0,,2025-08-12,2028.0,45,Spain,,,,Right,3,3,2,,Normal (185+),Yes,35700000.0,,Enforcer,62.0,82.0,71.0,74.0,40.0,77.0,54,83,83,78,75,74,51,68,72,80,59,65,53,80,67,85,85,64,84,76,73,32,85,80,90,80,40,36,27,14,12,16,13,16,,80+0,80+0,80+0,74+0,78+0,78+0,78+0,74+0,77+2,77+2,77+2,73+2,73+2,73+2,73+2,73+2,55+2,60+2,60+2,60+2,55+2,53+2,55+2,55+2,55+2,53+2,21+2,Borja Iglesias
201153,/player/201153/alvaro-borja-morata-martin/260004/,26,4,2025-09-19,Morata,Álvaro Borja Morata Martín,"ST, CAM",81,81,21000000,64000,32,1992-10-23,190,84,31.0,Serie A,1.0,1745.0,Como,SUB,7.0,AC Milan,,2026.0,45,Spain,1362.0,SUB,7.0,Right,4,3,3,,Unique,Yes,,,"Finesse Shot, Rapid, Relentless, Enforcer",78.0,81.0,74.0,80.0,31.0,78.0,72,82,84,77,82,80,78,52,72,83,79,78,76,81,63,82,91,79,79,76,69,26,84,77,75,79,37,14,20,4,5,4,4,5,,81+0,81+0,81+0,79+0,81+0,81+0,81+0,79+0,79+2,79+2,79+2,79+2,73+3,73+3,73+3,79+2,57+3,56+3,56+3,56+3,57+3,54+3,50+3,50+3,50+3,54+3,13+3,Morata
270208,/player/270208/archie-gray/260004/,26,4,2025-09-19,A. Gray,Archie Gray,"CDM, CB, RB, RM",75,86,11500000,48000,19,2006-03-12,187,70,13.0,Premier League,1.0,18.0,Tottenham Hotspur,SUB,14.0,,2024-07-02,2030.0,14,England,,,,Right,4,2,1,,Lean (185+),No,24200000.0,,,71.0,60.0,71.0,73.0,73.0,73.0,67,59,68,75,55,74,60,55,74,74,70,72,66,75,67,62,75,77,72,60,71,74,68,71,57,75,73,74,73,15,12,13,6,5,,68+2,68+2,68+2,70+0,70+0,70+0,70+0,70+0,71+2,71+2,71+2,72+2,73+2,73+2,73+2,72+2,73+2,74+2,74+2,74+2,73+2,73+2,73+2,73+2,73+2,73+2,17+2,Archie Gray
229880,/player/229880/aaron-wan-bissaka/260004/,26,4,2025-09-19,A. Wan-Bissaka,Aaron Wan-Bissaka,"RB, RM",80,81,22000000,71000,27,1997-11-26,183,72,13.0,Premier League,1.0,19.0,West Ham United,RB,29.0,,2024-08-13,2031.0,110,Congo DR,,,,Right,2,3,3,,Unique,Yes,43500000.0,,"Slide Tackle +, Block, Intercept, Anticipate, Rapid",80.0,51.0,69.0,77.0,78.0,73.0,72,46,57,75,43,79,74,45,58,74,79,80,77,79,70,70,75,75,71,44,73,81,72,68,44,78,78,80,89,9,8,6,8,8,,66+3,66+3,66+3,71+0,70+0,70+0,70+0,71+0,71+3,71+3,71+3,73+3,71+3,71+3,71+3,73+3,78+3,75+3,75+3,75+3,78+3,78+3,76+3,76+3,76+3,78+3,16+3,Aaron Wan-Bissaka
201399,/player/201399/mauro-icardi/260004/,26,4,2025-09-19,M. Icardi,Mauro Emanuel Icardi Rivero,ST,81,81,21000000,70000,32,1993-02-19,181,79,68.0,Süper Lig,1.0,325.0,Galatasaray SK,SUB,9.0,,2022-09-08,2026.0,52,Argentina,,,,Right,4,3,3,,Unique,Yes,39900000.0,#Aerial threat,"Chip Shot +, Low Driven Shot, Gamechanger, Incisive Pass, Aerial Fortress",67.0,82.0,71.0,76.0,40.0,73.0,51,86,90,79,82,72,75,52,69,81,65,68,68,82,74,84,87,71,76,72,65,29,87,80,81,85,40,37,20,13,9,5,7,9,,81+0,81+0,81+0,75+0,79+0,79+0,79+0,75+0,78+3,78+3,78+3,74+3,73+3,73+3,73+3,74+3,55+3,59+3,59+3,59+3,55+3,53+3,54+3,54+3,54+3,53+3,17+3,M. Icardi
257289,/player/257289/hugo-ekitike/260004/,26,4,2025-09-19,H. Ekitiké,Hugo Ekitiké,"ST, CAM",83,88,55500000,120000,23,2002-06-20,189,70,13.0,Premier League,1.0,9.0,Liverpool,ST,22.0,,2025-07-23,2031.0,18,France,,,,Right,3,4,3,,Lean (185+),No,106800000.0,,"Finesse Shot, Chip Shot, Technical",86.0,78.0,69.0,85.0,33.0,73.0,51,79,77,82,77,87,69,51,57,86,85,87,80,83,74,82,85,86,69,75,65,23,86,79,62,78,28,35,19,8,8,7,10,12,,82+3,82+3,82+3,81+0,83+0,83+0,83+0,81+0,82+3,82+3,82+3,80+3,74+3,74+3,74+3,80+3,58+3,57+3,57+3,57+3,58+3,55+3,50+3,50+3,50+3,55+3,17+3,Hugo Ekitiké
247263,/player/247263/edmond-tapsoba/260004/,26,4,2025-09-19,E. Tapsoba,Edmond Fayçal Tapsoba,CB,81,83,28000000,79000,26,1999-02-02,192,84,19.0,Bundesliga,1.0,32.0,Bayer 04 Leverkusen,LCB,12.0,,2020-01-31,2028.0,101,Burkina Faso,,,,Right,4,2,3,,Normal (185+),Yes,49700000.0,,"Precision Header, Pinged Pass, Long Ball Pass",75.0,56.0,68.0,70.0,82.0,80.0,39,56,84,83,33,66,54,32,82,74,73,76,66,81,64,86,84,74,83,33,77,85,34,74,77,78,82,81,79,5,10,13,7,15,,67+3,67+3,67+3,64+0,66+0,66+0,66+0,64+0,68+3,68+3,68+3,67+3,73+3,73+3,73+3,67+3,74+3,80+3,80+3,80+3,74+3,76+3,81+2,81+2,81+2,76+3,17+3,E. Tapsoba
258580,/player/258580/kerem-akturkoglu/260004/,26,4,2025-09-19,K. Aktürkoğlu,Muhammed Kerem Aktürkoğlu,"LW, LM",80,81,25000000,62000,26,1998-10-21,173,68,68.0,Süper Lig,1.0,326.0,Fenerbahçe SK,LM,9.0,,2025-09-01,2029.0,48,Türkiye,,,,Right,3,4,1,,Lean (170-185),Yes,49400000.0,#Acrobat,"Finesse Shot, Gamechanger, Incisive Pass, Rapid, Quick Step, Relentless",85.0,75.0,74.0,81.0,41.0,58.0,72,78,52,74,55,81,77,78,66,79,87,84,88,81,81,72,62,86,44,77,57,36,82,79,64,75,38,43,41,11,7,12,9,8,,74+2,74+2,74+2,80+0,79+0,79+0,79+0,80+0,79+2,79+2,79+2,79+2,73+2,73+2,73+2,79+2,64+2,59+2,59+2,59+2,64+2,61+2,49+2,49+2,49+2,61+2,17+2,K. Aktürkoğlu
235149,/player/235149/jerdy-schouten/260004/,26,4,2025-09-19,J. Schouten,Jerdy Hendrikus Gerardus Bernardus Schouten,"CDM, CM, CB",80,81,20500000,28000,28,1997-01-12,185,74,10.0,Eredivisie,1.0,247.0,PSV,CDM,22.0,,2023-08-16,2030.0,34,Netherlands,105035.0,SUB,20.0,Right,3,4,3,,Lean (185+),Yes,30200000.0,,"Pinged Pass, Inventive, Intercept, Anticipate, Press Proven",60.0,59.0,72.0,76.0,80.0,73.0,59,58,66,81,52,75,56,36,79,79,60,60,66,78,77,65,73,71,75,58,70,83,62,78,58,83,82,80,79,11,7,6,5,14,,67+3,67+3,67+3,69+0,70+0,70+0,70+0,69+0,73+3,73+3,73+3,71+3,76+3,76+3,76+3,71+3,75+3,79+2,79+2,79+2,75+3,75+3,77+3,77+3,77+3,75+3,17+3,J. Schouten
235410,/player/235410/youssef-en-nesyri/260004/,26,4,2025-09-19,Y. En-Nesyri,Youssef En-Nesyriيوسف النصيري,ST,82,82,31000000,76000,28,1997-06-01,188,78,68.0,Süper Lig,1.0,326.0,Fenerbahçe SK,ST,19.0,,2024-07-24,2029.0,129,Morocco,111111.0,ST,19.0,Left,3,3,3,,Normal (185+),Yes,58900000.0,,"Precision Header, Aerial Fortress, Rapid, Quick Step, Relentless",79.0,81.0,65.0,75.0,35.0,80.0,60,83,86,76,77,76,65,56,58,79,73,83,71,84,50,83,90,80,80,76,77,33,85,58,73,75,27,31,27,13,9,14,9,13,,82+0,82+0,82+0,76+0,78+0,78+0,78+0,76+0,75+3,75+3,75+3,75+3,69+3,69+3,69+3,75+3,58+3,57+3,57+3,57+3,58+3,56+3,54+3,54+3,54+3,56+3,19+3,Y. En-Nesyri
236610,/player/236610/moise-kean/260004/,26,4,2025-09-19,M. Kean,Moise Bioty Kean,ST,83,86,48500000,74000,25,2000-02-28,183,72,31.0,Serie A,1.0,110374.0,Fiorentina,LS,20.0,,2024-07-09,2029.0,27,Italy,1343.0,RS,11.0,Right,3,3,3,,Normal (170-185),Yes,86100000.0,,"Chip Shot, Gamechanger, Rapid",86.0,82.0,58.0,81.0,40.0,74.0,51,88,83,68,72,82,69,48,46,83,84,87,79,78,79,87,89,82,72,69,65,31,86,58,65,77,40,36,30,13,8,10,7,9,,83+3,83+3,83+3,77+0,80+0,80+0,80+0,77+0,75+3,75+3,75+3,75+3,67+3,67+3,67+3,75+3,59+3,55+3,55+3,55+3,59+3,57+3,54+3,54+3,54+3,57+3,17+3,M. Kean
264862,/player/264862/maghnes-akliouche/260004/,26,4,2025-09-19,M. Akliouche,Maghnes Akliouche,"RM, CAM, RW",80,86,33500000,34000,23,2002-02-25,183,63,16.0,Ligue 1,1.0,69.0,AS Monaco,RM,11.0,,2020-07-01,2028.0,18,France,,,,Left,3,4,1,,Lean (170-185),Yes,70400000.0,,"Low Driven Shot, Inventive",74.0,70.0,78.0,83.0,48.0,62.0,76,72,46,80,59,84,80,67,74,84,75,74,84,78,75,66,62,77,58,71,54,48,74,82,70,81,46,52,44,8,10,9,5,8,,71+2,71+2,71+2,79+0,77+0,77+0,77+0,79+0,79+2,79+2,79+2,79+2,76+2,76+2,76+2,79+2,67+2,65+2,65+2,65+2,67+2,63+2,55+2,55+2,55+2,63+2,16+2,Maghnes Akliouche
213345,/player/213345/kingsley-coman/260004/,26,4,2025-09-19,K. Coman,Kingsley Junior Coman,"LM, RM, LW",83,83,35500000,64000,29,1996-06-13,181,75,350.0,Pro League,1.0,112139.0,Al Nassr,RM,21.0,,2025-08-15,2028.0,18,France,,,,Right,3,5,3,,Unique,Yes,56800000.0,"#Dribbler, #Acrobat","Rapid +, First Touch, Quick Step",87.0,75.0,79.0,87.0,30.0,61.0,80,73,61,80,78,88,83,70,73,87,90,84,91,82,85,82,78,65,66,72,38,23,79,80,65,78,29,27,21,5,3,5,3,5,,78+3,78+3,78+3,83+0,82+0,82+0,82+0,83+0,82+1,82+1,82+1,82+1,74+3,74+3,74+3,82+1,59+3,55+3,55+3,55+3,59+3,54+3,45+3,45+3,45+3,54+3,13+3,K. Coman
261530,/player/261530/dario-cassia-luis-essugo/260004/,26,4,2025-09-19,Dário Essugo,Dário Cassia Luís Essugo,"CDM, CM, CB",75,85,11500000,58000,20,2005-03-14,178,79,13.0,Premier League,1.0,5.0,Chelsea,RES,14.0,,2025-06-10,2033.0,38,Portugal,,,,Right,3,2,1,,Normal (170-185),No,24200000.0,,"Block, Bruiser",76.0,58.0,64.0,73.0,74.0,81.0,46,49,62,74,41,74,47,47,70,71,72,80,77,73,79,69,80,76,83,68,81,75,72,70,52,68,75,76,74,9,9,6,6,8,,67+2,67+2,67+2,68+0,70+0,70+0,70+0,68+0,71+2,71+2,71+2,69+2,72+2,72+2,72+2,69+2,71+2,74+2,74+2,74+2,71+2,72+2,75+2,75+2,75+2,72+2,15+2,Dário Essugo
263765,/player/263765/tom-bischof/260004/,26,4,2025-09-19,T. Bischof,Tom Bischof,"CM, CDM, RM, CAM",76,86,16500000,36000,20,2005-06-28,176,66,19.0,Bundesliga,1.0,21.0,FC Bayern München,SUB,20.0,,2025-06-09,2029.0,21,Germany,,,,Left,3,3,1,,Lean (170-185),Yes,30500000.0,,Press Proven,58.0,67.0,79.0,79.0,60.0,60.0,77,64,40,82,52,78,75,76,78,80,65,52,81,78,85,72,49,81,49,77,65,58,61,78,57,77,58,68,61,9,13,12,13,6,,65+2,65+2,65+2,73+0,72+0,72+0,72+0,73+0,75+2,75+2,75+2,74+2,76+2,76+2,76+2,74+2,70+2,70+2,70+2,70+2,70+2,67+2,60+2,60+2,60+2,67+2,18+2,Tom Bischof
76687,/player/76687/estevao-willian-almeida/260004/,26,4,2025-09-19,Estêvão,Estêvão Willian Almeida,"RM, CAM, RW",78,89,29500000,65000,18,2007-04-24,176,70,13.0,Premier League,1.0,5.0,Chelsea,SUB,41.0,,2025-07-14,2033.0,54,Brazil,,,,Left,2,4,1,,Lean (170-185),Yes,62000000.0,"#Speedster, #Acrobat","Finesse Shot, Inventive, Technical, Quick Step",90.0,74.0,73.0,82.0,33.0,57.0,77,73,52,73,66,82,78,71,66,79,91,89,91,74,93,79,66,67,49,75,62,34,75,75,68,80,28,34,27,9,15,13,6,11,,73+2,73+2,73+2,79+0,77+0,77+0,77+0,79+0,77+2,77+2,77+2,77+2,70+2,70+2,70+2,77+2,59+2,55+2,55+2,55+2,59+2,56+2,46+2,46+2,46+2,56+2,17+2,Estêvão
265695,/player/265695/matias-soule/260004/,26,4,2025-09-19,M. Soulé,Matías Soulé Malvano,"CAM, RM, CM",78,85,28500000,45000,22,2003-04-15,176,69,31.0,Serie A,1.0,52.0,Roma,LAM,18.0,,2024-07-30,2029.0,52,Argentina,,,,Left,4,4,1,,Normal (170-185),Yes,54200000.0,,"Finesse Shot, Dead Ball, Incisive Pass, Technical",79.0,74.0,76.0,81.0,36.0,58.0,75,75,58,77,69,83,79,76,72,81,83,76,83,73,78,72,68,86,51,77,38,30,74,76,69,70,28,40,38,15,8,11,15,14,,73+2,73+2,73+2,78+0,77+0,77+0,77+0,78+0,78+2,78+2,78+2,78+2,73+2,73+2,73+2,78+2,62+2,57+2,57+2,57+2,62+2,58+2,46+2,46+2,46+2,58+2,20+2,M. Soulé
214096,/player/214096/tim-kleindienst/260004/,26,4,2025-09-19,T. Kleindienst,Tim Kleindienst,ST,81,81,25500000,43000,29,1995-08-31,194,85,19.0,Bundesliga,1.0,23.0,Borussia Mönchengladbach,SUB,11.0,,2024-07-01,2028.0,21,Germany,,,,Left,5,2,3,,Normal (185+),Yes,43400000.0,"#Aerial threat, #Strength","Enforcer +, Precision Header, Aerial Fortress, Relentless",67.0,82.0,62.0,70.0,45.0,88.0,50,83,91,68,85,68,54,53,63,79,59,74,51,81,52,84,89,92,87,77,84,52,86,65,70,85,36,39,25,7,8,12,7,14,,81+0,81+0,81+0,71+0,76+0,76+0,76+0,71+0,72+3,72+3,72+3,71+3,70+3,70+3,70+3,71+3,59+3,62+3,62+3,62+3,59+3,57+3,59+3,59+3,59+3,57+3,17+3,Tim Kleindienst
241464,/player/241464/pau-francisco-torres/260004/,26,4,2025-09-19,Pau Torres,Pau Francisco Torres,CB,80,80,18000000,110000,28,1997-01-16,191,80,13.0,Premier League,1.0,2.0,Aston Villa,SUB,14.0,,2023-07-12,2028.0,45,Spain,,,,Left,2,2,3,,Lean (185+),Yes,34200000.0,,Pinged Pass,67.0,41.0,75.0,69.0,82.0,73.0,64,31,85,81,41,64,74,54,80,79,66,67,56,80,52,58,84,71,73,40,73,81,66,77,42,82,83,82,81,11,13,13,13,9,,63+3,63+3,63+3,66+0,66+0,66+0,66+0,66+0,69+3,69+3,69+3,70+3,75+3,75+3,75+3,70+3,76+3,79+1,79+1,79+1,76+3,77+3,80+0,80+0,80+0,77+3,19+3,Pau Torres
229237,/player/229237/manuel-akanji/260004/,26,4,2025-09-19,M. Akanji,Manuel Obafemi Akanji,CB,82,82,25500000,135000,29,1995-07-19,187,91,31.0,Serie A,1.0,44.0,Inter,RCB,25.0,Manchester City,,2026.0,47,Switzerland,,,,Right,4,2,3,,Unique,Yes,,,Long Ball Pass,74.0,48.0,69.0,73.0,82.0,81.0,55,38,79,79,42,74,54,59,77,75,71,76,66,82,54,75,81,71,85,48,82,82,37,65,40,80,83,83,82,10,9,13,6,9,,63+3,63+3,63+3,65+0,65+0,65+0,65+0,65+0,67+3,67+3,67+3,68+3,72+3,72+3,72+3,68+3,76+3,79+3,79+3,79+3,76+3,77+3,82+0,82+0,82+0,77+3,17+3,M. Akanji
257179,/player/257179/goncalo-bernardo-inacio/260004/,26,4,2025-09-19,Gonçalo Inácio,Gonçalo Bernardo Inácio,CB,81,86,35000000,22000,23,2001-08-25,185,81,308.0,Primeira Liga,1.0,237.0,Sporting CP,LCB,25.0,,2019-07-01,2027.0,38,Portugal,1354.0,LCB,14.0,Left,2,2,3,,Normal (185+),Yes,72600000.0,,"Pinged Pass, Long Ball Pass, Jockey",77.0,37.0,71.0,73.0,82.0,81.0,52,23,83,81,45,72,64,27,85,75,79,76,76,76,65,67,85,82,82,28,78,82,64,75,40,77,82,82,79,6,6,7,10,7,,63+3,63+3,63+3,65+0,66+0,66+0,66+0,65+0,69+3,69+3,69+3,70+3,75+3,75+3,75+3,70+3,76+3,80+3,80+3,80+3,76+3,77+3,81+3,81+3,81+3,77+3,15+3,Gonçalo Inácio
256197,/player/256197/piero-hincapie/260004/,26,4,2025-09-19,P. Hincapié,Piero Martín Hincapié Reyna,"CB, LB, LM",83,89,52000000,81000,23,2002-01-09,184,77,13.0,Premier League,1.0,1.0,Arsenal,SUB,5.0,Bayer 04 Leverkusen,,2026.0,57,Ecuador,,,,Left,2,3,3,,Normal (170-185),Yes,,,"Slide Tackle +, Jockey, Block",84.0,41.0,65.0,72.0,84.0,82.0,55,41,79,78,33,70,56,32,74,74,80,88,74,82,69,50,88,85,77,31,87,83,60,57,33,76,83,85,88,9,15,10,6,9,,64+3,64+3,64+3,67+0,66+0,66+0,66+0,67+0,67+3,67+3,67+3,70+3,71+3,71+3,71+3,70+3,79+3,80+3,80+3,80+3,79+3,81+3,83+3,83+3,83+3,81+3,18+3,P. Hincapié
269859,/player/269859/arthur-vermeeren/260004/,26,4,2025-09-19,A. Vermeeren,Arthur Denis Vermeeren,"CM, CDM, CAM",77,87,23000000,35000,20,2005-02-07,177,70,16.0,Ligue 1,1.0,219.0,Olympique de Marseille,SUB,18.0,RB Leipzig,,2026.0,7,Belgium,,,,Right,4,3,1,,Lean (170-185),No,,,"Block, Anticipate",70.0,55.0,77.0,79.0,68.0,66.0,69,48,54,83,38,78,71,48,79,81,75,65,79,76,76,66,67,76,61,63,65,77,61,81,60,79,75,64,59,9,6,13,9,8,,64+2,64+2,64+2,72+0,71+0,71+0,71+0,72+0,75+2,75+2,75+2,74+2,77+2,77+2,77+2,74+2,73+2,75+2,75+2,75+2,73+2,71+2,68+2,68+2,68+2,71+2,16+2,A. Vermeeren
247679,/player/247679/victor-boniface/260004/,26,4,2025-09-19,V. Boniface,Victor Okoh Boniface,ST,81,85,37500000,79000,24,2000-12-23,190,91,19.0,Bundesliga,1.0,38.0,SV Werder Bremen,ST,44.0,Bayer 04 Leverkusen,,2026.0,133,Nigeria,,,,Right,3,4,3,,Stocky (185+),Yes,,#Strength,"Power Shot, Enforcer",67.0,83.0,66.0,80.0,38.0,79.0,48,82,78,75,79,84,70,58,60,82,65,69,68,78,60,91,87,55,90,79,79,33,84,74,72,78,38,31,26,14,5,7,7,12,,81+3,81+3,81+3,76+0,80+0,80+0,80+0,76+0,77+3,77+3,77+3,73+3,70+3,70+3,70+3,73+3,54+3,57+3,57+3,57+3,54+3,51+3,55+3,55+3,55+3,51+3,17+3,Victor Boniface
242816,/player/242816/ricard-puig-marti/260004/,26,4,2025-09-19,Riqui Puig,Ricard Puig Martí,"CM, CAM",80,83,27500000,12000,25,1999-08-13,169,56,39.0,Major League Soccer,1.0,697.0,LA Galaxy,SUB,10.0,,2022-08-04,2027.0,45,Spain,,,,Right,3,3,3,,Lean (170-),No,43300000.0,#Playmaker ,"Finesse Shot, Incisive Pass, Long Ball Pass, Inventive, First Touch",73.0,71.0,79.0,82.0,50.0,52.0,60,72,49,89,56,81,69,51,83,84,74,72,82,78,84,70,52,79,33,74,66,53,78,86,55,78,43,55,50,12,15,14,12,9,,71+3,71+3,71+3,78+0,79+0,79+0,79+0,78+0,82+1,82+1,82+1,79+3,80+3,80+3,80+3,79+3,67+3,68+3,68+3,68+3,67+3,64+3,55+3,55+3,55+3,64+3,19+3,Riqui Puig
216447,/player/216447/alvaro-garcia-rivera/260004/,26,4,2025-09-19,Álvaro García,Álvaro García Rivera,"LM, LW",80,80,16500000,33000,32,1992-10-27,167,61,53.0,La Liga,1.0,480.0,Rayo Vallecano,LM,18.0,,2018-08-23,2028.0,45,Spain,,,,Left,3,3,3,,Lean (170-),Yes,34700000.0,,"Low Driven Shot, Intercept, Quick Step",88.0,70.0,77.0,81.0,51.0,45.0,82,74,49,78,65,80,78,50,75,79,90,87,87,77,93,71,58,75,34,65,34,64,77,77,55,77,55,45,32,11,8,10,10,14,,72+3,72+3,72+3,79+0,77+0,77+0,77+0,79+0,78+2,78+2,78+2,79+1,74+3,74+3,74+3,79+1,68+3,63+3,63+3,63+3,68+3,65+3,52+3,52+3,52+3,65+3,18+3,Álvaro García
256612,/player/256612/f-evanilson-de-lima-barbosa/260004/,26,4,2025-09-19,Evanilson,Francisco Evanilson de Lima Barbosa,ST,80,83,28500000,83000,25,1999-10-06,183,80,13.0,Premier League,1.0,1943.0,AFC Bournemouth,ST,9.0,,2024-08-16,2029.0,54,Brazil,,,,Right,4,3,1,,Normal (170-185),Yes,56300000.0,,,76.0,79.0,66.0,77.0,37.0,76.0,47,81,77,75,79,78,68,50,67,79,75,76,69,83,69,81,86,74,78,73,73,37,84,70,69,78,22,41,26,13,11,6,14,7,,80+2,80+2,80+2,75+0,78+0,78+0,78+0,75+0,77+2,77+2,77+2,74+2,72+2,72+2,72+2,74+2,56+2,58+2,58+2,58+2,56+2,54+2,53+2,53+2,53+2,54+2,19+2,Evanilson
236403,/player/236403/evan-ndicka/260004/,26,4,2025-09-19,E. Ndicka,Obite Evan Ndicka,CB,81,83,28500000,58000,25,1999-08-20,192,82,31.0,Serie A,1.0,52.0,Roma,LCB,5.0,,2023-07-01,2028.0,108,Côte d'Ivoire,,,,Left,3,2,3,,Normal (185+),Yes,50600000.0,,"Block, Slide Tackle, Bruiser",74.0,53.0,69.0,69.0,81.0,82.0,68,49,79,78,43,69,59,30,74,75,69,78,50,81,55,65,85,83,81,54,81,80,68,64,33,80,81,85,76,13,8,7,8,8,,68+3,68+3,68+3,68+0,69+0,69+0,69+0,68+0,69+3,69+3,69+3,71+3,73+3,73+3,73+3,71+3,77+3,79+3,79+3,79+3,77+3,78+3,81+2,81+2,81+2,78+3,17+3,E. Ndicka
241850,/player/241850/mateo-retegui/260004/,26,4,2025-09-19,M. Retegui,Mateo Retegui,ST,83,84,43500000,60000,26,1999-04-29,186,86,350.0,Pro League,1.0,112391.0,Al Qadsiah FC,RS,32.0,,2025-07-21,2028.0,27,Italy,1343.0,LS,9.0,Right,3,3,3,,Normal (185+),No,77200000.0,,"Precision Header, Low Driven Shot, First Touch, Enforcer",72.0,83.0,67.0,78.0,37.0,76.0,51,88,86,78,80,78,68,52,67,84,69,74,68,80,58,84,81,74,81,74,64,32,86,68,76,77,34,30,25,7,9,9,13,9,,83+1,83+1,83+1,76+0,80+0,80+0,80+0,76+0,78+3,78+3,78+3,75+3,72+3,72+3,72+3,75+3,56+3,58+3,58+3,58+3,56+3,54+3,53+3,53+3,53+3,54+3,17+3,Mateo Retegui
233049,/player/233049/jadon-sancho/260004/,26,4,2025-09-19,J. Sancho,Jadon Malik Sancho,"LM, RM, LW",80,82,26500000,84000,25,2000-03-25,180,76,13.0,Premier League,1.0,2.0,Aston Villa,SUB,19.0,Manchester United,,2026.0,14,England,,,,Right,3,5,3,,Unique,Yes,,"#Dribbler, #Acrobat","Finesse Shot, Trickster",79.0,73.0,77.0,87.0,35.0,58.0,73,74,40,80,70,87,81,67,70,87,82,77,90,78,90,75,62,64,58,70,47,33,78,80,73,83,38,35,25,7,11,10,11,13,,74+3,74+3,74+3,80+0,79+0,79+0,79+0,80+0,81+1,81+1,81+1,79+3,74+3,74+3,74+3,79+3,60+3,58+3,58+3,58+3,60+3,55+3,46+3,46+3,46+3,55+3,18+3,J. Sancho
235243,/player/235243/matthijs-de-ligt/260004/,26,4,2025-09-19,M. de Ligt,Matthijs de Ligt,CB,82,84,34000000,95000,25,1999-08-12,189,89,13.0,Premier League,1.0,11.0,Manchester United,CB,4.0,,2024-08-13,2029.0,34,Netherlands,105035.0,SUB,15.0,Right,3,2,3,,Unique,Yes,67200000.0,#Strength,"Power Shot, Block, Bruiser",62.0,61.0,62.0,67.0,82.0,83.0,52,50,85,77,45,65,48,55,73,72,54,68,52,81,62,84,86,64,91,75,85,83,44,45,40,80,82,81,80,12,11,11,12,10,,67+3,67+3,67+3,62+0,64+0,64+0,64+0,62+0,63+3,63+3,63+3,63+3,68+3,68+3,68+3,63+3,72+3,77+3,77+3,77+3,72+3,74+3,82+2,82+2,82+2,74+3,19+3,Matthijs de Ligt
192123,/player/192123/chris-wood/260004/,26,4,2025-09-19,C. Wood,Christopher Grant Wood,ST,82,82,19500000,125000,33,1991-12-07,191,92,13.0,Premier League,1.0,14.0,Nottingham Forest,ST,11.0,,2023-06-14,2027.0,198,New Zealand,,,,Right,3,2,3,,Normal (185+),Yes,37100000.0,#Strength,"Precision Header, Aerial Fortress, Enforcer",53.0,83.0,68.0,72.0,40.0,81.0,52,85,88,78,83,73,70,65,60,80,55,52,49,85,33,85,87,70,87,73,77,40,86,71,85,80,40,30,25,14,16,16,7,16,,81+1,81+1,81+1,72+0,77+0,77+0,77+0,72+0,75+3,75+3,75+3,72+3,71+3,71+3,71+3,72+3,55+3,59+3,59+3,59+3,55+3,53+3,56+3,56+3,56+3,53+3,21+3,C. Wood
180930,/player/180930/edin-dzeko/260004/,26,4,2025-09-19,E. Džeko,Edin Džeko,ST,81,81,9000000,47000,39,1986-03-17,193,80,31.0,Serie A,1.0,110374.0,Fiorentina,SUB,9.0,,2025-07-10,2026.0,8,Bosnia and Herzegovina,,,,Right,5,3,3,,Lean (185+),Yes,15300000.0,,"Finesse Shot, Low Driven Shot, Incisive Pass, Technical",55.0,82.0,74.0,77.0,40.0,72.0,67,84,86,79,84,77,67,54,75,82,53,57,62,80,55,85,75,68,77,77,65,50,83,77,67,87,39,28,16,9,11,13,15,15,,80+1,80+1,80+1,75+0,78+0,78+0,78+0,75+0,77+3,77+3,77+3,75+3,74+3,74+3,74+3,75+3,57+3,61+3,61+3,61+3,57+3,54+3,54+3,54+3,54+3,54+3,20+3,Edin Džeko
248550,/player/248550/daniel-vivian-moreno/260004/,26,4,2025-09-19,Vivian,Daniel Vivian Moreno,CB,84,87,49500000,62000,25,1999-07-05,183,83,53.0,La Liga,1.0,448.0,Athletic Club,LCB,3.0,,2019-07-01,2032.0,45,Spain,1362.0,SUB,14.0,Right,2,2,3,,Normal (170-185),Yes,107700000.0,#Tactician ,"Long Ball Pass, Intercept",79.0,50.0,63.0,72.0,84.0,83.0,46,52,80,79,51,70,28,22,75,76,76,81,66,84,73,62,89,77,83,33,87,87,30,60,67,72,83,85,83,9,8,12,10,8,,64+3,64+3,64+3,64+0,64+0,64+0,64+0,64+0,66+3,66+3,66+3,67+3,71+3,71+3,71+3,67+3,77+3,81+3,81+3,81+3,77+3,79+3,84+3,84+3,84+3,79+3,17+3,Vivian
189511,/player/189511/sergio-busquets-burgos/260004/,26,4,2025-09-19,Sergio Busquets,Sergio Busquets Burgos,"CDM, CM, CB",80,80,4099999,9000,36,1988-07-16,189,74,39.0,Major League Soccer,1.0,112893.0,Inter Miami,RDM,5.0,,2023-07-16,2025.0,45,Spain,,,,Right,3,3,3,,Lean (185+),Yes,6200000.0,,"Incisive Pass, Long Ball Pass, Anticipate, Press Proven",35.0,61.0,76.0,77.0,77.0,73.0,59,65,68,83,50,80,66,68,81,79,34,35,64,76,50,61,64,75,72,54,76,78,73,79,60,83,78,80,75,5,8,13,9,13,,67+3,67+3,67+3,68+0,70+0,70+0,70+0,68+0,73+3,73+3,73+3,70+3,78+2,78+2,78+2,70+3,71+3,79+1,79+1,79+1,71+3,71+3,75+3,75+3,75+3,71+3,16+3,Sergio Busquets
192366,/player/192366/nicolas-otamendi/260004/,26,4,2025-09-19,N. Otamendi,Nicolás Hernán Gonzalo Otamendi,CB,82,82,5500000,21000,37,1988-02-12,183,78,308.0,Primeira Liga,1.0,234.0,SL Benfica,LCB,30.0,,2020-09-29,2026.0,52,Argentina,1369.0,SUB,19.0,Right,3,2,3,,Normal (170-185),Yes,11000000.0,,"Precision Header, Jockey, Intercept, Anticipate, Slide Tackle, Aerial Fortress, Bruiser",60.0,57.0,64.0,62.0,83.0,85.0,52,54,84,74,57,56,50,39,72,67,54,64,58,80,58,69,89,87,81,56,89,84,55,62,45,79,84,83,80,12,5,8,11,12,,65+3,65+3,65+3,61+0,63+0,63+0,63+0,61+0,64+3,64+3,64+3,64+3,70+3,70+3,70+3,64+3,74+3,79+3,79+3,79+3,74+3,76+3,82+0,82+0,82+0,76+3,18+3,N. Otamendi
262863,/player/262863/antonio-nusa/260004/,26,4,2025-09-19,A. Nusa,Antonio Eromonsele Nordby Nusa,"LM, CAM, LW",76,88,18000000,32000,20,2005-04-17,183,77,19.0,Bundesliga,1.0,112172.0,RB Leipzig,LW,7.0,,2024-08-13,2029.0,36,Norway,1352.0,LW,20.0,Right,4,4,1,,Lean (170-185),Yes,34200000.0,#Acrobat,"Inventive, Technical, Quick Step",89.0,72.0,68.0,81.0,41.0,63.0,67,73,45,70,59,81,74,58,62,80,92,86,91,70,87,83,69,73,59,67,57,32,72,73,54,68,37,47,53,12,14,14,9,10,,72+2,72+2,72+2,77+0,76+0,76+0,76+0,77+0,75+2,75+2,75+2,75+2,69+2,69+2,69+2,75+2,62+2,58+2,58+2,58+2,62+2,60+2,51+2,51+2,51+2,60+2,18+2,A. Nusa
263828,/player/263828/roger-fernandes/260004/,26,4,2025-09-19,Roger Fernandes,Roger Fernandes,"RM, LM, RW",76,85,16000000,25000,19,2005-11-21,166,65,350.0,Pro League,1.0,607.0,Al Ittihad,SUB,78.0,,2025-09-05,2029.0,38,Portugal,,,,Left,4,3,1,,Lean (170-),No,28800000.0,#Acrobat,"Finesse Shot, Rapid, Quick Step",89.0,68.0,67.0,80.0,57.0,55.0,72,71,48,68,55,80,62,52,66,79,87,90,91,76,87,69,59,71,44,66,60,61,73,68,58,69,61,58,40,13,9,10,10,15,,70+2,70+2,70+2,76+0,75+0,75+0,75+0,76+0,74+2,74+2,74+2,75+2,70+2,70+2,70+2,75+2,68+2,64+2,64+2,64+2,68+2,65+2,58+2,58+2,58+2,65+2,19+2,Roger Fernandes
262859,/player/262859/levi-colwill/260004/,26,4,2025-09-19,L. Colwill,Levi Lemar Samuel Colwill,CB,80,84,27500000,95000,22,2003-02-26,187,83,13.0,Premier League,1.0,5.0,Chelsea,SUB,6.0,,2020-02-26,2029.0,14,England,1318.0,SUB,14.0,Left,3,2,3,,Lean (185+),Yes,54300000.0,,Block,70.0,43.0,71.0,72.0,81.0,80.0,65,38,79,79,36,70,67,36,72,77,66,73,60,78,62,60,84,77,79,40,84,81,50,73,40,79,81,81,80,15,14,8,10,14,,62+3,62+3,62+3,65+0,65+0,65+0,65+0,65+0,68+3,68+3,68+3,69+3,72+3,72+3,72+3,69+3,76+3,79+3,79+3,79+3,76+3,77+3,80+3,80+3,80+3,77+3,20+3,L. Colwill
264453,/player/264453/micky-van-de-ven/260004/,26,4,2025-09-19,M. van de Ven,Micky van de Ven,"CB, LB, LM",82,85,37000000,95000,24,2001-04-19,193,86,13.0,Premier League,1.0,18.0,Tottenham Hotspur,LCB,37.0,,2023-08-08,2029.0,34,Netherlands,105035.0,LB,16.0,Left,3,3,3,,Normal (185+),Yes,73100000.0,,"Block, Slide Tackle",90.0,49.0,64.0,72.0,82.0,80.0,58,43,76,76,47,73,37,34,74,75,84,95,59,82,49,59,92,69,85,57,78,82,48,55,39,81,82,83,85,7,13,13,11,7,,65+3,65+3,65+3,68+0,67+0,67+0,67+0,68+0,67+3,67+3,67+3,70+3,70+3,70+3,70+3,70+3,78+3,78+3,78+3,78+3,78+3,79+3,82+3,82+3,82+3,79+3,18+3,Micky van de Ven
207862,/player/207862/matthias-ginter/260004/,26,4,2025-09-19,M. Ginter,Matthias Lukas Ginter,CB,82,82,21000000,41000,31,1994-01-19,190,90,19.0,Bundesliga,1.0,25.0,SC Freiburg,RCB,28.0,,2022-07-01,2027.0,21,Germany,,,,Right,3,2,3,,Normal (185+),Yes,35700000.0,,"Anticipate +, Pinged Pass, Aerial Fortress",55.0,58.0,71.0,66.0,85.0,75.0,68,54,83,78,53,61,44,42,74,75,54,56,54,84,50,79,83,57,83,46,73,83,55,71,67,77,87,87,80,12,10,6,8,10,,67+3,67+3,67+3,64+0,66+0,66+0,66+0,64+0,67+3,67+3,67+3,66+3,72+3,72+3,72+3,66+3,74+3,79+3,79+3,79+3,74+3,76+3,82+0,82+0,82+0,76+3,18+3,M. Ginter
212218,/player/212218/aymeric-laporte/260004/,26,4,2025-09-19,A. Laporte,Aymeric Jean Louis Gerard Alphonse Laporte,CB,82,82,21000000,56000,31,1994-05-27,189,85,53.0,La Liga,1.0,448.0,Athletic Club,SUB,14.0,,2025-09-11,2028.0,45,Spain,,,,Left,3,2,3,,Unique,Yes,44100000.0,,"Precision Header, Pinged Pass, Long Ball Pass, Jockey, Aerial Fortress",51.0,50.0,74.0,70.0,83.0,77.0,58,45,84,84,40,64,61,69,81,81,46,55,57,81,53,68,81,68,83,47,72,84,54,73,44,84,81,85,83,10,11,5,14,5,,65+3,65+3,65+3,64+0,66+0,66+0,66+0,64+0,69+3,69+3,69+3,67+3,75+3,75+3,75+3,67+3,75+3,81+1,81+1,81+1,75+3,76+3,82+0,82+0,82+0,76+3,18+3,A. Laporte
258908,/player/258908/jan-paul-van-hecke/260004/,26,4,2025-09-19,J. van Hecke,Jan Paul van Hecke,CB,80,83,25000000,86000,25,2000-06-08,189,79,13.0,Premier League,1.0,1808.0,Brighton & Hove Albion,RCB,6.0,,2020-09-10,2027.0,34,Netherlands,105035.0,RCB,2.0,Right,3,2,1,,Lean (185+),Yes,49400000.0,,"Long Ball Pass, Aerial Fortress",67.0,46.0,72.0,70.0,80.0,78.0,50,35,77,80,30,70,70,65,80,73,66,68,55,79,60,70,90,70,79,50,83,79,35,74,55,78,80,80,83,11,9,8,7,5,,60+2,60+2,60+2,62+0,63+0,63+0,63+0,62+0,66+2,66+2,66+2,66+2,72+2,72+2,72+2,66+2,73+2,79+2,79+2,79+2,73+2,75+2,80+2,80+2,80+2,75+2,16+2,Jan Paul van Hecke
231652,/player/231652/simon-banza/260004/,26,4,2025-09-19,S. Banza,Simon Bokoté Banza,ST,81,81,26500000,24000,28,1996-08-13,189,77,308.0,Primeira Liga,1.0,1896.0,Sporting Clube de Braga,RES,64.0,,2022-07-19,2027.0,110,Congo DR,,,,Right,3,3,3,,Lean (185+),No,53000000.0,,"Acrobatic, Aerial Fortress, First Touch, Press Proven",79.0,81.0,62.0,77.0,36.0,79.0,60,84,85,65,76,76,66,52,52,82,76,81,71,81,66,82,92,77,83,74,70,30,85,66,76,78,42,23,18,8,7,9,5,6,,81+0,81+0,81+0,76+0,78+0,78+0,78+0,76+0,74+3,74+3,74+3,74+3,67+3,67+3,67+3,74+3,56+3,54+3,54+3,54+3,56+3,53+3,52+3,52+3,52+3,53+3,15+3,S. Banza
271266,/player/271266/givairo-read/260004/,26,4,2025-09-19,G. Read,Givairo Read,"RB, RM",75,88,13000000,10000,19,2006-06-02,183,70,10.0,Eredivisie,1.0,246.0,Feyenoord,RB,26.0,,2023-07-01,2029.0,34,Netherlands,,,,Right,3,3,1,,Normal (170-185),No,26300000.0,,"Whipped Pass, Quick Step",81.0,54.0,69.0,71.0,69.0,76.0,76,52,53,72,27,70,71,37,64,69,82,80,78,72,76,63,76,78,75,58,74,69,55,69,48,70,68,74,74,13,13,12,13,13,,63+2,63+2,63+2,69+0,66+0,66+0,66+0,69+0,68+2,68+2,68+2,70+2,68+2,68+2,68+2,70+2,73+2,71+2,71+2,71+2,73+2,73+2,70+2,70+2,70+2,73+2,19+2,Givairo Read
259848,/player/259848/jon-mikel-aramburu/260004/,26,4,2025-09-19,J. Aramburu,Jon Mikel Aramburu Mejías,"RB, RM",77,85,22500000,30000,22,2002-07-23,176,71,53.0,La Liga,1.0,457.0,Real Sociedad,RB,2.0,,2023-08-01,2030.0,61,Venezuela,,,,Right,3,2,1,,Normal (170-185),Yes,51800000.0,,,69.0,48.0,70.0,72.0,76.0,72.0,72,45,65,76,35,72,63,55,72,74,71,67,67,77,70,53,73,76,68,44,79,78,70,63,60,69,78,74,78,12,7,11,13,5,,63+2,63+2,63+2,68+0,67+0,67+0,67+0,68+0,68+2,68+2,68+2,70+2,71+2,71+2,71+2,70+2,75+2,75+2,75+2,75+2,75+2,75+2,74+2,74+2,74+2,75+2,17+2,J. Aramburu
277846,/player/277846/nicolas-paz-martinez/260004/,26,4,2025-09-19,Nico Paz,Nicolás Paz Martínez,"CAM, CM",79,89,38500000,67000,20,2004-09-08,186,81,31.0,Serie A,1.0,1745.0,Como,CAM,10.0,,2024-08-26,2028.0,52,Argentina,,,,Left,3,4,1,,Normal (185+),Yes,73200000.0,,"Finesse Shot, Incisive Pass, Inventive, Technical",78.0,71.0,77.0,82.0,51.0,64.0,67,76,48,84,51,85,64,67,79,85,76,79,78,68,61,64,67,75,66,78,42,58,71,78,53,73,35,65,44,14,10,15,12,8,,72+2,72+2,72+2,78+0,77+0,77+0,77+0,78+0,79+2,79+2,79+2,78+2,78+2,78+2,78+2,78+2,67+2,67+2,67+2,67+2,67+2,64+2,57+2,57+2,57+2,64+2,17+2,Nico Paz
72093,/player/72093/martim-moreira-fernandes/260004/,26,4,2025-09-19,Martim Fernandes,Martim Moreira Moutinho Fernandes,"RB, RM",75,85,11500000,9000,19,2006-01-18,181,73,308.0,Primeira Liga,1.0,236.0,FC Porto,SUB,52.0,,2022-07-01,2030.0,38,Portugal,,,,Right,2,2,1,,Normal (170-185),No,25300000.0,,Whipped Pass,81.0,51.0,70.0,74.0,69.0,65.0,75,42,55,73,53,73,63,50,63,75,82,81,79,73,66,71,71,74,59,45,67,69,70,70,58,66,70,73,71,13,8,13,11,7,,64+2,64+2,64+2,70+0,69+0,69+0,69+0,70+0,69+2,69+2,69+2,72+2,70+2,70+2,70+2,72+2,73+2,70+2,70+2,70+2,73+2,73+2,68+2,68+2,68+2,73+2,17+2,Martim Fernandes
252037,/player/252037/fabio-daniel-soares-silva/260004/,26,4,2025-09-19,Fábio Silva,Fábio Daniel Soares Silva,"ST, LW",79,85,28500000,47000,22,2002-07-19,185,75,19.0,Bundesliga,1.0,22.0,Borussia Dortmund,SUB,21.0,,2025-08-29,2030.0,38,Portugal,,,,Right,3,4,1,,Lean (185+),Yes,54200000.0,,First Touch,81.0,77.0,64.0,79.0,32.0,79.0,45,80,80,75,75,79,52,46,70,81,79,83,79,78,69,79,89,83,77,69,77,18,81,69,75,76,32,28,26,6,12,7,13,8,,79+2,79+2,79+2,75+0,78+0,78+0,78+0,75+0,77+2,77+2,77+2,75+2,70+2,70+2,70+2,75+2,55+2,56+2,56+2,56+2,55+2,52+2,50+2,50+2,50+2,52+2,17+2,Fábio Silva
215333,/player/215333/duvan-zapata/260004/,26,4,2025-09-19,D. Zapata,Duván Esteban Zapata Banguero,ST,82,82,15000000,61000,34,1991-04-01,188,88,31.0,Serie A,1.0,54.0,Torino,SUB,91.0,,2024-07-01,2026.0,56,Colombia,,,,Right,4,3,3,,Stocky (185+),Yes,25500000.0,#Strength,"Power Shot, Precision Header, Aerial Fortress, Press Proven, Enforcer",74.0,81.0,64.0,77.0,35.0,82.0,47,84,87,74,79,79,55,62,57,80,72,76,66,78,57,88,93,65,90,69,80,20,86,70,75,82,44,24,22,9,9,8,6,8,,82+0,82+0,82+0,75+0,79+0,79+0,79+0,75+0,76+3,76+3,76+3,73+3,68+3,68+3,68+3,73+3,53+3,55+3,55+3,55+3,53+3,50+3,53+3,53+3,53+3,50+3,16+3,D. Zapata
257075,/player/257075/paul-nebel/260004/,26,4,2025-09-19,P. Nebel,Paul Nebel,"CAM, CM, RM",78,85,28500000,27000,22,2002-10-10,169,67,19.0,Bundesliga,1.0,169.0,1. FSV Mainz 05,RAM,8.0,,2020-07-01,2027.0,21,Germany,,,,Right,4,3,1,,Unique,Yes,54200000.0,#Acrobat,"Low Driven Shot, Incisive Pass, Technical, Relentless",71.0,75.0,72.0,82.0,45.0,60.0,68,78,39,76,68,82,70,50,69,78,79,65,91,77,91,75,55,90,48,74,54,46,79,77,54,74,49,42,50,11,9,10,6,9,,72+2,72+2,72+2,77+0,77+0,77+0,77+0,77+0,78+2,78+2,78+2,77+2,74+2,74+2,74+2,77+2,65+2,62+2,62+2,62+2,65+2,61+2,51+2,51+2,51+2,61+2,16+2,Paul Nebel
246420,/player/246420/jeremy-doku/260004/,26,4,2025-09-19,J. Doku,Jérémy Doku,"LW, RW, LM",80,85,32000000,110000,23,2002-05-27,173,66,13.0,Premier League,1.0,10.0,Manchester City,SUB,11.0,,2023-08-24,2028.0,7,Belgium,,,,Right,3,4,3,,Normal (170-185),Yes,61600000.0,"#Speedster, #Dribbler, #Acrobat","Rapid +, Inventive, Trickster, Quick Step, Enforcer",91.0,71.0,72.0,87.0,32.0,68.0,70,72,40,76,60,91,72,55,69,81,95,88,93,75,92,77,73,63,73,70,62,20,76,74,55,75,40,30,25,11,10,8,9,12,,74+3,74+3,74+3,80+0,79+0,79+0,79+0,80+0,79+3,79+3,79+3,79+3,70+3,70+3,70+3,79+3,58+3,55+3,55+3,55+3,58+3,53+3,46+3,46+3,46+3,53+3,17+3,Jérémy Doku
278901,/player/278901/ayyoub-bouaddi/260004/,26,4,2025-09-19,A. Bouaddi,Ayyoub Bouaddi,"CM, CDM",75,86,11500000,14000,17,2007-10-02,186,72,16.0,Ligue 1,1.0,65.0,Lille OSC,LDM,32.0,,2023-08-21,2027.0,18,France,,,,Right,3,3,1,,Lean (185+),No,24200000.0,,Technical,75.0,58.0,72.0,75.0,67.0,71.0,59,59,56,79,46,75,62,52,77,78,76,74,67,73,64,61,75,74,71,56,68,74,66,76,54,76,59,75,62,9,7,12,12,8,,67+2,67+2,67+2,71+0,71+0,71+0,71+0,71+0,73+2,73+2,73+2,73+2,75+2,75+2,75+2,73+2,71+2,73+2,73+2,73+2,71+2,70+2,69+2,69+2,69+2,70+2,16+2,Ayyoub Bouaddi
243715,/player/243715/william-saliba/260004/,26,4,2025-09-19,W. Saliba,William Alain André Gabriel Saliba,CB,87,89,92000000,180000,24,2001-03-24,193,85,13.0,Premier League,1.0,1.0,Arsenal,RCB,2.0,,2019-07-25,2027.0,18,France,1335.0,LCB,17.0,Right,3,2,4,,Normal (185+),Yes,177100000.0,"#Tackling , #Tactician , #Strength, #Complete defender","Anticipate +, Long Ball Pass, Jockey",77.0,39.0,68.0,72.0,87.0,83.0,58,35,80,80,34,74,55,35,77,77,76,78,53,86,46,60,89,72,88,23,83,86,54,62,47,82,88,90,86,7,10,6,8,11,,64+3,64+3,64+3,66+0,66+0,66+0,66+0,66+0,67+3,67+3,67+3,70+3,72+3,72+3,72+3,70+3,79+3,82+3,82+3,82+3,79+3,81+3,86+3,86+3,86+3,81+3,17+3,W. Saliba
229476,/player/229476/waldemar-anton/260004/,26,4,2025-09-19,W. Anton,Waldemar AntonРипцов-Антон Владимир Александрович,CB,82,82,26500000,60000,28,1996-07-20,189,86,19.0,Bundesliga,1.0,22.0,Borussia Dortmund,CB,3.0,,2024-07-08,2028.0,21,Germany,1337.0,CB,15.0,Right,3,2,3,,Normal (185+),Yes,45100000.0,,"Block +, Pinged Pass, Slide Tackle, Aerial Fortress",69.0,47.0,67.0,66.0,84.0,84.0,52,42,79,79,38,64,39,39,73,70,64,73,56,82,58,60,85,79,85,45,86,82,54,70,48,80,86,86,78,11,12,12,13,13,,63+3,63+3,63+3,63+0,64+0,64+0,64+0,63+0,66+3,66+3,66+3,67+3,72+3,72+3,72+3,67+3,75+3,80+2,80+2,80+2,75+3,77+3,82+0,82+0,82+0,77+3,20+3,W. Anton
268421,/player/268421/mathys-tel/260004/,26,4,2025-09-19,M. Tel,Mathys Henri Tel,"ST, LW, CAM",77,86,23500000,68000,20,2005-04-27,183,77,13.0,Premier League,1.0,18.0,Tottenham Hotspur,SUB,11.0,,2025-07-01,2031.0,18,France,,,,Right,4,4,1,,Normal (170-185),Yes,49400000.0,,Finesse Shot,86.0,80.0,67.0,78.0,29.0,64.0,67,79,70,68,76,81,68,56,64,77,85,87,79,69,77,88,80,67,67,77,48,18,77,71,81,74,22,27,32,12,9,15,7,11,,77+2,77+2,77+2,76+0,77+0,77+0,77+0,76+0,75+2,75+2,75+2,75+2,67+2,67+2,67+2,75+2,54+2,50+2,50+2,50+2,54+2,52+2,44+2,44+2,44+2,52+2,17+2,M. Tel
253163,/player/253163/ronald-araujo/260004/,26,4,2025-09-19,R. Araujo,Ronald Federico Araújo da Silva,"CB, RB",83,86,42000000,110000,26,1999-03-07,188,79,53.0,La Liga,1.0,241.0,FC Barcelona,SUB,4.0,,2018-08-29,2031.0,60,Uruguay,,,,Right,3,2,3,,Normal (185+),Yes,89300000.0,,"Precision Header, Jockey, Block, Anticipate, Slide Tackle, Aerial Fortress",80.0,53.0,63.0,61.0,81.0,83.0,58,56,83,73,38,55,47,45,66,66,73,85,54,81,55,68,91,72,87,35,87,81,56,59,43,76,79,83,82,11,14,9,11,8,,66+3,66+3,66+3,63+0,64+0,64+0,64+0,63+0,63+3,63+3,63+3,65+3,67+3,67+3,67+3,65+3,74+3,76+3,76+3,76+3,74+3,77+3,82+3,82+3,82+3,77+3,19+3,R. Araujo
243241,/player/243241/alessandro-buongiorno/260004/,26,4,2025-09-19,A. Buongiorno,Alessandro Buongiorno,CB,82,86,37500000,105000,26,1999-06-06,190,86,31.0,Serie A,1.0,48.0,Napoli,SUB,4.0,,2024-07-13,2029.0,27,Italy,,,,Left,3,2,3,,Normal (185+),Yes,66599999.0,,"Block, Intercept",69.0,45.0,67.0,65.0,84.0,79.0,63,36,80,74,46,60,52,43,70,71,65,72,59,84,58,65,83,78,78,47,83,85,40,66,49,77,87,84,78,13,11,7,11,12,,60+3,60+3,60+3,61+0,61+0,61+0,61+0,61+0,63+3,63+3,63+3,65+3,69+3,69+3,69+3,65+3,76+3,79+3,79+3,79+3,76+3,78+3,82+3,82+3,82+3,78+3,19+3,Alessandro Buongiorno
272505,/player/272505/endrick-felipe-moreira-de-sousa/260004/,26,4,2025-09-19,Endrick,Endrick Felipe Moreira de Sousa,"ST, RW",77,91,24500000,95000,18,2006-07-21,173,66,53.0,La Liga,1.0,243.0,Real Madrid,SUB,9.0,,2024-07-08,2027.0,54,Brazil,,,,Left,3,4,1,,Stocky (170-185),Yes,65500000.0,,"Power Shot, Gamechanger, Rapid, Quick Step",87.0,77.0,62.0,78.0,30.0,68.0,48,78,70,68,74,78,66,71,59,77,88,86,85,77,78,79,84,68,71,74,55,20,76,66,68,74,24,30,31,8,8,15,15,13,,77+2,77+2,77+2,75+0,76+0,76+0,76+0,75+0,74+2,74+2,74+2,72+2,66+2,66+2,66+2,72+2,53+2,51+2,51+2,51+2,53+2,51+2,47+2,47+2,47+2,51+2,18+2,Endrick
244749,/player/244749/nayef-aguerd/260004/,26,4,2025-09-19,N. Aguerd,Nayef Aguerdنايف أكرد,CB,81,82,24000000,80000,29,1996-03-30,190,76,16.0,Ligue 1,1.0,219.0,Olympique de Marseille,LCB,21.0,West Ham United,,2026.0,129,Morocco,111111.0,RCB,5.0,Left,3,2,3,,Lean (185+),Yes,,,"Precision Header, Long Ball Pass, Anticipate",72.0,50.0,67.0,65.0,82.0,77.0,48,40,81,78,41,60,55,41,76,75,65,78,54,80,49,69,84,72,78,54,81,82,52,68,48,74,82,83,80,7,15,9,14,6,,64+3,64+3,64+3,63+0,65+0,65+0,65+0,63+0,66+3,66+3,66+3,66+3,72+3,72+3,72+3,66+3,74+3,79+3,79+3,79+3,74+3,76+3,81+1,81+1,81+1,76+3,18+3,N. Aguerd
229558,/player/229558/dayot-upamecano/260004/,26,4,2025-09-19,D. Upamecano,Dayotchanculle Oswald Upamecano,CB,85,88,62500000,95000,26,1998-10-27,186,90,19.0,Bundesliga,1.0,21.0,FC Bayern München,RCB,2.0,,2021-07-05,2026.0,18,France,1335.0,SUB,4.0,Right,3,3,3,,Stocky (185+),Yes,107800000.0,"#Tactician , #Strength","Pinged Pass, Long Ball Pass, Jockey, Bruiser",77.0,45.0,64.0,73.0,84.0,84.0,48,39,83,79,33,72,36,28,78,76,76,78,66,84,65,64,85,73,87,42,88,86,47,58,39,74,84,84,82,6,7,8,15,9,,64+3,64+3,64+3,65+0,65+0,65+0,65+0,65+0,67+3,67+3,67+3,68+3,72+3,72+3,72+3,68+3,76+3,81+3,81+3,81+3,76+3,78+3,84+3,84+3,84+3,78+3,17+3,D. Upamecano
271807,/player/271807/ethan-nwaneri/260004/,26,4,2025-09-19,E. Nwaneri,Ethan Chidiebere Nwaneri,"RW, CM, RM",76,87,16000000,67000,18,2007-03-21,176,70,13.0,Premier League,1.0,1.0,Arsenal,SUB,22.0,,2022-09-18,2030.0,14,England,,,,Left,3,3,1,,Normal (170-185),Yes,32799999.0,,"Finesse Shot, Technical",82.0,70.0,74.0,78.0,50.0,54.0,78,71,42,74,59,79,76,60,70,77,80,83,80,74,83,72,58,66,51,70,44,52,73,75,58,76,47,55,43,14,11,8,12,9,,70+2,70+2,70+2,76+0,75+0,75+0,75+0,76+0,75+2,75+2,75+2,76+2,72+2,72+2,72+2,76+2,65+2,62+2,62+2,62+2,65+2,62+2,53+2,53+2,53+2,62+2,18+2,E. Nwaneri
239580,/player/239580/gleison-bremer-silva-nascimento/260004/,26,4,2025-09-19,Bremer,Gleison Bremer Silva Nascimento,CB,85,86,51000000,170000,28,1997-03-18,187,84,31.0,Serie A,1.0,45.0,Juventus,CB,3.0,,2022-07-20,2029.0,54,Brazil,,,,Right,2,2,4,,Stocky (185+),Yes,90500000.0,,"Precision Header, Long Ball Pass, Block, Aerial Fortress, Bruiser",82.0,50.0,58.0,66.0,86.0,80.0,46,49,87,75,38,62,42,24,69,68,78,86,65,78,63,68,92,65,84,39,84,84,58,45,43,78,87,87,84,13,15,13,5,6,,67+3,67+3,67+3,63+0,64+0,64+0,64+0,63+0,63+3,63+3,63+3,65+3,66+3,66+3,66+3,65+3,74+3,77+3,77+3,77+3,74+3,77+3,84+2,84+2,84+2,77+3,17+3,Bremer
261050,/player/261050/francisco-f-da-conceicao/260004/,26,4,2025-09-19,Francisco Conceição,Francisco Fernandes da Conceição,"CAM, RM, RW, CM",79,86,35500000,95000,22,2002-12-14,168,61,31.0,Serie A,1.0,45.0,Juventus,LAM,7.0,,2025-07-24,2030.0,38,Portugal,1354.0,RM,26.0,Left,2,4,1,,Normal (170-),Yes,67500000.0,#Acrobat,"Finesse Shot, Technical, Quick Step",87.0,69.0,74.0,85.0,37.0,50.0,74,69,40,78,71,85,77,58,71,83,88,87,93,79,90,72,55,69,40,67,50,31,76,74,59,72,34,42,38,9,6,7,15,14,,71+2,71+2,71+2,79+0,78+0,78+0,78+0,79+0,79+2,79+2,79+2,79+2,72+2,72+2,72+2,79+2,62+2,57+2,57+2,57+2,62+2,58+2,46+2,46+2,46+2,58+2,18+2,Francisco Conceição
231410,/player/231410/brahim-diaz/260004/,26,4,2025-09-19,Brahim,Brahim Abdelkader Díazابراهيم عبد القادر دياز,"RM, LM, CAM, RW",82,83,36500000,175000,25,1999-08-03,170,68,53.0,La Liga,1.0,243.0,Real Madrid,SUB,21.0,,2019-01-06,2027.0,129,Morocco,111111.0,CAM,10.0,Right,5,4,3,,Normal (170-),Yes,77600000.0,#Acrobat,"Incisive Pass, Tiki Taka, Technical, First Touch",82.0,74.0,79.0,85.0,31.0,58.0,76,76,30,83,64,84,74,61,76,85,83,82,88,80,90,73,60,69,58,76,46,33,79,82,58,79,40,23,21,13,9,13,10,6,,73+3,73+3,73+3,81+0,80+0,80+0,80+0,81+0,82+1,82+1,82+1,81+2,75+3,75+3,75+3,81+2,60+3,57+3,57+3,57+3,60+3,54+3,43+3,43+3,43+3,54+3,17+3,Brahim
264238,/player/264238/diego-lopez-noguerol/260004/,26,4,2025-09-19,Diego López,Diego López Noguerol,"LM, RM, LW",78,86,31000000,34000,23,2002-05-13,172,63,53.0,La Liga,1.0,461.0,Valencia CF,LM,16.0,,2021-07-02,2029.0,45,Spain,,,,Right,4,3,1,,Lean (170-185),Yes,71300000.0,,"Low Driven Shot, Rapid",81.0,75.0,72.0,76.0,37.0,62.0,74,80,59,75,65,77,65,52,68,78,80,81,76,77,73,72,72,75,60,70,47,35,80,75,65,63,41,30,30,14,15,13,14,12,,75+2,75+2,75+2,77+0,77+0,77+0,77+0,77+0,77+2,77+2,77+2,77+2,71+2,71+2,71+2,77+2,60+2,56+2,56+2,56+2,60+2,57+2,48+2,48+2,48+2,57+2,21+2,Diego López
246172,/player/246172/samuel-chukwueze/260004/,26,4,2025-09-19,S. Chukwueze,Samuel Chimerenka Chukwueze,"RM, RW",80,80,23000000,53000,26,1999-05-22,172,70,13.0,Premier League,1.0,144.0,Fulham FC,SUB,19.0,AC Milan,,2026.0,133,Nigeria,,,,Left,2,4,1,,Normal (170-185),Yes,,#Dribbler,"Finesse Shot, Rapid, Quick Step",88.0,74.0,74.0,83.0,36.0,57.0,76,75,44,77,70,86,73,58,66,82,91,86,85,77,82,78,66,62,58,72,47,33,78,76,55,72,40,32,33,13,7,9,7,6,,74+2,74+2,74+2,80+0,79+0,79+0,79+0,80+0,79+1,79+1,79+1,79+1,71+2,71+2,71+2,79+1,61+2,56+2,56+2,56+2,61+2,57+2,47+2,47+2,47+2,57+2,16+2,S. Chukwueze
262138,/player/262138/castello-lukeba/260004/,26,4,2025-09-19,C. Lukeba,Castello Junior Lukeba,"CB, LB",80,88,44500000,48000,22,2002-12-17,183,84,19.0,Bundesliga,1.0,112172.0,RB Leipzig,LCB,23.0,,2023-08-11,2029.0,18,France,,,,Left,2,2,2,,Normal (170-185),Yes,84600000.0,,,72.0,43.0,68.0,73.0,81.0,75.0,59,41,81,76,42,73,54,26,75,74,73,71,70,79,68,55,88,65,78,38,78,80,46,72,39,80,80,85,77,8,10,14,11,13,,62+2,62+2,62+2,65+0,65+0,65+0,65+0,65+0,67+2,67+2,67+2,68+2,71+2,71+2,71+2,68+2,74+2,77+2,77+2,77+2,74+2,75+2,80+2,80+2,80+2,75+2,18+2,C. Lukeba
272978,/player/272978/jorrel-hato/260004/,26,4,2025-09-19,J. Hato,Jorrel Hato,"LB, CB",78,89,29000000,65000,19,2006-03-07,182,76,13.0,Premier League,1.0,5.0,Chelsea,SUB,21.0,,2025-08-03,2032.0,34,Netherlands,,,,Left,3,2,1,,Normal (170-185),Yes,60900000.0,,"Pinged Pass, Jockey, Intercept, Quick Step",85.0,41.0,70.0,74.0,75.0,73.0,66,39,69,79,36,70,59,31,74,78,87,84,76,79,78,55,91,69,73,30,72,77,61,67,34,78,74,77,73,8,5,5,13,9,,63+2,63+2,63+2,69+0,67+0,67+0,67+0,69+0,69+2,69+2,69+2,72+2,71+2,71+2,71+2,72+2,75+2,75+2,75+2,75+2,75+2,76+2,75+2,75+2,75+2,76+2,16+2,Jorrel Hato
242835,/player/242835/leonardo-balerdi/260004/,26,4,2025-09-19,L. Balerdi,Leonardo Julián Balerdi Rossa,CB,81,84,30000000,48000,26,1999-01-26,187,85,16.0,Ligue 1,1.0,219.0,Olympique de Marseille,SUB,5.0,,2021-07-03,2028.0,52,Argentina,,,,Right,3,2,3,,Normal (185+),Yes,59300000.0,,"Jockey, Intercept, Anticipate, Aerial Fortress",77.0,46.0,65.0,69.0,82.0,79.0,42,34,77,77,29,66,39,32,81,77,69,83,62,75,56,64,85,69,81,56,84,82,48,70,57,76,84,82,79,6,8,15,15,14,,62+3,62+3,62+3,63+0,65+0,65+0,65+0,63+0,67+3,67+3,67+3,66+3,72+3,72+3,72+3,66+3,73+3,79+3,79+3,79+3,73+3,75+3,81+3,81+3,81+3,75+3,18+3,L. Balerdi
243854,/player/243854/mohamed-simakan/260004/,26,4,2025-09-19,M. Simakan,Mohamed Simakan,"CB, RB",81,86,34000000,48000,25,2000-05-03,187,82,350.0,Pro League,1.0,112139.0,Al Nassr,RCB,3.0,,2024-09-02,2029.0,18,France,,,,Right,3,2,2,,Lean (185+),Yes,57000000.0,,"Jockey, Bruiser",76.0,43.0,65.0,69.0,82.0,82.0,60,39,80,74,31,67,55,32,70,71,74,78,64,78,64,61,89,79,83,33,79,82,54,63,47,76,80,85,77,8,6,6,11,15,,62+2,62+2,62+2,64+0,64+0,64+0,64+0,64+0,65+2,65+2,65+2,67+2,69+2,69+2,69+2,67+2,75+2,77+2,77+2,77+2,75+2,77+2,81+2,81+2,81+2,77+2,17+2,Mohamed Simakan
259031,/player/259031/liam-delap/260004/,26,4,2025-09-19,L. Delap,Liam Rory Delap,ST,78,85,29000000,95000,22,2003-02-08,186,90,13.0,Premier League,1.0,5.0,Chelsea,SUB,9.0,,2025-06-04,2031.0,14,England,,,,Right,5,3,1,,Normal (185+),Yes,60900000.0,,"Power Shot, Enforcer",79.0,80.0,60.0,76.0,30.0,81.0,55,80,73,69,78,78,68,52,50,78,76,81,70,77,63,85,88,70,84,74,83,22,79,59,77,77,29,25,23,8,9,10,11,10,,78+2,78+2,78+2,74+0,76+0,76+0,76+0,74+0,73+2,73+2,73+2,72+2,64+2,64+2,64+2,72+2,53+2,52+2,52+2,52+2,53+2,50+2,50+2,50+2,50+2,50+2,17+2,L. Delap
270409,/player/270409/savio-moreira-de-oliveira/260004/,26,4,2025-09-19,Savinho,Sávio Moreira de Oliveira,"RW, LW, RM",82,87,47000000,110000,21,2004-04-10,176,71,13.0,Premier League,1.0,10.0,Manchester City,SUB,26.0,,2024-07-18,2029.0,54,Brazil,,,,Left,2,4,3,,Lean (170-185),Yes,90500000.0,"#Dribbler, #Acrobat","Whipped Pass, Inventive, Technical, First Touch",87.0,71.0,78.0,86.0,30.0,53.0,83,74,45,81,63,87,80,55,70,85,89,85,90,79,76,70,62,73,45,67,45,25,79,81,62,85,26,30,36,9,12,8,9,12,,73+3,73+3,73+3,82+0,80+0,80+0,80+0,82+0,81+3,81+3,81+3,82+3,74+3,74+3,74+3,82+3,62+3,55+3,55+3,55+3,62+3,57+3,43+3,43+3,43+3,57+3,18+3,Savinho
259377,/player/259377/yeremy-jesus-pino-santos/260004/,26,4,2025-09-19,Yeremy Pino,Yéremy Jesús Pino Santos,"RM, LM, LW, RW",80,88,47500000,77000,22,2002-10-20,172,65,13.0,Premier League,1.0,1799.0,Crystal Palace,SUB,10.0,,2025-08-29,2030.0,45,Spain,,,,Right,4,3,2,,Lean (170-185),Yes,99800000.0,,Rapid,77.0,73.0,78.0,81.0,38.0,53.0,79,76,46,81,67,82,76,60,76,81,78,77,80,78,80,73,58,69,45,69,53,29,81,78,54,68,31,48,41,9,7,14,6,9,,73+2,73+2,73+2,79+0,78+0,78+0,78+0,79+0,79+2,79+2,79+2,79+2,74+2,74+2,74+2,79+2,62+2,59+2,59+2,59+2,62+2,58+2,48+2,48+2,48+2,58+2,16+2,Yeremy Pino
271800,/player/271800/yankuba-minteh/260004/,26,4,2025-09-19,Y. Minteh,Yankuba Minteh,"RM, RW",77,85,23000000,56000,20,2004-07-22,180,65,13.0,Premier League,1.0,1808.0,Brighton & Hove Albion,RM,11.0,,2024-06-30,2029.0,116,Gambia,,,,Left,3,4,1,,Normal (170-185),Yes,48300000.0,"#Speedster, #Acrobat","Quick Step +, Rapid",94.0,67.0,66.0,81.0,55.0,57.0,73,75,40,69,53,81,66,38,57,79,94,94,92,73,80,67,60,70,47,54,63,54,76,69,57,70,58,60,49,9,8,7,11,8,,70+2,70+2,70+2,78+0,75+0,75+0,75+0,78+0,75+2,75+2,75+2,76+2,69+2,69+2,69+2,76+2,68+2,63+2,63+2,63+2,68+2,66+2,57+2,57+2,57+2,66+2,16+2,Yankuba Minteh
234569,/player/234569/florentino-morris-luis/260004/,26,4,2025-09-19,Florentino,Florentino Ibrain Morris Luís,"CDM, CM, CB",80,83,25000000,22000,25,1999-08-19,184,76,13.0,Premier League,1.0,1796.0,Burnley,SUB,16.0,SL Benfica,,2026.0,38,Portugal,,,,Right,2,2,1,,Lean (170-185),Yes,,,"Precision Header, Pinged Pass, Intercept, Anticipate, Slide Tackle, Press Proven, Bruiser",55.0,47.0,65.0,73.0,81.0,80.0,41,35,67,77,36,72,44,44,76,74,55,55,73,76,68,65,73,85,78,58,78,84,67,69,38,75,81,82,81,6,14,14,10,14,,62+2,62+2,62+2,63+0,65+0,65+0,65+0,63+0,68+2,68+2,68+2,66+2,74+2,74+2,74+2,66+2,73+2,79+2,79+2,79+2,73+2,73+2,78+2,78+2,78+2,73+2,18+2,Florentino
251570,/player/251570/rayan-cherki/260004/,26,4,2025-09-19,R. Cherki,Mathis Rayan Cherki,"RW, RM, CAM",81,88,52500000,100000,21,2003-08-17,177,71,13.0,Premier League,1.0,10.0,Manchester City,RES,10.0,,2019-07-07,2030.0,18,France,1335.0,CAM,25.0,Left,5,5,3,,Normal (170-185),Yes,107600000.0,#Dribbler,"Trickster +, Chip Shot, Low Driven Shot, Incisive Pass, Inventive, Technical, First Touch",75.0,75.0,80.0,88.0,21.0,65.0,76,75,28,82,71,91,80,73,76,88,75,75,81,78,86,80,59,68,67,75,59,22,73,86,66,86,19,23,15,7,14,6,8,8,,73+3,73+3,73+3,81+0,80+0,80+0,80+0,81+0,82+3,82+3,82+3,80+3,75+3,75+3,75+3,80+3,56+3,55+3,55+3,55+3,56+3,49+3,39+3,39+3,39+3,49+3,17+3,R. Cherki
231936,/player/231936/benjamin-white/260004/,26,4,2025-09-19,B. White,Benjamin William White,RB,83,83,35000000,150000,27,1997-10-08,185,77,13.0,Premier League,1.0,1.0,Arsenal,SUB,4.0,,2021-07-30,2028.0,14,England,,,,Right,4,2,3,,Lean (185+),Yes,64800000.0,,Block,70.0,35.0,75.0,75.0,83.0,78.0,77,30,78,80,23,74,64,20,79,79,68,71,68,84,61,53,82,78,77,27,81,84,59,76,24,81,83,84,82,8,11,12,5,6,,61+3,61+3,61+3,68+0,66+0,66+0,66+0,68+0,70+3,70+3,70+3,72+3,75+3,75+3,75+3,72+3,80+3,81+2,81+2,81+2,80+3,80+3,81+2,81+2,81+2,80+3,16+3,B. White
203263,/player/203263/harry-maguire/260004/,26,4,2025-09-19,H. Maguire,Jacob Harry Maguire,CB,80,80,13500000,88000,32,1993-03-05,193,100,13.0,Premier League,1.0,11.0,Manchester United,SUB,5.0,,2019-08-05,2026.0,14,England,,,,Right,3,2,3,,Stocky (185+),Yes,25700000.0,#Strength,Aerial Fortress,35.0,57.0,70.0,65.0,80.0,82.0,51,48,84,79,49,68,67,46,82,71,37,34,33,78,33,82,80,66,89,50,84,82,61,69,68,79,80,80,75,14,16,9,14,9,,65+3,65+3,65+3,60+0,64+0,64+0,64+0,60+0,65+3,65+3,65+3,63+3,73+3,73+3,73+3,63+3,69+3,78+2,78+2,78+2,69+3,70+3,80+0,80+0,80+0,70+3,20+3,H. Maguire
239818,/player/239818/ruben-santos-gato-alves-dias/260004/,26,4,2025-09-19,Rúben Dias,Rúben dos Santos Gato Alves Dias,CB,86,87,64500000,190000,28,1997-05-14,187,82,13.0,Premier League,1.0,10.0,Manchester City,RCB,3.0,,2020-09-29,2029.0,38,Portugal,1354.0,RCB,3.0,Right,4,2,4,,Normal (185+),Yes,124200000.0,"#Tackling , #Tactician ","Bruiser +, Long Ball Pass",59.0,39.0,69.0,69.0,86.0,84.0,54,29,85,81,32,64,46,48,79,75,55,62,62,86,56,74,85,71,89,26,88,86,39,64,45,85,87,87,85,7,8,13,7,12,,60+3,60+3,60+3,60+0,61+0,61+0,61+0,60+0,63+3,63+3,63+3,64+3,71+3,71+3,71+3,64+3,76+3,82+3,82+3,82+3,76+3,78+3,85+2,85+2,85+2,78+3,17+3,Rúben Dias
259565,/player/259565/yoan-bonny/260004/,26,4,2025-09-19,Y. Bonny,Ange-Yoan Bonny,"ST, CAM",76,86,17000000,23000,21,2003-10-25,189,86,31.0,Serie A,1.0,44.0,Inter,SUB,14.0,,2021-08-31,2030.0,18,France,,,,Right,3,4,1,,Lean (185+),No,31500000.0,,"Finesse Shot, Gamechanger",87.0,75.0,67.0,76.0,32.0,71.0,64,77,70,72,66,79,73,52,61,76,83,91,80,70,61,75,85,71,78,74,51,23,75,68,67,71,34,27,23,13,14,11,14,9,,76+2,76+2,76+2,76+0,76+0,76+0,76+0,76+0,74+2,74+2,74+2,74+2,67+2,67+2,67+2,74+2,55+2,52+2,52+2,52+2,55+2,52+2,48+2,48+2,48+2,52+2,19+2,Y. Bonny
200724,/player/200724/jose-ignacio-fernandez-iglesias/260004/,26,4,2025-09-19,Nacho Fernández,José Ignacio Fernández Iglesias,"CB, LB, RB, LM",82,82,8000000,38000,35,1990-01-18,180,76,350.0,Pro League,1.0,112391.0,Al Qadsiah FC,RCB,6.0,,2024-07-18,2026.0,45,Spain,,,,Right,4,2,3,,Normal (170-185),Yes,13600000.0,,"Long Ball Pass, Block",73.0,37.0,68.0,71.0,82.0,79.0,70,32,79,82,38,64,55,37,67,79,67,77,65,81,76,54,83,79,79,28,80,82,37,53,45,75,82,83,81,12,7,10,15,7,,59+3,59+3,59+3,63+0,61+0,61+0,61+0,63+0,63+3,63+3,63+3,67+3,69+3,69+3,69+3,67+3,78+3,79+3,79+3,79+3,78+3,79+3,81+1,81+1,81+1,79+3,18+3,Nacho Fernández
230430,/player/230430/marvin-oswaldo-rangel-azevedo/260004/,26,4,2025-09-19,Oswaldinato,Marvin Oswaldo Rangel Azevedo,ST,81,81,25500000,47000,29,1996-02-29,184,79,7.0,Série A,1.0,1043.0,Flamengo,RS,9.0,,2025-06-18,2028.0,54,Brazil,,,,Right,3,2,3,,Normal (170-185),No,53600000.0,,Precision Header,76.0,81.0,67.0,77.0,20.0,79.0,68,85,82,71,72,78,59,49,60,77,77,76,75,82,66,79,93,72,87,76,62,11,85,70,87,78,15,11,18,9,12,7,8,7,,81+0,81+0,81+0,77+0,79+0,79+0,79+0,77+0,76+3,76+3,76+3,75+3,67+3,67+3,67+3,75+3,51+3,48+3,48+3,48+3,51+3,48+3,43+3,43+3,43+3,48+3,17+3,Oswaldinato
232580,/player/232580/gabriel-dos-s-magalhaes/260004/,26,4,2025-09-19,Gabriel,Gabriel dos Santos Magalhães,CB,88,88,84000000,230000,27,1997-12-19,190,87,13.0,Premier League,1.0,1.0,Arsenal,LCB,6.0,,2020-09-01,2029.0,54,Brazil,,,,Left,2,2,4,,Normal (185+),Yes,155400000.0,"#Aerial threat, #Tackling , #Tactician , #Strength, #Complete defender","Bruiser +, Precision Header",64.0,44.0,64.0,65.0,88.0,84.0,42,37,90,79,33,64,57,31,76,71,61,67,51,88,37,62,88,71,89,39,86,87,52,63,51,79,89,88,87,12,8,13,10,7,,63+3,63+3,63+3,61+0,63+0,63+0,63+0,61+0,65+3,65+3,65+3,64+3,71+3,71+3,71+3,64+3,75+3,82+3,82+3,82+3,75+3,78+3,87+1,87+1,87+1,78+3,18+3,Gabriel
199845,/player/199845/francesco-acerbi/260004/,26,4,2025-09-19,F. Acerbi,Francesco Acerbi,CB,84,84,7500000,38000,37,1988-02-10,192,88,31.0,Serie A,1.0,44.0,Inter,CB,15.0,,2023-07-01,2026.0,27,Italy,,,,Left,3,3,3,,Normal (185+),Yes,12400000.0,#Tactician ,"Intercept +, Precision Header, Long Ball Pass, Slide Tackle, Aerial Fortress, Bruiser",57.0,50.0,65.0,65.0,87.0,81.0,34,37,84,79,39,65,58,56,82,72,61,54,39,88,34,75,85,73,84,60,82,88,20,65,61,86,89,87,82,11,9,9,13,11,,60+3,60+3,60+3,57+0,60+0,60+0,60+0,57+0,63+3,63+3,63+3,61+3,72+3,72+3,72+3,61+3,73+3,82+2,82+2,82+2,73+3,75+3,84+0,84+0,84+0,75+3,19+3,Francesco Acerbi
247172,/player/247172/jhon-duran/260004/,26,4,2025-09-19,J. Durán,Jhon Jáder Durán Palacio,ST,79,86,36000000,38000,21,2003-12-13,187,70,68.0,Süper Lig,1.0,326.0,Fenerbahçe SK,SUB,10.0,Al Nassr,,2026.0,56,Colombia,,,,Left,2,3,1,,Normal (185+),Yes,,,Precision Header,81.0,81.0,63.0,75.0,32.0,80.0,53,82,67,73,77,75,52,55,58,79,76,85,68,78,69,86,83,69,83,79,83,28,79,63,68,77,26,33,22,6,6,10,9,5,,79+2,79+2,79+2,75+0,77+0,77+0,77+0,75+0,74+2,74+2,74+2,73+2,67+2,67+2,67+2,73+2,55+2,55+2,55+2,55+2,55+2,52+2,51+2,51+2,51+2,52+2,15+2,J. Durán
232488,/player/232488/cristian-romero/260004/,26,4,2025-09-19,C. Romero,Cristian Gabriel Romero,CB,82,84,32500000,115000,27,1998-04-27,185,79,13.0,Premier League,1.0,18.0,Tottenham Hotspur,RCB,17.0,,2022-08-30,2029.0,52,Argentina,1369.0,RCB,13.0,Right,2,3,3,,Normal (185+),Yes,64200000.0,,"Precision Header, Slide Tackle, Aerial Fortress, Bruiser",66.0,48.0,62.0,65.0,83.0,81.0,42,48,82,76,52,60,54,38,70,67,63,68,65,81,64,64,86,69,83,36,89,84,43,60,40,79,83,83,86,5,7,11,10,14,,62+3,62+3,62+3,59+0,61+0,61+0,61+0,59+0,62+3,62+3,62+3,62+3,67+3,67+3,67+3,62+3,72+3,78+3,78+3,78+3,72+3,75+3,82+2,82+2,82+2,75+3,17+3,C. Romero
188335,/player/188335/ante-budimir/260004/,26,4,2025-09-19,A. Budimir,Ante Budimir,ST,82,82,19500000,53000,33,1991-07-22,190,75,53.0,La Liga,1.0,479.0,CA Osasuna,LS,17.0,,2021-07-01,2027.0,10,Croatia,1328.0,ST,11.0,Left,4,3,3,,Lean (185+),Yes,41000000.0,,"Precision Header, Enforcer",59.0,84.0,63.0,76.0,35.0,80.0,50,86,87,82,82,79,44,62,58,83,54,63,56,82,32,83,85,75,84,78,77,24,85,50,86,75,29,35,27,11,14,8,16,15,,82+0,82+0,82+0,73+0,78+0,78+0,78+0,73+0,74+3,74+3,74+3,72+3,69+3,69+3,69+3,72+3,55+3,57+3,57+3,57+3,55+3,52+3,54+3,54+3,54+3,52+3,21+3,Ante Budimir
269701,/player/269701/nathaniel-brown/260004/,26,4,2025-09-19,N. Brown,Nathaniel Brown,"LB, LM",77,85,22500000,26000,22,2003-06-16,180,64,19.0,Bundesliga,1.0,1824.0,Eintracht Frankfurt,SUB,21.0,,2024-01-03,2030.0,21,Germany,,,,Left,3,4,1,,Lean (170-185),No,42800000.0,,"Inventive, Anticipate, Slide Tackle",83.0,53.0,71.0,77.0,71.0,51.0,74,55,43,77,36,76,70,56,64,77,87,79,85,73,82,61,53,80,35,47,54,69,69,67,33,67,73,76,80,7,6,14,13,10,,63+2,63+2,63+2,73+0,70+0,70+0,70+0,73+0,72+2,72+2,72+2,74+2,71+2,71+2,71+2,74+2,76+2,71+2,71+2,71+2,76+2,75+2,65+2,65+2,65+2,75+2,16+2,Nathaniel Brown
278046,/player/278046/pau-cubarsi-paredes/260004/,26,4,2025-09-19,Pau Cubarsí,Pau Cubarsí Paredes,CB,82,88,40500000,64000,18,2007-01-22,184,69,53.0,La Liga,1.0,241.0,FC Barcelona,LCB,5.0,,2023-07-01,2029.0,45,Spain,1362.0,SUB,4.0,Right,4,2,3,,Lean (170-185),Yes,91100000.0,,Long Ball Pass,70.0,42.0,66.0,77.0,84.0,76.0,31,41,83,85,41,78,22,33,86,82,67,73,65,82,62,51,85,68,77,35,80,84,51,74,41,80,84,84,82,10,6,14,7,14,,64+3,64+3,64+3,66+0,68+0,68+0,68+0,66+0,72+3,72+3,72+3,69+3,77+3,77+3,77+3,69+3,74+3,82+3,82+3,82+3,74+3,76+3,82+3,82+3,82+3,76+3,17+3,Pau Cubarsí
241159,/player/241159/marc-guehi/260004/,26,4,2025-09-19,M. Guéhi,Addji Keaninkin Marc-Israel Guéhi,CB,82,84,35000000,85000,24,2000-07-13,182,82,13.0,Premier League,1.0,1799.0,Crystal Palace,LCB,6.0,,2021-07-18,2026.0,14,England,1318.0,LCB,6.0,Right,5,2,3,,Normal (170-185),Yes,69100000.0,,"Long Ball Pass, Jockey, Block, Anticipate",69.0,39.0,69.0,73.0,83.0,78.0,58,42,79,79,32,72,67,32,78,76,68,69,61,83,65,49,84,73,80,26,77,82,35,66,38,76,84,84,85,8,9,11,12,12,,60+3,60+3,60+3,63+0,62+0,62+0,62+0,63+0,66+3,66+3,66+3,67+3,71+3,71+3,71+3,67+3,76+3,80+3,80+3,80+3,76+3,78+3,82+2,82+2,82+2,78+3,18+3,M. Guéhi
70004,/player/70004/senny-mayulu/260004/,26,4,2025-09-19,S. Mayulu,Senny Mayulu,CM,75,85,12000000,41000,19,2006-05-17,183,69,16.0,Ligue 1,1.0,73.0,Paris Saint-Germain,SUB,24.0,,2024-01-14,2027.0,18,France,,,,Left,5,3,1,,Lean (170-185),Yes,24600000.0,,Press Proven,75.0,68.0,73.0,78.0,57.0,55.0,63,67,44,78,47,78,74,54,74,80,76,74,75,73,70,80,55,69,47,64,58,69,75,76,56,78,47,67,43,5,10,10,6,6,,69+2,69+2,69+2,74+0,75+0,75+0,75+0,74+0,75+2,75+2,75+2,74+2,75+2,75+2,75+2,74+2,67+2,67+2,67+2,67+2,67+2,64+2,58+2,58+2,58+2,64+2,14+2,Senny Mayulu
269728,/player/269728/jean-matteo-bahoya/260004/,26,4,2025-09-19,J. Bahoya,Jean-Mattéo Bahoya Négoce,"LM, CAM, LW",75,86,12500000,21000,20,2005-05-07,180,76,19.0,Bundesliga,1.0,1824.0,Eintracht Frankfurt,LM,19.0,,2024-01-25,2029.0,18,France,,,,Right,3,4,1,,Normal (170-185),No,23800000.0,#Speedster,Technical,94.0,67.0,67.0,76.0,46.0,59.0,72,73,45,65,57,78,65,51,61,75,91,97,83,66,75,64,69,66,60,59,43,36,75,73,62,70,44,52,56,15,11,13,12,5,,70+2,70+2,70+2,75+0,73+0,73+0,73+0,75+0,73+2,73+2,73+2,74+2,66+2,66+2,66+2,74+2,63+2,57+2,57+2,57+2,63+2,61+2,52+2,52+2,52+2,61+2,17+2,J. Bahoya
270050,/player/270050/mika-biereth/260004/,26,4,2025-09-19,M. Biereth,Mika Miles Biereth,ST,78,85,29000000,32000,22,2003-02-08,187,78,16.0,Ligue 1,1.0,69.0,AS Monaco,LS,14.0,,2025-01-11,2030.0,13,Denmark,1331.0,SUB,20.0,Right,3,3,1,,Normal (185+),No,60900000.0,,,75.0,78.0,63.0,72.0,31.0,76.0,57,83,79,69,76,70,62,50,58,75,69,79,64,78,68,78,85,73,79,70,69,24,82,68,72,77,29,23,28,10,10,11,15,6,,78+2,78+2,78+2,73+0,75+0,75+0,75+0,73+0,72+2,72+2,72+2,71+2,66+2,66+2,66+2,71+2,53+2,52+2,52+2,52+2,53+2,51+2,49+2,49+2,49+2,51+2,18+2,M. Biereth
279044,/player/279044/geovany-tcherno-quenda/260004/,26,4,2025-09-19,Geovany Quenda,Geovany Tcherno Quenda,"RM, LM, LW, RW",76,88,17500000,12000,18,2007-04-30,172,71,308.0,Primeira Liga,1.0,237.0,Sporting CP,SUB,7.0,,2024-06-14,2027.0,38,Portugal,,,,Left,4,4,1,,Lean (170-185),Yes,38500000.0,,"Incisive Pass, Whipped Pass, Inventive, Technical",85.0,62.0,71.0,79.0,41.0,67.0,71,63,35,74,66,80,72,55,70,81,87,83,84,64,81,63,66,75,68,59,55,40,72,70,56,70,46,40,36,7,12,11,15,10,,67+2,67+2,67+2,75+0,72+0,72+0,72+0,75+0,74+2,74+2,74+2,75+2,69+2,69+2,69+2,75+2,62+2,59+2,59+2,59+2,62+2,58+2,50+2,50+2,50+2,58+2,17+2,Geovany Quenda
257278,/player/257278/arthur-theate/260004/,26,4,2025-09-19,A. Theate,Arthur Nicolas Theate,"CB, LB, LM",80,84,26500000,36000,25,2000-05-25,185,78,19.0,Bundesliga,1.0,1824.0,Eintracht Frankfurt,LB,3.0,,2025-02-02,2029.0,7,Belgium,,,,Left,3,2,1,,Normal (185+),Yes,47000000.0,,"Precision Header, Aerial Fortress",67.0,40.0,70.0,71.0,80.0,82.0,68,23,75,77,24,70,53,37,76,75,66,68,64,80,56,70,82,82,82,58,82,83,29,70,32,77,81,81,77,7,6,12,11,10,,57+2,57+2,57+2,62+0,61+0,61+0,61+0,62+0,65+2,65+2,65+2,66+2,72+2,72+2,72+2,66+2,77+2,79+2,79+2,79+2,77+2,77+2,80+2,80+2,80+2,77+2,17+2,A. Theate
265450,/player/265450/johan-bakayoko/260004/,26,4,2025-09-19,J. Bakayoko,Saint-Cyr Johan Bakayoko,"RW, RM",78,85,28500000,47000,22,2003-04-20,179,76,19.0,Bundesliga,1.0,112172.0,RB Leipzig,RW,9.0,,2025-07-16,2030.0,7,Belgium,,,,Left,3,4,1,,Normal (170-185),Yes,54200000.0,,"Finesse Shot, Gamechanger, Whipped Pass, Technical, Quick Step",85.0,72.0,70.0,81.0,33.0,63.0,73,74,58,72,64,83,78,57,58,81,87,83,86,73,77,69,70,70,68,74,40,33,74,74,59,71,24,35,27,7,14,7,6,9,,74+2,74+2,74+2,78+0,77+0,77+0,77+0,78+0,76+2,76+2,76+2,76+2,69+2,69+2,69+2,76+2,58+2,53+2,53+2,53+2,58+2,55+2,46+2,46+2,46+2,55+2,16+2,J. Bakayoko
201024,/player/201024/kalidou-koulibaly/260004/,26,4,2025-09-19,K. Koulibaly,Kalidou Koulibaly,CB,82,82,10000000,56000,34,1991-06-20,186,89,350.0,Pro League,1.0,605.0,Al Hilal,RCB,3.0,,2023-07-01,2026.0,136,Senegal,,,,Right,4,3,3,,Unique,Yes,16000000.0,#Strength,"Long Ball Pass, Block, Anticipate, Aerial Fortress, Bruiser",74.0,48.0,62.0,65.0,82.0,84.0,50,43,82,71,48,69,53,39,64,70,61,84,39,81,33,67,87,74,89,38,83,81,50,64,50,75,81,83,81,7,11,7,13,5,,64+3,64+3,64+3,62+0,64+0,64+0,64+0,62+0,64+3,64+3,64+3,65+3,68+3,68+3,68+3,65+3,74+3,76+3,76+3,76+3,74+3,76+3,82+0,82+0,82+0,76+3,17+3,Kalidou Koulibaly
198176,/player/198176/stefan-de-vrij/260004/,26,4,2025-09-19,S. de Vrij,Stefan de Vrij,CB,84,84,20000000,51000,33,1992-02-05,189,78,31.0,Serie A,1.0,44.0,Inter,SUB,6.0,,2018-07-01,2026.0,34,Netherlands,105035.0,SUB,6.0,Right,3,2,3,,Unique,Yes,33000000.0,,Bruiser,62.0,41.0,68.0,69.0,86.0,74.0,49,25,82,83,27,66,45,36,74,74,63,61,60,85,60,65,81,70,74,60,79,85,31,70,41,85,88,87,82,8,10,7,14,13,,58+3,58+3,58+3,61+0,61+0,61+0,61+0,61+0,65+3,65+3,65+3,64+3,72+3,72+3,72+3,64+3,75+3,81+3,81+3,81+3,75+3,77+3,83+1,83+1,83+1,77+3,19+3,Stefan de Vrij
220440,/player/220440/clement-lenglet/260004/,26,4,2025-09-19,C. Lenglet,Clément Nicolas Laurent Lenglet,CB,80,80,17500000,68000,30,1995-06-17,186,81,53.0,La Liga,1.0,240.0,Atlético Madrid,SUB,15.0,,2025-07-01,2028.0,18,France,,,,Left,4,2,3,,Unique,Yes,36800000.0,,,54.0,45.0,69.0,64.0,82.0,76.0,55,39,80,81,37,57,59,31,75,73,52,56,60,82,58,58,79,71,79,46,75,83,54,69,49,77,83,82,80,10,10,9,12,7,,61+3,61+3,61+3,61+0,62+0,62+0,62+0,61+0,65+3,65+3,65+3,64+3,72+3,72+3,72+3,64+3,73+3,79+1,79+1,79+1,73+3,75+3,80+0,80+0,80+0,75+3,18+3,C. Lenglet
212190,/player/212190/niklas-sule/260004/,26,4,2025-09-19,N. Süle,Niklas Süle,"CB, RB, RM",81,81,21500000,55000,29,1995-09-03,195,99,19.0,Bundesliga,1.0,22.0,Borussia Dortmund,RES,25.0,,2022-07-01,2026.0,21,Germany,,,,Right,3,3,3,,Stocky (185+),Yes,36600000.0,"#Aerial threat, #Strength","Pinged Pass, Long Ball Pass, Intercept, Anticipate, Slide Tackle, Bruiser",61.0,51.0,68.0,67.0,81.0,79.0,54,36,75,78,59,69,43,40,82,72,45,74,34,81,44,78,72,52,93,64,79,82,42,66,32,84,81,82,83,15,7,14,7,15,,63+3,63+3,63+3,61+0,63+0,63+0,63+0,61+0,65+3,65+3,65+3,64+3,71+3,71+3,71+3,64+3,72+3,78+3,78+3,78+3,72+3,73+3,81+0,81+0,81+0,73+3,19+3,Niklas Süle
256196,/player/256196/willian-pacho/260004/,26,4,2025-09-19,W. Pacho,Willian Joel Pacho Tenorio,CB,86,89,83000000,110000,23,2001-10-16,188,81,16.0,Ligue 1,1.0,73.0,Paris Saint-Germain,LCB,51.0,,2024-08-09,2029.0,57,Ecuador,,,,Left,3,2,3,,Normal (185+),Yes,159800000.0,,"Bruiser +, Jockey, Block, Anticipate",80.0,34.0,62.0,62.0,86.0,86.0,46,30,82,77,26,52,47,38,69,69,74,84,63,85,60,46,90,78,89,29,86,83,36,58,39,81,88,88,81,9,12,12,13,10,,57+3,57+3,57+3,58+0,58+0,58+0,58+0,58+0,60+3,60+3,60+3,62+3,67+3,67+3,67+3,62+3,75+3,80+3,80+3,80+3,75+3,78+3,85+3,85+3,85+3,78+3,19+3,W. Pacho
216460,/player/216460/jose-maria-gimenez/260004/,26,4,2025-09-19,J. Giménez,José María Giménez de Vargas,CB,83,83,30000000,86000,30,1995-01-20,185,79,53.0,La Liga,1.0,240.0,Atlético Madrid,SUB,2.0,,2013-07-01,2028.0,60,Uruguay,,,,Right,3,2,3,,Normal (185+),Yes,63000000.0,,"Precision Header, Long Ball Pass, Slide Tackle",73.0,46.0,60.0,62.0,85.0,82.0,47,37,82,75,34,55,37,44,72,70,68,77,60,78,57,73,87,71,85,48,87,84,25,46,40,75,87,85,85,9,11,7,10,15,,59+3,59+3,59+3,57+0,57+0,57+0,57+0,57+0,59+3,59+3,59+3,60+3,65+3,65+3,65+3,60+3,74+3,78+3,78+3,78+3,74+3,77+3,83+0,83+0,83+0,77+3,18+3,J. Giménez
232756,/player/232756/fikayo-tomori/260004/,26,4,2025-09-19,F. Tomori,Oluwafikayomi Oluwadamilola Tomori,CB,81,84,29500000,54000,27,1997-12-19,185,79,31.0,Serie A,1.0,47.0,AC Milan,RCB,23.0,,2021-07-01,2027.0,14,England,,,,Right,4,2,3,,Normal (185+),Yes,52400000.0,,Bruiser,81.0,40.0,60.0,67.0,82.0,78.0,53,33,80,75,32,61,38,40,65,70,78,84,74,83,67,56,88,74,76,45,86,81,37,48,27,81,81,86,78,10,13,10,11,7,,59+3,59+3,59+3,61+0,60+0,60+0,60+0,61+0,61+3,61+3,61+3,63+3,66+3,66+3,66+3,63+3,75+3,76+3,76+3,76+3,75+3,77+3,81+3,81+3,81+3,77+3,18+3,F. Tomori
275324,/player/275324/assane-diao/260004/,26,4,2025-09-19,A. Diao,Assane Diao Diaoune,"LM, RM, LW",76,87,16000000,49000,19,2005-09-07,185,72,31.0,Serie A,1.0,1745.0,Como,RES,38.0,,2025-01-07,2029.0,136,Senegal,,,,Right,4,4,1,,Lean (185+),Yes,30400000.0,#Speedster,"Finesse Shot, Rapid, Quick Step",90.0,74.0,67.0,77.0,36.0,60.0,69,79,42,69,65,78,58,54,63,79,90,90,82,69,72,68,62,74,53,75,61,40,75,70,61,66,36,33,34,7,7,12,8,11,,72+2,72+2,72+2,77+0,75+0,75+0,75+0,77+0,75+2,75+2,75+2,75+2,68+2,68+2,68+2,75+2,60+2,56+2,56+2,56+2,60+2,57+2,47+2,47+2,47+2,57+2,15+2,A. Diao
230271,/player/230271/laureano-thomas-santeiro-marre/260004/,26,4,2025-09-19,Laure Santeiro,Laureano Thomas Santeiro Marre,"CAM, LM, LW, CM",80,80,23500000,25000,25,2000-02-29,171,63,7.0,Série A,1.0,567.0,Fluminense,CAM,9.0,,2025-06-18,2028.0,54,Brazil,,,,Left,5,4,1,,Lean (170-185),No,51700000.0,,Technical,80.0,72.0,77.0,82.0,26.0,45.0,73,72,44,79,67,82,56,75,80,82,87,75,85,80,89,67,55,67,35,75,41,31,82,80,74,77,29,13,23,9,7,8,14,10,,72+2,72+2,72+2,79+0,78+0,78+0,78+0,79+0,80+0,80+0,80+0,79+1,73+2,73+2,73+2,79+1,57+2,53+2,53+2,53+2,57+2,52+2,38+2,38+2,38+2,52+2,18+2,Laure Santeiro
277581,/player/277581/samuel-omorodion-aghehowa/260004/,26,4,2025-09-19,Samu,Samuel Omorodion Aghehowa,ST,79,86,36000000,14000,21,2004-05-05,193,90,308.0,Primeira Liga,1.0,236.0,FC Porto,ST,9.0,,2024-08-27,2029.0,45,Spain,,,,Right,3,3,1,,Normal (185+),Yes,79200000.0,#Strength,"Precision Header, Enforcer",79.0,79.0,58.0,68.0,36.0,83.0,48,83,82,67,70,71,56,50,57,69,75,83,57,79,50,81,94,74,90,72,74,33,83,54,60,73,30,32,21,11,12,11,8,8,,79+2,79+2,79+2,71+0,74+0,74+0,74+0,71+0,70+2,70+2,70+2,70+2,64+2,64+2,64+2,70+2,53+2,54+2,54+2,54+2,53+2,52+2,53+2,53+2,53+2,52+2,17+2,Samu
272781,/player/272781/eliesse-ben-seghir/260004/,26,4,2025-09-19,E. Ben Seghir,Eliesse Ben Seghirإلياس بن صغير,"LM, CAM, LW",76,85,16500000,43000,20,2005-02-16,178,72,19.0,Bundesliga,1.0,32.0,Bayer 04 Leverkusen,SUB,17.0,,2025-09-01,2030.0,129,Morocco,,,,Right,3,4,1,,Lean (170-185),Yes,31400000.0,,Technical,77.0,73.0,72.0,79.0,28.0,62.0,68,73,55,75,68,80,70,58,69,79,76,77,81,74,79,74,70,71,61,74,51,23,73,76,70,77,22,28,31,6,10,6,10,7,,72+2,72+2,72+2,76+0,75+0,75+0,75+0,76+0,76+2,76+2,76+2,75+2,70+2,70+2,70+2,75+2,56+2,53+2,53+2,53+2,56+2,52+2,43+2,43+2,43+2,52+2,15+2,E. Ben Seghir
266096,/player/266096/tomas-lemos-araujo/260004/,26,4,2025-09-19,Tomás Araújo,Tomás Lemos Araújo,"CB, RB, RM",78,86,29000000,17000,23,2002-05-16,187,81,308.0,Primeira Liga,1.0,234.0,SL Benfica,SUB,44.0,,2019-07-01,2029.0,38,Portugal,,,,Right,2,3,1,,Normal (185+),Yes,63800000.0,,"Long Ball Pass, Jockey",82.0,30.0,69.0,72.0,77.0,79.0,58,25,74,78,34,72,52,30,79,76,81,83,63,78,58,40,89,75,82,22,73,78,52,71,39,74,75,80,74,12,11,7,9,13,,58+2,58+2,58+2,65+0,63+0,63+0,63+0,65+0,67+2,67+2,67+2,70+2,72+2,72+2,72+2,70+2,75+2,77+2,77+2,77+2,75+2,76+2,78+2,78+2,78+2,76+2,18+2,Tomás Araújo
232363,/player/232363/milan-skriniar/260004/,26,4,2025-09-19,M. Škriniar,Milan Škriniar,CB,81,81,21000000,62000,30,1995-02-11,188,80,68.0,Süper Lig,1.0,326.0,Fenerbahçe SK,LCB,37.0,,2025-07-31,2029.0,43,Slovakia,,,,Right,2,2,3,,Unique,Yes,39900000.0,,"Jockey, Bruiser",57.0,52.0,60.0,65.0,83.0,81.0,43,52,82,73,40,64,47,30,71,70,53,61,47,80,56,68,84,68,88,39,81,82,49,57,56,78,84,84,79,10,13,12,8,12,,64+3,64+3,64+3,59+0,62+0,62+0,62+0,59+0,62+3,62+3,62+3,62+3,68+3,68+3,68+3,62+3,71+3,77+3,77+3,77+3,71+3,73+3,81+0,81+0,81+0,73+3,18+3,Milan Škriniar
244263,/player/244263/amir-rrahmani/260004/,26,4,2025-09-19,A. Rrahmani,Amir Kadri Rrahmani,CB,83,83,25000000,120000,31,1994-02-24,192,75,31.0,Serie A,1.0,48.0,Napoli,RCB,13.0,,2020-01-20,2027.0,219,Kosovo,,,,Right,4,2,3,,Normal (185+),Yes,42500000.0,,"Long Ball Pass, Block, Slide Tackle, Aerial Fortress",69.0,51.0,60.0,63.0,84.0,78.0,49,43,81,74,39,59,49,41,68,71,54,82,48,80,52,60,81,71,80,66,81,85,49,48,34,70,87,82,80,12,8,13,8,7,,63+3,63+3,63+3,60+0,62+0,62+0,62+0,60+0,62+3,62+3,62+3,62+3,67+3,67+3,67+3,62+3,74+3,77+3,77+3,77+3,74+3,76+3,82+1,82+1,82+1,76+3,17+3,A. Rrahmani
237678,/player/237678/ibrahima-konate/260004/,26,4,2025-09-19,I. Konaté,Ibrahima Konaté,CB,86,87,70000000,155000,26,1999-05-25,194,95,13.0,Premier League,1.0,9.0,Liverpool,RCB,5.0,,2021-07-01,2026.0,18,France,1335.0,RCB,15.0,Right,3,3,4,,Normal (185+),Yes,134800000.0,"#Aerial threat, #Tackling , #Strength","Aerial Fortress, Bruiser",77.0,34.0,63.0,69.0,86.0,85.0,38,29,84,79,28,68,50,27,76,76,69,83,55,85,44,45,83,75,91,31,84,83,44,64,41,80,87,87,86,9,7,9,9,15,,60+3,60+3,60+3,61+0,62+0,62+0,62+0,61+0,65+3,65+3,65+3,66+3,71+3,71+3,71+3,66+3,76+3,81+3,81+3,81+3,76+3,78+3,85+2,85+2,85+2,78+3,18+3,Ibrahima Konaté
229582,/player/229582/gianluca-mancini/260004/,26,4,2025-09-19,G. Mancini,Gianluca Mancini,CB,83,83,30500000,75000,29,1996-04-17,190,77,31.0,Serie A,1.0,52.0,Roma,CB,23.0,,2020-07-01,2027.0,27,Italy,1343.0,SUB,23.0,Right,3,2,3,,Normal (185+),Yes,51900000.0,,"Precision Header, Intercept, Anticipate, Bruiser",70.0,50.0,57.0,64.0,85.0,82.0,34,48,84,70,40,59,38,34,72,76,65,74,35,85,58,51,85,84,79,58,87,85,36,56,47,83,87,84,78,13,12,8,6,8,,62+3,62+3,62+3,59+0,62+0,62+0,62+0,59+0,62+3,62+3,62+3,62+3,69+3,69+3,69+3,62+3,73+3,79+3,79+3,79+3,73+3,76+3,83+0,83+0,83+0,76+3,18+3,Gianluca Mancini
277797,/player/277797/marcos-leonardo-santos-almeida/260004/,26,4,2025-09-19,Marcos Leonardo,Marcos Leonardo Santos Almeida,"ST, CAM, CM",79,85,28500000,44000,22,2003-05-02,175,72,350.0,Pro League,1.0,605.0,Al Hilal,SUB,9.0,,2024-09-02,2029.0,54,Brazil,,,,Right,4,4,1,,Stocky (170-185),No,51300000.0,,"Chip Shot, Gamechanger",78.0,78.0,63.0,75.0,27.0,67.0,56,83,79,69,73,75,65,49,57,76,76,79,77,80,72,78,87,75,75,69,34,26,84,65,75,70,22,17,20,6,9,8,13,6,,79+2,79+2,79+2,74+0,77+0,77+0,77+0,74+0,74+2,74+2,74+2,73+2,66+2,66+2,66+2,73+2,53+2,49+2,49+2,49+2,53+2,50+2,44+2,44+2,44+2,50+2,16+2,Marcos Leonardo
256420,/player/256420/malick-fofana/260004/,26,4,2025-09-19,M. Fofana,Malick Martin Fofana,"LM, LW",78,86,31000000,17000,20,2005-03-31,170,60,16.0,Ligue 1,1.0,66.0,Olympique Lyonnais,LM,11.0,,2024-01-10,2028.0,7,Belgium,,,,Right,5,4,1,,Lean (170-),No,65099999.0,,"Gamechanger, Technical",86.0,69.0,70.0,82.0,40.0,48.0,71,74,32,74,62,84,64,52,64,79,87,86,89,75,89,64,51,69,36,66,51,35,74,71,58,77,41,43,41,11,6,13,11,9,,69+2,69+2,69+2,78+0,76+0,76+0,76+0,78+0,76+2,76+2,76+2,77+2,70+2,70+2,70+2,77+2,62+2,57+2,57+2,57+2,62+2,58+2,46+2,46+2,46+2,58+2,17+2,M. Fofana
274288,/player/274288/oscar-gloukh/260004/,26,4,2025-09-19,O. Gloukh,Oscar Gloukh,"CAM, LW, CM",76,85,17000000,14000,21,2004-04-01,171,68,10.0,Eredivisie,1.0,245.0,Ajax,SUB,10.0,,2025-08-01,2030.0,26,Israel,,,,Right,4,4,1,,Normal (170-185),No,27200000.0,,"Low Driven Shot, Gamechanger, Incisive Pass, Inventive, Technical, First Touch",82.0,70.0,71.0,82.0,36.0,48.0,67,72,52,75,55,84,73,67,64,82,87,78,87,61,85,71,59,74,36,71,45,28,67,76,68,78,42,32,28,6,8,13,13,5,,69+2,69+2,69+2,76+0,75+0,75+0,75+0,76+0,76+2,76+2,76+2,75+2,69+2,69+2,69+2,75+2,58+2,53+2,53+2,53+2,58+2,54+2,43+2,43+2,43+2,54+2,14+2,Oscar Gloukh
276295,/player/276295/thierno-barry/260004/,26,4,2025-09-19,T. Barry,Thierno Barry,ST,77,85,24000000,38000,22,2002-10-21,195,82,13.0,Premier League,1.0,7.0,Everton,SUB,11.0,,2025-07-09,2029.0,18,France,,,,Right,4,3,1,,Lean (185+),Yes,50400000.0,,Enforcer,80.0,75.0,65.0,75.0,25.0,73.0,55,78,74,76,72,75,68,46,51,76,77,82,78,75,61,78,86,66,79,68,61,14,77,69,70,74,25,18,19,10,12,6,14,11,,77+2,77+2,77+2,74+0,76+0,76+0,76+0,74+0,74+2,74+2,74+2,72+2,65+2,65+2,65+2,72+2,51+2,49+2,49+2,49+2,51+2,48+2,45+2,45+2,45+2,48+2,18+2,Thierno Barry
202695,/player/202695/james-tarkowski/260004/,26,4,2025-09-19,J. Tarkowski,James Alan Tarkowski,CB,80,80,13500000,50000,32,1992-11-19,188,81,13.0,Premier League,1.0,7.0,Everton,RCB,6.0,,2022-07-02,2026.0,14,England,,,,Right,4,2,1,,Stocky (185+),Yes,25700000.0,,"Long Ball Pass, Block, Intercept, Aerial Fortress",45.0,47.0,64.0,59.0,81.0,82.0,59,40,82,66,50,55,54,53,73,64,41,49,52,79,47,69,80,68,86,38,89,78,43,62,52,75,81,83,84,14,8,12,9,7,,58+2,58+2,58+2,55+0,56+0,56+0,56+0,55+0,58+2,58+2,58+2,58+2,65+2,65+2,65+2,58+2,70+2,75+2,75+2,75+2,70+2,72+2,80+0,80+0,80+0,72+2,17+2,James Tarkowski
266032,/player/266032/jamie-gittens/260004/,26,4,2025-09-19,J. Gittens,Jamie Jermaine Bynoe-Gittens,"LM, LW",78,85,28000000,73000,20,2004-08-08,179,77,13.0,Premier League,1.0,5.0,Chelsea,LM,11.0,,2022-04-08,2032.0,14,England,,,,Right,4,4,1,,Lean (170-185),Yes,58800000.0,"#Speedster, #Dribbler, #Acrobat","Rapid, Quick Step",92.0,73.0,66.0,84.0,27.0,59.0,69,75,42,71,65,87,72,44,57,80,94,90,90,77,87,79,64,79,54,68,43,29,77,64,53,73,26,22,30,6,5,12,7,8,,74+2,74+2,74+2,79+0,78+0,78+0,78+0,79+0,76+2,76+2,76+2,77+2,67+2,67+2,67+2,77+2,59+2,51+2,51+2,51+2,59+2,54+2,41+2,41+2,41+2,54+2,15+2,J. Gittens
238095,/player/238095/nikola-milenkovic/260004/,26,4,2025-09-19,N. Milenković,Nikola Milenković,CB,83,84,36500000,115000,27,1997-10-12,195,90,13.0,Premier League,1.0,14.0,Nottingham Forest,RCB,31.0,,2024-07-18,2029.0,51,Serbia,,,,Right,3,2,3,,Normal (185+),Yes,72100000.0,"#Aerial threat, #Strength","Long Ball Pass, Anticipate, Aerial Fortress",57.0,46.0,63.0,62.0,84.0,86.0,66,38,85,73,62,60,43,29,67,70,62,53,40,83,33,60,88,77,90,54,86,82,33,55,34,78,85,86,81,8,7,13,7,14,,60+3,60+3,60+3,59+0,58+0,58+0,58+0,59+0,60+3,60+3,60+3,62+3,67+3,67+3,67+3,62+3,75+3,78+3,78+3,78+3,75+3,76+3,83+1,83+1,83+1,76+3,17+3,Nikola Milenković
212602,/player/212602/diego-javier-llorente-rios/260004/,26,4,2025-09-19,Diego Llorente,Diego Javier Llorente Ríos,CB,80,80,14500000,35000,31,1993-08-16,186,75,53.0,La Liga,1.0,449.0,Real Betis Balompié,SUB,3.0,,2024-07-08,2028.0,45,Spain,,,,Right,3,2,2,,Lean (185+),Yes,30500000.0,,,64.0,41.0,63.0,69.0,81.0,76.0,55,39,77,75,47,65,30,35,72,76,65,64,60,80,62,45,82,65,78,37,84,82,43,60,53,70,81,83,78,8,12,11,9,7,,59+2,59+2,59+2,61+0,61+0,61+0,61+0,61+0,64+2,64+2,64+2,64+2,68+2,68+2,68+2,64+2,73+2,77+2,77+2,77+2,73+2,74+2,80+0,80+0,80+0,74+2,17+2,Diego Llorente
236532,/player/236532/robin-koch/260004/,26,4,2025-09-19,R. Koch,Robin Leon Koch,CB,82,82,26500000,45000,28,1996-07-17,192,85,19.0,Bundesliga,1.0,1824.0,Eintracht Frankfurt,LCB,4.0,,2024-07-01,2030.0,21,Germany,1337.0,LCB,3.0,Right,4,2,3,,Lean (185+),Yes,45100000.0,,"Precision Header, Aerial Fortress",66.0,44.0,63.0,66.0,83.0,81.0,41,40,86,81,29,60,31,28,73,75,59,72,61,82,53,58,85,77,82,42,82,78,52,64,38,82,84,86,75,9,6,15,8,6,,63+3,63+3,63+3,61+0,63+0,63+0,63+0,61+0,66+3,66+3,66+3,64+3,71+3,71+3,71+3,64+3,73+3,79+3,79+3,79+3,73+3,75+3,82+0,82+0,82+0,75+3,16+3,R. Koch
266872,/player/266872/federico-gatti/260004/,26,4,2025-09-19,F. Gatti,Federico Gatti,CB,80,83,24000000,105000,27,1998-06-24,190,80,31.0,Serie A,1.0,45.0,Juventus,RCB,4.0,,2022-01-31,2030.0,27,Italy,1343.0,SUB,4.0,Right,3,2,3,,Normal (185+),Yes,42600000.0,,"Slide Tackle, Bruiser",76.0,42.0,53.0,65.0,81.0,80.0,38,30,80,68,42,62,38,46,61,68,73,78,56,79,59,68,88,74,81,39,84,80,45,40,49,78,82,83,78,6,11,11,11,6,,60+3,60+3,60+3,57+0,59+0,59+0,59+0,57+0,58+3,58+3,58+3,60+3,62+3,62+3,62+3,60+3,71+3,74+3,74+3,74+3,71+3,74+3,80+3,80+3,80+3,74+3,16+3,Federico Gatti
72997,/player/72997/rodrigo-mora-de-carvalho/260004/,26,4,2025-09-19,Rodrigo Mora,Rodrigo Mora de Carvalho,"CAM, LW, CM, ST",76,89,17500000,9000,18,2007-05-05,168,56,308.0,Primeira Liga,1.0,236.0,FC Porto,SUB,86.0,,2023-07-01,2030.0,38,Portugal,,,,Right,4,4,1,,Lean (170-),Yes,45900000.0,,"Finesse Shot, Gamechanger, Inventive, Technical, Trickster",77.0,66.0,74.0,79.0,40.0,41.0,72,70,40,78,66,78,78,54,70,79,80,74,83,78,92,59,48,59,32,65,41,33,75,78,61,73,42,44,36,8,14,11,6,8,,68+2,68+2,68+2,76+0,75+0,75+0,75+0,76+0,76+2,76+2,76+2,75+2,71+2,71+2,71+2,75+2,60+2,57+2,57+2,57+2,60+2,56+2,45+2,45+2,45+2,56+2,17+2,Rodrigo Mora
270086,/player/270086/antonio-joao-tavares-silva/260004/,26,4,2025-09-19,António Silva,António João Pereira de Albuquerque Tavares da Silva,CB,78,86,29500000,15000,21,2003-10-30,187,82,308.0,Primeira Liga,1.0,234.0,SL Benfica,RCB,4.0,,2022-04-02,2027.0,38,Portugal,1354.0,SUB,4.0,Right,2,2,2,,Normal (185+),Yes,64900000.0,,"Long Ball Pass, Block",80.0,37.0,64.0,69.0,78.0,80.0,45,31,76,77,51,69,36,26,76,73,78,81,57,75,58,60,83,83,83,22,70,74,34,68,40,77,80,81,77,12,10,8,6,8,,59+2,59+2,59+2,61+0,61+0,61+0,61+0,61+0,64+2,64+2,64+2,66+2,69+2,69+2,69+2,66+2,73+2,77+2,77+2,77+2,73+2,75+2,78+2,78+2,78+2,75+2,16+2,António Silva
270077,/player/270077/konstantinos-koulierakis/260004/,26,4,2025-09-19,K. Koulierakis,Konstantinos KoulierakisΚωνσταντίνος Κουλιεράκης,CB,77,86,22000000,30000,21,2003-11-28,185,78,19.0,Bundesliga,1.0,175.0,VfL Wolfsburg,LCB,4.0,,2024-08-30,2029.0,22,Greece,,,,Left,2,2,1,,Normal (185+),No,41800000.0,,Jockey,69.0,44.0,56.0,64.0,77.0,79.0,42,24,75,70,34,62,52,38,70,70,71,68,52,73,62,75,84,76,78,60,82,78,45,41,44,66,77,77,77,8,8,13,10,11,,58+2,58+2,58+2,57+0,58+0,58+0,58+0,57+0,59+2,59+2,59+2,60+2,64+2,64+2,64+2,60+2,70+2,73+2,73+2,73+2,70+2,72+2,77+2,77+2,77+2,72+2,16+2,K. Koulierakis
213331,/player/213331/jonathan-tah/260004/,26,4,2025-09-19,J. Tah,Jonathan Glao Tah,CB,87,87,66500000,115000,29,1996-02-11,195,94,19.0,Bundesliga,1.0,21.0,FC Bayern München,LCB,4.0,,2025-06-09,2029.0,21,Germany,1337.0,SUB,4.0,Right,3,2,4,,Stocky (185+),Yes,109700000.0,"#Aerial threat, #Strength","Anticipate +, Precision Header, Aerial Fortress",63.0,38.0,60.0,63.0,87.0,86.0,39,32,87,78,53,60,37,27,68,70,53,71,49,85,40,60,85,76,91,26,86,84,36,57,38,79,88,89,84,11,8,7,9,14,,59+3,59+3,59+3,56+0,58+0,58+0,58+0,56+0,60+3,60+3,60+3,60+3,67+3,67+3,67+3,60+3,74+3,80+3,80+3,80+3,74+3,77+3,86+1,86+1,86+1,77+3,19+3,J. Tah
230313,/player/230313/tony-josimar-abranjes-meneses/260004/,26,4,2025-09-19,Tony Abranjes,Tony Josimar Abranjes Meneses,CB,80,80,10000000,33000,33,1992-02-29,179,80,7.0,Série A,1.0,1048.0,Internacional,RCB,3.0,,2025-06-18,2028.0,54,Brazil,,,,Right,3,2,1,,Stocky (170-185),No,22000000.0,#Strength,,67.0,39.0,55.0,58.0,81.0,85.0,39,31,82,66,34,47,33,72,66,68,65,69,55,74,67,61,90,81,91,40,76,81,28,43,43,72,80,81,78,7,14,6,7,13,,55+2,55+2,55+2,52+0,53+0,53+0,53+0,52+0,54+2,54+2,54+2,55+2,61+2,61+2,61+2,55+2,70+2,74+2,74+2,74+2,70+2,73+2,80+0,80+0,80+0,73+2,17+2,Tony Abranjes
237086,/player/237086/min-jae-kim/260004/,26,4,2025-09-19,Kim Min Jae,Min-jae Kim김민재 金敏在,CB,82,83,29000000,75000,28,1996-11-15,190,81,19.0,Bundesliga,1.0,21.0,FC Bayern München,SUB,3.0,,2023-07-18,2028.0,167,Korea Republic,,,,Right,3,2,3,,Normal (185+),Yes,50000000.0,#Tactician ,"Long Ball Pass, Block, Intercept, Slide Tackle, Aerial Fortress",73.0,33.0,58.0,63.0,83.0,84.0,35,23,80,76,24,57,36,23,64,67,73,73,65,81,65,51,82,79,85,37,86,88,48,57,30,66,80,84,81,13,7,11,14,11,,57+3,57+3,57+3,57+0,58+0,58+0,58+0,57+0,61+3,61+3,61+3,61+3,67+3,67+3,67+3,61+3,73+3,78+3,78+3,78+3,73+3,75+3,82+1,82+1,82+1,75+3,19+3,Kim Min Jae
277031,/player/277031/abdukodir-khusanov/260004/,26,4,2025-09-19,A. Khusanov,Abdukodir Khusanov,CB,77,85,22000000,65000,21,2004-02-29,186,84,13.0,Premier League,1.0,10.0,Manchester City,SUB,45.0,,2025-01-20,2029.0,191,Uzbekistan,,,,Right,3,2,1,,Normal (185+),Yes,45100000.0,,"Jockey, Bruiser",85.0,39.0,59.0,64.0,77.0,76.0,47,34,73,69,37,61,48,40,64,69,78,90,59,75,51,49,86,64,79,36,79,77,44,58,46,69,76,78,76,12,7,9,8,5,,58+2,58+2,58+2,60+0,60+0,60+0,60+0,60+0,61+2,61+2,61+2,63+2,64+2,64+2,64+2,63+2,71+2,72+2,72+2,72+2,71+2,73+2,77+2,77+2,77+2,73+2,15+2,Abdukodir Khusanov
271032,/player/271032/matte-smets/260004/,26,4,2025-09-19,M. Smets,Matte Smets,CB,76,86,15500000,17000,21,2004-01-04,184,76,4.0,Pro League,1.0,673.0,KRC Genk,LCB,6.0,,2024-07-01,2028.0,7,Belgium,,,,Right,3,2,1,,Normal (170-185),No,26400000.0,,"Long Ball Pass, Intercept, Anticipate, Slide Tackle, Press Proven, Bruiser",65.0,33.0,69.0,67.0,77.0,74.0,54,25,70,84,30,59,41,35,76,76,64,65,69,75,71,52,75,80,73,30,71,74,36,66,45,70,78,80,77,7,6,10,14,8,,54+2,54+2,54+2,59+0,58+0,58+0,58+0,59+0,63+2,63+2,63+2,64+2,70+2,70+2,70+2,64+2,73+2,77+2,77+2,77+2,73+2,74+2,76+2,76+2,76+2,74+2,16+2,Matte Smets
258911,/player/258911/toluwalase-arokodare/260004/,26,4,2025-09-19,T. Arokodare,Toluwalase Emmanuel Arokodare,ST,79,85,28000000,68000,24,2000-11-23,197,97,13.0,Premier League,1.0,110.0,Wolverhampton Wanderers,SUB,14.0,,2025-09-01,2029.0,133,Nigeria,,,,Right,3,2,1,,Normal (185+),No,58800000.0,"#Aerial threat, #Strength","Power Shot, Precision Header, Low Driven Shot, Enforcer",75.0,80.0,57.0,70.0,31.0,81.0,35,85,78,75,72,75,57,55,52,79,71,79,41,72,36,79,91,71,91,75,64,18,76,52,66,65,22,35,21,9,8,12,14,9,,79+2,79+2,79+2,70+0,75+0,75+0,75+0,70+0,71+2,71+2,71+2,69+2,65+2,65+2,65+2,69+2,50+2,52+2,52+2,52+2,50+2,48+2,50+2,50+2,50+2,48+2,17+2,T. Arokodare
264846,/player/264846/cristhian-mosquera-ibarguen/260004/,26,4,2025-09-19,Mosquera,Cristhian Andrey Mosquera Ibarguen,CB,77,85,22000000,69000,21,2004-06-27,188,79,13.0,Premier League,1.0,1.0,Arsenal,SUB,3.0,,2025-07-24,2030.0,45,Spain,,,,Right,3,2,1,,Normal (185+),Yes,45100000.0,,Intercept,74.0,46.0,60.0,56.0,78.0,76.0,44,39,77,73,29,40,33,28,70,67,73,74,68,75,69,65,85,79,74,49,77,77,28,58,49,69,77,80,76,8,6,13,8,7,,56+2,56+2,56+2,55+0,56+0,56+0,56+0,55+0,58+2,58+2,58+2,58+2,64+2,64+2,64+2,58+2,70+2,74+2,74+2,74+2,70+2,73+2,77+2,77+2,77+2,73+2,15+2,Mosquera
210413,/player/210413/alessio-romagnoli/260004/,26,4,2025-09-19,A. Romagnoli,Alessio Romagnoli,CB,82,82,25000000,46000,30,1995-01-12,185,75,31.0,Serie A,1.0,46.0,Lazio,LCB,13.0,,2022-07-13,2027.0,27,Italy,,,,Left,3,2,3,,Unique,Yes,42500000.0,,"Anticipate, Aerial Fortress, Bruiser",64.0,40.0,55.0,69.0,84.0,80.0,36,30,81,73,28,68,35,24,70,73,65,64,52,82,59,63,84,77,80,46,82,84,31,45,34,77,84,85,83,9,14,12,8,9,,58+3,58+3,58+3,57+0,58+0,58+0,58+0,57+0,60+3,60+3,60+3,60+3,66+3,66+3,66+3,60+3,73+3,78+3,78+3,78+3,73+3,75+3,82+0,82+0,82+0,75+3,18+3,Alessio Romagnoli
246875,/player/246875/odilon-kossounou/260004/,26,4,2025-09-19,O. Kossounou,Odilon Kossounou Kouakou,CB,80,85,29000000,57000,24,2001-01-04,191,82,31.0,Serie A,1.0,39.0,Atalanta,SUB,3.0,,2025-07-01,2029.0,108,Côte d'Ivoire,,,,Right,3,2,3,,Lean (185+),Yes,51500000.0,,,80.0,32.0,64.0,67.0,81.0,78.0,58,26,79,76,28,66,33,23,74,69,74,84,62,76,56,52,80,76,79,24,78,81,44,57,32,73,80,83,80,5,8,6,10,6,,57+3,57+3,57+3,61+0,59+0,59+0,59+0,61+0,62+3,62+3,62+3,65+3,67+3,67+3,67+3,65+3,75+3,77+3,77+3,77+3,75+3,77+3,80+3,80+3,80+3,77+3,15+3,O. Kossounou
247257,/player/247257/roger-ibanez-da-silva/260004/,26,4,2025-09-19,Ibañez,Roger Ibañez da Silva,CB,82,84,33500000,54000,26,1998-11-23,185,73,350.0,Pro League,1.0,112387.0,Al Ahli SFC,LCB,3.0,,2023-08-10,2027.0,54,Brazil,,,,Right,2,3,3,,Normal (185+),No,59500000.0,,"Precision Header, Long Ball Pass, Jockey, Block, Intercept, Slide Tackle, Aerial Fortress",87.0,32.0,47.0,61.0,83.0,85.0,34,27,81,66,29,45,32,35,45,76,87,87,69,79,62,45,95,85,84,25,84,85,32,34,46,74,80,83,86,12,7,10,6,12,,55+3,55+3,55+3,54+0,54+0,54+0,54+0,54+0,54+3,54+3,54+3,57+3,59+3,59+3,59+3,57+3,74+3,74+3,74+3,74+3,74+3,78+3,82+2,82+2,82+2,78+3,17+3,Ibañez
75605,/player/75605/raul-asencio-del-rosario/260004/,26,4,2025-09-19,Asencio,Raúl Asencio del Rosario,"CB, RB, RM",77,86,22000000,105000,22,2003-02-13,184,79,53.0,La Liga,1.0,243.0,Real Madrid,RES,17.0,,2024-11-08,2029.0,45,Spain,,,,Right,3,2,1,,Normal (170-185),Yes,49500000.0,,,74.0,37.0,55.0,71.0,78.0,76.0,28,35,78,79,45,71,33,25,79,74,73,74,60,75,74,54,85,71,74,24,83,76,23,33,51,60,78,78,77,7,15,8,6,13,,57+2,57+2,57+2,56+0,57+0,57+0,57+0,56+0,59+2,59+2,59+2,60+2,64+2,64+2,64+2,60+2,70+2,75+2,75+2,75+2,70+2,72+2,77+2,77+2,77+2,72+2,17+2,Asencio
269087,/player/269087/leny-yoro/260004/,26,4,2025-09-19,L. Yoro,Leny Yoro,CB,78,86,28500000,49000,19,2005-11-13,190,75,13.0,Premier League,1.0,11.0,Manchester United,RCB,15.0,,2024-07-18,2029.0,18,France,,,,Right,3,2,1,,Lean (185+),Yes,59900000.0,,,69.0,41.0,60.0,64.0,79.0,73.0,47,38,76,75,35,60,37,32,58,69,65,72,55,79,61,51,81,69,75,37,73,79,41,60,40,72,77,82,80,13,7,5,14,14,,58+2,58+2,58+2,59+0,59+0,59+0,59+0,59+0,61+2,61+2,61+2,61+2,65+2,65+2,65+2,61+2,71+2,74+2,74+2,74+2,71+2,73+2,78+2,78+2,78+2,73+2,19+2,Leny Yoro
251809,/player/251809/sven-botman/260004/,26,4,2025-09-19,S. Botman,Sven Adriaan Botman,CB,82,85,36000000,120000,25,2000-01-12,193,81,13.0,Premier League,1.0,13.0,Newcastle United,SUB,4.0,,2022-07-01,2027.0,34,Netherlands,,,,Left,3,2,3,,Normal (185+),Yes,71100000.0,,"Long Ball Pass, Jockey, Bruiser",56.0,37.0,62.0,65.0,83.0,82.0,43,24,81,77,27,63,46,28,75,74,48,63,50,80,34,65,82,66,89,37,84,82,45,59,37,76,84,83,82,12,9,8,6,14,,58+3,58+3,58+3,57+0,59+0,59+0,59+0,57+0,61+3,61+3,61+3,61+3,69+3,69+3,69+3,61+3,71+3,78+3,78+3,78+3,71+3,73+3,82+3,82+3,82+3,73+3,18+3,S. Botman
213661,/player/213661/andreas-christensen/260004/,26,4,2025-09-19,A. Christensen,Andreas Bødtker Christensen,"CB, CM",80,81,19500000,90000,29,1996-04-10,187,82,53.0,La Liga,1.0,241.0,FC Barcelona,SUB,15.0,,2022-07-04,2026.0,13,Denmark,1331.0,SUB,6.0,Right,3,2,3,,Lean (185+),Yes,41400000.0,,,64.0,32.0,67.0,70.0,81.0,74.0,51,36,78,81,25,67,41,39,79,77,52,73,60,80,61,37,78,67,78,20,73,82,32,62,36,79,82,82,80,10,12,8,6,8,,56+3,56+3,56+3,60+0,59+0,59+0,59+0,60+0,63+3,63+3,63+3,64+3,70+3,70+3,70+3,64+3,74+3,79+2,79+2,79+2,74+3,75+3,80+1,80+1,80+1,75+3,17+3,A. Christensen
228805,/player/228805/antonio-jose-raillo-arenas/260004/,26,4,2025-09-19,Raíllo,Antonio José Raíllo Arenas,CB,81,81,12500000,42000,33,1991-10-08,187,80,53.0,La Liga,1.0,453.0,RCD Mallorca,CB,21.0,,2016-07-01,2026.0,45,Spain,,,,Right,3,2,1,,Lean (185+),Yes,26300000.0,,"Precision Header, Intercept, Aerial Fortress",41.0,36.0,59.0,62.0,83.0,84.0,29,25,85,79,37,63,42,36,69,70,41,41,32,80,49,54,79,89,81,39,85,81,51,56,43,66,84,82,81,10,15,15,15,14,,56+2,56+2,56+2,54+0,58+0,58+0,58+0,54+0,60+2,60+2,60+2,58+2,69+2,69+2,69+2,58+2,70+2,78+2,78+2,78+2,70+2,72+2,81+0,81+0,81+0,72+2,21+2,Raíllo
269493,/player/269493/alexsandro-de-souza-ribeiro/260004/,26,4,2025-09-19,Alexsandro,Alexsandro Victor de Souza Ribeiro,CB,80,84,26500000,33000,25,1999-08-09,191,92,16.0,Ligue 1,1.0,65.0,Lille OSC,LCB,4.0,,2022-07-01,2028.0,54,Brazil,,,,Left,5,2,1,,Normal (185+),Yes,52300000.0,,"Block, Intercept, Anticipate, Aerial Fortress",66.0,40.0,63.0,59.0,80.0,81.0,44,34,80,75,32,56,51,34,72,68,56,74,38,79,35,62,83,72,84,37,82,80,15,64,48,77,79,82,76,14,15,9,11,7,,55+2,55+2,55+2,54+0,55+0,55+0,55+0,54+0,58+2,58+2,58+2,59+2,66+2,66+2,66+2,59+2,71+2,76+2,76+2,76+2,71+2,73+2,80+2,80+2,80+2,73+2,19+2,Alexsandro
204638,/player/204638/willi-orban/260004/,26,4,2025-09-19,W. Orban,Vilmos Tamás Orbán,CB,84,84,27500000,81000,32,1992-11-03,186,89,19.0,Bundesliga,1.0,112172.0,RB Leipzig,RCB,4.0,,2015-07-01,2027.0,23,Hungary,1886.0,CB,6.0,Right,3,2,3,,Normal (185+),Yes,46800000.0,,"Block +, Aerial Fortress, Bruiser",57.0,40.0,56.0,56.0,86.0,83.0,39,44,86,74,31,52,28,32,68,59,48,65,48,84,52,45,89,74,85,29,86,83,43,44,41,73,88,88,81,15,12,15,10,6,,57+3,57+3,57+3,53+0,55+0,55+0,55+0,53+0,56+3,56+3,56+3,57+3,63+3,63+3,63+3,57+3,71+3,77+3,77+3,77+3,71+3,74+3,84+0,84+0,84+0,74+3,19+3,W. Orban
189881,/player/189881/chris-smalling/260004/,26,4,2025-09-19,C. Smalling,Christopher Lloyd Smalling,CB,80,80,5500000,25000,35,1989-11-22,194,81,350.0,Pro League,1.0,113057.0,Al Fayha,CB,5.0,,2024-09-02,2026.0,14,England,,,,Right,3,2,3,,Lean (185+),Yes,9100000.0,#Aerial threat,Jockey,45.0,47.0,57.0,59.0,83.0,77.0,52,54,85,63,49,58,49,22,62,64,34,54,37,78,36,42,78,64,83,35,77,82,51,58,52,79,83,82,81,10,15,16,15,15,,59+3,59+3,59+3,56+0,57+0,57+0,57+0,56+0,57+3,57+3,57+3,58+3,63+3,63+3,63+3,58+3,68+3,73+3,73+3,73+3,68+3,71+3,80+0,80+0,80+0,71+3,21+3,C. Smalling
233486,/player/233486/robin-le-normand/260004/,26,4,2025-09-19,R. Le Normand,Robin Le Normand,CB,83,85,36500000,86000,28,1996-11-11,187,80,53.0,La Liga,1.0,240.0,Atlético Madrid,RCB,24.0,,2024-07-27,2029.0,45,Spain,1362.0,RCB,3.0,Right,3,2,3,,Normal (185+),Yes,79400000.0,,"Slide Tackle, Aerial Fortress",65.0,28.0,59.0,63.0,84.0,80.0,35,22,85,81,38,55,34,25,74,74,60,69,54,83,62,45,86,70,86,22,76,83,21,48,34,73,84,86,82,9,13,14,15,10,,53+3,53+3,53+3,53+0,54+0,54+0,54+0,53+0,57+3,57+3,57+3,58+3,66+3,66+3,66+3,58+3,72+3,79+3,79+3,79+3,72+3,75+3,83+2,83+2,83+2,75+3,20+3,Robin Le Normand
273752,/player/273752/wouter-goes/260004/,26,4,2025-09-19,W. Goes,Wouter Goes,CB,77,85,22000000,15000,21,2004-06-10,188,73,10.0,Eredivisie,1.0,1906.0,AZ Alkmaar,RCB,3.0,,2020-11-27,2028.0,34,Netherlands,,,,Right,3,2,1,,Normal (185+),No,37400000.0,,"Jockey, Anticipate",63.0,32.0,57.0,66.0,77.0,80.0,44,30,75,72,35,63,42,33,72,66,65,61,71,78,71,44,83,70,82,25,86,76,30,44,35,73,79,78,76,6,9,9,13,7,,53+2,53+2,53+2,55+0,54+0,54+0,54+0,55+0,57+2,57+2,57+2,58+2,63+2,63+2,63+2,58+2,69+2,74+2,74+2,74+2,69+2,71+2,77+2,77+2,77+2,71+2,16+2,Wouter Goes
270531,/player/270531/ousmane-diomande/260004/,26,4,2025-09-19,O. Diomande,Ousmane Diomande,CB,80,87,40000000,17000,21,2003-12-04,190,93,308.0,Primeira Liga,1.0,237.0,Sporting CP,SUB,26.0,,2023-01-31,2027.0,108,Côte d'Ivoire,,,,Right,3,2,3,,Normal (185+),Yes,88000000.0,#Strength,"Precision Header, Long Ball Pass, Jockey, Block, Aerial Fortress, Bruiser",80.0,26.0,51.0,70.0,79.0,86.0,28,20,79,71,24,71,25,24,73,69,78,82,63,73,66,40,93,80,90,22,83,76,24,38,39,74,79,82,76,8,6,15,6,6,,53+3,53+3,53+3,55+0,54+0,54+0,54+0,55+0,56+3,56+3,56+3,59+3,62+3,62+3,62+3,59+3,70+3,75+3,75+3,75+3,70+3,72+3,80+3,80+3,80+3,72+3,14+3,Ousmane Diomande
259066,/player/259066/flavien-enzo-boyomo/260004/,26,4,2025-09-19,F. Boyomo,Flavien Enzo Thiedort Boyomo,"CB, RB",78,85,26000000,29000,23,2001-10-07,181,86,53.0,La Liga,1.0,479.0,CA Osasuna,RCB,22.0,,2024-08-30,2029.0,103,Cameroon,,,,Right,2,2,1,,Stocky (170-185),Yes,59800000.0,,Long Ball Pass,74.0,38.0,52.0,51.0,79.0,81.0,34,35,76,70,29,31,34,28,60,70,72,75,61,70,57,52,88,80,83,32,76,77,29,43,50,63,79,80,78,10,11,13,14,8,,53+2,53+2,53+2,50+0,51+0,51+0,51+0,50+0,53+2,53+2,53+2,54+2,59+2,59+2,59+2,54+2,69+2,73+2,73+2,73+2,69+2,72+2,78+2,78+2,78+2,72+2,17+2,F. Boyomo
247649,/player/247649/jarrad-branthwaite/260004/,26,4,2025-09-19,J. Branthwaite,Jarrad Paul Branthwaite,CB,79,85,25000000,39000,23,2002-06-27,195,74,13.0,Premier League,1.0,7.0,Everton,SUB,32.0,,2020-01-13,2030.0,14,England,,,,Left,5,2,1,,Normal (185+),Yes,52500000.0,#Aerial threat,"Intercept, Slide Tackle, Aerial Fortress",71.0,39.0,58.0,60.0,80.0,78.0,34,35,80,78,34,57,29,24,69,69,65,75,34,79,43,59,78,72,82,29,75,78,43,52,33,76,81,81,82,10,9,11,12,10,,59+2,59+2,59+2,56+0,59+0,59+0,59+0,56+0,59+2,59+2,59+2,60+2,66+2,66+2,66+2,60+2,71+2,76+2,76+2,76+2,71+2,73+2,79+2,79+2,79+2,73+2,18+2,Jarrad Branthwaite
263193,/player/263193/el-chadaille-bitshiabu/260004/,26,4,2025-09-19,E. Bitshiabu,El Chadaille Bitshiabu,CB,75,87,12500000,29000,20,2005-05-16,196,95,19.0,Bundesliga,1.0,112172.0,RB Leipzig,SUB,5.0,,2023-07-18,2029.0,18,France,,,,Left,3,2,1,,Stocky (185+),Yes,23800000.0,"#Aerial threat, #Strength",Pinged Pass,72.0,36.0,60.0,56.0,74.0,79.0,47,26,76,69,21,54,51,30,67,62,55,85,44,71,32,73,85,56,92,23,73,71,35,62,38,61,74,76,69,10,12,13,13,7,,55+2,55+2,55+2,53+0,55+0,55+0,55+0,53+0,56+2,56+2,56+2,57+2,61+2,61+2,61+2,57+2,66+2,70+2,70+2,70+2,66+2,68+2,75+2,75+2,75+2,68+2,17+2,El Chadaille Bitshiabu
265576,/player/265576/leopold-querfeld/260004/,26,4,2025-09-19,L. Querfeld,Leopold Querfeld,CB,75,85,12000000,21000,21,2003-12-20,190,83,19.0,Bundesliga,1.0,1831.0,1. FC Union Berlin,CB,14.0,,2024-07-01,2029.0,4,Austria,,,,Right,3,2,1,,Normal (185+),No,22800000.0,,Long Ball Pass,46.0,44.0,58.0,53.0,76.0,78.0,33,24,80,71,31,47,22,41,73,56,39,51,51,69,55,79,79,68,85,65,74,72,35,60,31,71,76,77,74,12,6,14,9,13,,54+2,54+2,54+2,49+0,52+0,52+0,52+0,49+0,55+2,55+2,55+2,52+2,63+2,63+2,63+2,52+2,63+2,71+2,71+2,71+2,63+2,65+2,75+2,75+2,75+2,65+2,17+2,Leopold Querfeld
258432,/player/258432/chrislain-matsima/260004/,26,4,2025-09-19,C. Matsima,Chrislain Iris Aurel Matsima,CB,77,85,22000000,28000,23,2002-05-15,193,80,19.0,Bundesliga,1.0,100409.0,FC Augsburg,RCB,5.0,,2025-01-30,2029.0,18,France,,,,Right,3,2,1,,Lean (185+),No,41800000.0,,,75.0,34.0,52.0,57.0,77.0,78.0,38,29,78,66,24,54,31,23,54,63,64,84,45,77,44,54,85,72,82,24,76,76,44,51,43,74,80,78,70,12,8,8,6,11,,56+2,56+2,56+2,54+0,55+0,55+0,55+0,54+0,55+2,55+2,55+2,57+2,60+2,60+2,60+2,57+2,68+2,70+2,70+2,70+2,68+2,70+2,77+2,77+2,77+2,70+2,17+2,C. Matsima
265188,/player/265188/giorgio-scalvini/260004/,26,4,2025-09-19,G. Scalvini,Giorgio Scalvini,CB,77,86,22000000,39000,21,2003-12-11,194,75,31.0,Serie A,1.0,39.0,Atalanta,RCB,42.0,,2021-07-09,2027.0,27,Italy,,,,Right,3,2,1,,Normal (185+),No,41800000.0,,"Block, Intercept, Anticipate, Bruiser",55.0,35.0,57.0,61.0,80.0,71.0,38,23,73,72,39,56,35,22,62,70,56,55,48,77,42,57,74,61,71,39,81,81,28,61,35,72,79,82,80,6,12,12,9,6,,52+2,52+2,52+2,53+0,54+0,54+0,54+0,53+0,57+2,57+2,57+2,56+2,64+2,64+2,64+2,56+2,68+2,74+2,74+2,74+2,68+2,70+2,77+2,77+2,77+2,70+2,16+2,Giorgio Scalvini
268611,/player/268611/joel-ordonez/260004/,26,4,2025-09-19,J. Ordoñez,Joel Leandro Ordóñez Guerrero,CB,75,86,12000000,19000,21,2004-04-21,188,80,4.0,Pro League,1.0,231.0,Club Brugge KV,RCB,4.0,,2022-08-19,2028.0,57,Ecuador,,,,Right,3,2,1,,Lean (185+),No,20400000.0,,,74.0,26.0,54.0,56.0,74.0,79.0,40,23,70,74,27,46,22,28,57,65,68,78,62,68,63,35,81,72,84,18,74,77,40,47,39,60,75,75,70,13,15,5,12,12,,51+2,51+2,51+2,52+0,52+0,52+0,52+0,52+0,54+2,54+2,54+2,56+2,59+2,59+2,59+2,56+2,67+2,71+2,71+2,71+2,67+2,69+2,75+2,75+2,75+2,69+2,19+2,J. Ordoñez
210257,/player/210257/ederson-santana-de-moraes/260004/,26,4,2025-09-19,Ederson,Ederson Santana de Moraes,GK,85,85,28500000,57000,31,1993-08-17,188,86,68.0,Süper Lig,1.0,326.0,Fenerbahçe SK,GK,31.0,,2025-09-02,2028.0,54,Brazil,,,,Left,3,1,3,,Unique,Yes,54200000.0,,"Long Ball Pass +, Pinged Pass, Cross Claimer",,,,,,,20,14,14,65,18,30,39,20,68,45,64,63,60,82,48,68,78,44,78,18,38,27,20,70,65,70,29,15,8,83,82,91,83,83,64.0,40+3,40+3,40+3,43+0,45+0,45+0,45+0,43+0,49+3,49+3,49+3,46+3,51+3,51+3,51+3,46+3,38+3,45+3,45+3,45+3,38+3,36+3,36+3,36+3,36+3,36+3,83+2,Éderson
215698,/player/215698/mike-maignan/260004/,26,4,2025-09-19,M. Maignan,Mike Peterson Maignan,GK,87,88,61000000,61000,29,1995-07-03,191,89,31.0,Serie A,1.0,47.0,AC Milan,GK,16.0,,2021-07-01,2026.0,18,France,1335.0,GK,16.0,Right,4,1,4,,Normal (185+),Yes,108300000.0,,"Far Throw +, Long Ball Pass, Footwork, Deflector",,,,,,,18,15,17,64,16,30,38,16,61,40,65,62,60,85,56,64,82,39,83,20,35,25,15,65,15,68,23,18,20,84,83,85,84,88,64.0,40+3,40+3,40+3,41+0,43+0,43+0,43+0,41+0,47+3,47+3,47+3,44+3,48+3,48+3,48+3,44+3,38+3,44+3,44+3,44+3,38+3,37+3,37+3,37+3,37+3,37+3,85+3,M. Maignan
202811,/player/202811/emiliano-martinez/260004/,26,4,2025-09-19,E. Martínez,Damián Emiliano Martínez Romero,GK,85,85,26500000,105000,32,1992-09-02,195,88,13.0,Premier League,1.0,2.0,Aston Villa,GK,23.0,,2020-09-16,2029.0,52,Argentina,1369.0,GK,23.0,Right,4,1,3,,Stocky (185+),Yes,50400000.0,,"Footwork, Rush Out",,,,,,,22,16,26,61,13,24,22,20,59,43,55,57,54,81,49,62,79,40,78,16,40,21,12,67,43,69,25,20,20,83,82,82,85,85,56.0,38+3,38+3,38+3,39+0,41+0,41+0,41+0,39+0,45+3,45+3,45+3,43+3,47+3,47+3,47+3,43+3,37+3,43+3,43+3,43+3,37+3,36+3,37+3,37+3,37+3,36+3,83+2,E. Martínez
204935,/player/204935/jordan-pickford/260004/,26,4,2025-09-19,J. Pickford,Jordan Lee Pickford,GK,84,84,22500000,45000,31,1994-03-07,185,77,13.0,Premier League,1.0,7.0,Everton,GK,1.0,,2017-06-15,2027.0,14,England,1318.0,GK,1.0,Left,4,1,3,,Normal (185+),Yes,42800000.0,,"Long Ball Pass, Far Throw, Footwork",,,,,,,17,19,18,59,20,20,18,16,61,42,57,47,59,82,55,66,75,40,72,13,45,26,18,69,48,65,21,20,12,84,78,88,81,87,53.0,38+3,38+3,38+3,38+0,41+0,41+0,41+0,38+0,45+3,45+3,45+3,42+3,47+3,47+3,47+3,42+3,35+3,43+3,43+3,43+3,35+3,34+3,35+3,35+3,35+3,34+3,83+1,Jordan Pickford
226753,/player/226753/andre-onana/260004/,26,4,2025-09-19,A. Onana,André Onana,GK,80,80,14500000,58000,29,1996-04-02,190,93,68.0,Süper Lig,1.0,436.0,Trabzonspor,GK,24.0,Manchester United,,2026.0,103,Cameroon,,,,Right,3,1,3,,Stocky (185+),Yes,,,Rush Out,,,,,,,15,12,20,57,13,26,30,17,58,40,62,60,66,76,53,64,79,40,78,17,38,15,11,68,27,65,12,18,14,81,75,85,77,83,61.0,37+3,37+3,37+3,38+0,40+0,40+0,40+0,38+0,45+3,45+3,45+3,41+3,45+3,45+3,45+3,41+3,34+3,39+3,39+3,39+3,34+3,32+3,32+3,32+3,32+3,32+3,79+1,André Onana
212831,/player/212831/alisson-ramses-becker/260004/,26,4,2025-09-19,Alisson,Alisson Ramsés Becker,GK,89,89,51000000,140000,32,1992-10-02,193,91,13.0,Premier League,1.0,9.0,Liverpool,GK,1.0,,2018-07-19,2027.0,54,Brazil,,,,Right,3,1,5,,Unique,Yes,94400000.0,,"Rush Out +, Far Throw, Deflector",,,,,,,17,13,29,60,20,27,19,18,58,42,60,49,40,87,37,65,82,32,78,14,27,11,13,66,23,66,15,19,16,86,85,86,90,89,56.0,39+3,39+3,39+3,39+0,42+0,42+0,42+0,39+0,45+3,45+3,45+3,42+3,46+3,46+3,46+3,42+3,34+3,39+3,39+3,39+3,34+3,33+3,33+3,33+3,33+3,33+3,87+2,Alisson
220901,/player/220901/david-raya-martin/260004/,26,4,2025-09-19,David Raya,David Raya Martín,GK,87,87,54500000,145000,29,1995-09-15,183,75,13.0,Premier League,1.0,1.0,Arsenal,GK,1.0,,2024-07-04,2028.0,45,Spain,1362.0,SUB,1.0,Right,3,1,4,,Normal (170-185),Yes,100800000.0,,"Cross Claimer +, Footwork",,,,,,,12,19,20,62,20,19,18,15,67,43,64,59,68,84,45,65,64,31,38,14,29,11,15,68,26,68,28,14,13,86,84,87,85,87,62.0,38+3,38+3,38+3,40+0,42+0,42+0,42+0,40+0,47+3,47+3,47+3,42+3,47+3,47+3,47+3,42+3,34+3,40+3,40+3,40+3,34+3,33+3,29+3,29+3,29+3,33+3,85+2,David Raya
167495,/player/167495/manuel-neuer/260004/,26,4,2025-09-19,M. Neuer,Manuel Peter Neuer,GK,84,84,4700000,28000,39,1986-03-27,193,93,19.0,Bundesliga,1.0,21.0,FC Bayern München,GK,1.0,,2011-07-01,2026.0,21,Germany,,,,Right,4,1,3,,Unique,Yes,7800000.0,,"Pinged Pass +, Long Ball Pass, Far Throw",,,,,,,15,13,25,60,11,30,14,11,67,44,29,35,51,83,35,68,71,43,80,16,29,30,12,68,49,67,17,10,11,81,81,90,86,81,31.0,37+3,37+3,37+3,36+0,40+0,40+0,40+0,36+0,45+3,45+3,45+3,40+3,49+3,49+3,49+3,40+3,34+3,43+3,43+3,43+3,34+3,31+3,33+3,33+3,33+3,31+3,83+1,M. Neuer
192448,/player/192448/marc-andre-ter-stegen/260004/,26,4,2025-09-19,M. ter Stegen,Marc-André ter Stegen,GK,86,86,22000000,95000,33,1992-04-30,187,85,53.0,La Liga,1.0,241.0,FC Barcelona,RES,1.0,,2014-07-01,2028.0,21,Germany,1337.0,RES,21.0,Right,4,1,4,,Unique,Yes,45100000.0,,"Long Ball Pass, Footwork, Rush Out",,,,,,,18,14,11,61,14,21,18,12,63,30,45,50,39,84,43,67,72,35,78,10,43,22,11,70,25,70,25,13,10,84,84,89,84,85,47.0,35+3,35+3,35+3,35+0,38+0,38+0,38+0,35+0,42+3,42+3,42+3,39+3,45+3,45+3,45+3,39+3,33+3,41+3,41+3,41+3,33+3,31+3,33+3,33+3,33+3,31+3,84+2,Marc-André ter Stegen
230872,/player/230872/mile-svilar/260004/,26,4,2025-09-19,M. Svilar,Mile SvilarМиле Свилар,GK,82,86,33500000,39000,25,1999-08-27,189,77,31.0,Serie A,1.0,52.0,Roma,GK,99.0,,2024-07-01,2027.0,51,Serbia,,,,Right,3,1,3,,Normal (185+),Yes,59500000.0,,"Cross Claimer, Rush Out",,,,,,,18,14,22,42,16,26,23,22,42,28,60,55,66,79,54,58,72,32,61,18,28,13,9,53,37,48,12,24,19,80,80,77,82,85,58.0,34+3,34+3,34+3,35+0,35+0,35+0,35+0,35+0,38+3,38+3,38+3,36+3,37+3,37+3,37+3,36+3,31+3,33+3,33+3,33+3,31+3,31+3,30+3,30+3,30+3,31+3,81+3,M. Svilar
177683,/player/177683/yann-sommer/260004/,26,4,2025-09-19,Y. Sommer,Yann Sommer,GK,87,87,9000000,26000,36,1988-12-17,183,77,31.0,Serie A,1.0,44.0,Inter,GK,1.0,,2023-08-07,2026.0,47,Switzerland,,,,Right,4,1,4,,Normal (170-185),Yes,14900000.0,,Far Reach +,,,,,,,13,13,10,46,8,22,12,13,38,30,48,54,57,83,58,64,68,45,68,12,38,21,15,64,24,54,9,20,14,83,82,85,87,89,50.0,34+3,34+3,34+3,34+0,37+0,37+0,37+0,34+0,39+3,39+3,39+3,37+3,40+3,40+3,40+3,37+3,32+3,36+3,36+3,36+3,32+3,31+3,30+3,30+3,30+3,31+3,85+2,Yann Sommer
200389,/player/200389/jan-oblak/260004/,26,4,2025-09-19,J. Oblak,Jan Oblak,GK,88,88,45000000,87000,32,1993-01-07,188,87,53.0,La Liga,1.0,240.0,Atlético Madrid,GK,13.0,,2014-07-16,2028.0,44,Slovenia,,,,Right,3,1,4,,Unique,Yes,94500000.0,,"Cross Claimer +, Far Throw, Far Reach",,,,,,,13,11,15,43,13,12,13,14,40,30,42,53,64,85,48,59,72,42,78,12,36,24,11,67,11,68,27,14,18,85,90,78,86,87,46.0,32+3,32+3,32+3,32+0,34+0,34+0,34+0,32+0,37+3,37+3,37+3,34+3,39+3,39+3,39+3,34+3,32+3,37+3,37+3,37+3,32+3,32+3,34+3,34+3,34+3,32+3,86+2,Jan Oblak
223885,/player/223885/alexander-nubel/260004/,26,4,2025-09-19,A. Nübel,Alexander Nübel,GK,81,82,20500000,45000,28,1996-09-30,193,86,19.0,Bundesliga,1.0,36.0,VfB Stuttgart,GK,33.0,FC Bayern München,,2026.0,21,Germany,1337.0,SUB,12.0,Right,4,1,2,,Normal (185+),Yes,,,"Footwork, Deflector",,,,,,,15,18,13,55,13,26,20,20,48,41,49,46,34,81,58,63,71,39,74,18,23,20,10,65,16,69,23,14,13,81,76,84,78,82,48.0,36+2,36+2,36+2,36+0,39+0,39+0,39+0,36+0,42+2,42+2,42+2,39+2,44+2,44+2,44+2,39+2,33+2,39+2,39+2,39+2,33+2,31+2,31+2,31+2,31+2,31+2,80+2,Alexander Nübel
230621,/player/230621/gianluigi-donnarumma/260004/,26,4,2025-09-19,G. Donnarumma,Gianluigi Donnarumma,GK,89,91,97000000,150000,26,1999-02-25,196,90,13.0,Premier League,1.0,10.0,Manchester City,GK,25.0,,2025-09-02,2030.0,27,Italy,1343.0,GK,1.0,Right,3,1,4,,Unique,Yes,186700000.0,,"Deflector +, Footwork",,,,,,,12,12,12,36,8,28,12,14,34,30,50,55,57,87,38,53,73,41,75,18,30,26,14,60,24,54,21,14,16,90,83,70,87,90,52.0,33+3,33+3,33+3,34+0,36+0,36+0,36+0,34+0,38+3,38+3,38+3,36+3,38+3,38+3,38+3,36+3,32+3,35+3,35+3,35+3,32+3,31+3,32+3,32+3,32+3,31+3,87+3,Gianluigi Donnarumma
235840,/player/235840/michele-di-gregorio/260004/,26,4,2025-09-19,M. Di Gregorio,Michele Di Gregorio,GK,81,84,25500000,73000,27,1997-07-27,187,82,31.0,Serie A,1.0,45.0,Juventus,GK,16.0,,2025-07-01,2029.0,27,Italy,,,,Right,3,1,3,,Stocky (170-185),Yes,45300000.0,,Footwork,,,,,,,13,9,11,50,11,30,17,14,50,35,55,57,55,69,55,59,69,36,68,18,26,15,9,65,17,56,21,16,12,82,78,79,83,85,56.0,33+3,33+3,33+3,35+0,37+0,37+0,37+0,35+0,41+3,41+3,41+3,38+3,41+3,41+3,41+3,38+3,31+3,36+3,36+3,36+3,31+3,30+3,29+3,29+3,29+3,30+3,80+3,Michele Di Gregorio
215316,/player/215316/geronimo-rulli/260004/,26,4,2025-09-19,G. Rulli,Gerónimo Rulli,GK,82,82,10000000,35000,33,1992-05-20,189,84,16.0,Ligue 1,1.0,219.0,Olympique de Marseille,GK,1.0,,2024-08-11,2027.0,52,Argentina,1369.0,SUB,12.0,Right,3,1,3,,Normal (185+),Yes,19000000.0,,Footwork,,,,,,,12,15,12,36,16,14,19,20,50,15,56,52,58,79,50,60,73,42,73,17,26,21,12,68,24,61,15,13,17,82,77,80,81,83,54.0,31+3,31+3,31+3,30+0,33+0,33+0,33+0,30+0,35+3,35+3,35+3,33+3,37+3,37+3,37+3,33+3,29+3,33+3,33+3,33+3,29+3,29+3,29+3,29+3,29+3,29+3,81+1,Gerónimo Rulli
252552,/player/252552/konstantinos-tzolakis/260004/,26,4,2025-09-19,K. Tzolakis,Konstantinos TzolakisΚωνσταντίνος Τζολάκης,GK,79,86,30500000,18000,22,2002-11-08,193,80,63.0,Super League,1.0,280.0,Olympiacos FC,GK,88.0,,2019-07-01,2027.0,22,Greece,,,,Right,3,1,1,,Lean (185+),No,70200000.0,,Cross Claimer,,,,,,,12,10,11,47,11,26,31,11,56,41,53,56,63,73,57,56,68,43,68,11,38,9,9,61,16,61,8,14,14,79,77,74,79,81,54.0,33+2,33+2,33+2,35+0,37+0,37+0,37+0,35+0,41+2,41+2,41+2,38+2,42+2,42+2,42+2,38+2,30+2,35+2,35+2,35+2,30+2,29+2,27+2,27+2,27+2,29+2,78+2,K. Tzolakis
226300,/player/226300/ugurcan-cakir/260004/,26,4,2025-09-19,U. Çakır,Uğurcan Çakır,GK,80,82,17500000,38000,29,1996-04-05,191,82,68.0,Süper Lig,1.0,325.0,Galatasaray SK,GK,1.0,,2025-09-01,2030.0,48,Türkiye,,,,Right,3,1,1,,Normal (185+),No,34600000.0,,"Long Ball Pass, Far Throw, Footwork",,,,,,,15,13,14,32,20,17,18,20,27,27,53,56,64,77,58,56,70,40,69,19,34,25,14,60,23,60,17,18,16,81,76,74,80,79,54.0,32+2,32+2,32+2,32+0,34+0,34+0,34+0,32+0,35+2,35+2,35+2,33+2,34+2,34+2,34+2,33+2,31+2,33+2,33+2,33+2,31+2,31+2,31+2,31+2,31+2,31+2,79+2,Uğurcan Çakır
186153,/player/186153/wojciech-szczesny/260004/,26,4,2025-09-19,W. Szczęsny,Wojciech Tomasz Szczęsny,GK,84,84,4700000,49000,35,1990-04-18,196,90,53.0,La Liga,1.0,241.0,FC Barcelona,SUB,25.0,,2024-10-02,2027.0,37,Poland,,,,Right,3,1,3,,Lean (185+),Yes,9600000.0,,Far Throw,,,,,,,12,12,16,51,14,11,16,14,66,22,49,46,55,80,51,56,69,45,65,14,40,15,14,48,18,65,20,13,12,82,83,75,84,84,48.0,31+3,31+3,31+3,30+0,32+0,32+0,32+0,30+0,36+3,36+3,36+3,34+3,39+3,39+3,39+3,34+3,30+3,37+3,37+3,37+3,30+3,29+3,29+3,29+3,29+3,29+3,82+2,W. Szczęsny
224987,/player/224987/ivan-provedel/260004/,26,4,2025-09-19,I. Provedel,Ivan Provedel,GK,82,82,16000000,30000,31,1994-03-17,192,84,31.0,Serie A,1.0,46.0,Lazio,GK,94.0,,2022-08-08,2027.0,27,Italy,,,,Right,2,1,3,,Normal (185+),No,27200000.0,,"Long Ball Pass, Footwork, Deflector",,,,,,,21,17,23,61,14,16,13,13,56,22,44,40,38,75,44,60,65,28,56,20,27,22,16,63,22,68,22,23,22,83,79,80,83,84,42.0,33+3,33+3,33+3,33+0,35+0,35+0,35+0,33+0,39+3,39+3,39+3,36+3,42+3,42+3,42+3,36+3,32+3,38+3,38+3,38+3,32+3,32+3,32+3,32+3,32+3,32+3,81+1,Ivan Provedel
241671,/player/241671/dominik-livakovic/260004/,26,4,2025-09-19,D. Livaković,Dominik Livaković,GK,80,80,14000000,38000,30,1995-01-09,188,79,53.0,La Liga,1.0,110062.0,Girona FC,SUB,1.0,Fenerbahçe SK,,2026.0,10,Croatia,1328.0,GK,1.0,Right,2,1,3,,Normal (185+),Yes,,,"Far Throw, Footwork",,,,,,,13,12,13,50,10,19,12,11,60,28,57,54,65,81,30,53,74,32,75,9,26,21,11,60,15,64,24,20,21,80,76,71,80,83,56.0,33+3,33+3,33+3,34+0,35+0,35+0,35+0,34+0,39+3,39+3,39+3,37+3,41+3,41+3,41+3,37+3,33+3,39+3,39+3,39+3,33+3,32+3,33+3,33+3,33+3,32+3,79+1,Dominik Livaković
192119,/player/192119/thibaut-courtois/260004/,26,4,2025-09-19,T. Courtois,Thibaut Nicolas Marc Courtois,GK,89,89,33500000,220000,33,1992-05-11,200,96,53.0,La Liga,1.0,243.0,Real Madrid,GK,1.0,,2018-08-09,2026.0,7,Belgium,,,,Left,3,1,5,,Unique,Yes,68700000.0,,"Cross Claimer +, Far Throw, Rush Out",,,,,,,14,14,13,33,12,13,19,20,35,23,42,52,63,88,45,57,68,38,70,17,23,15,13,44,27,66,20,18,16,85,89,76,88,90,46.0,32+3,32+3,32+3,30+0,31+0,31+0,31+0,30+0,32+3,32+3,32+3,31+3,33+3,33+3,33+3,31+3,29+3,31+3,31+3,31+3,29+3,29+3,29+3,29+3,29+3,29+3,87+2,T. Courtois
192563,/player/192563/bernd-leno/260004/,26,4,2025-09-19,B. Leno,Bernd Leno,GK,80,80,7000000,58000,33,1992-03-04,189,83,13.0,Premier League,1.0,144.0,Fulham FC,GK,1.0,,2022-08-02,2027.0,21,Germany,,,,Right,3,1,3,,Normal (185+),Yes,13300000.0,,"Footwork, Rush Out",,,,,,,9,9,13,50,10,16,9,8,48,35,54,51,51,77,44,57,70,44,70,14,28,25,7,53,23,63,27,15,18,80,79,76,80,81,53.0,32+3,32+3,32+3,32+0,34+0,34+0,34+0,32+0,37+3,37+3,37+3,35+3,40+3,40+3,40+3,35+3,33+3,38+3,38+3,38+3,33+3,33+3,33+3,33+3,33+3,33+3,79+1,Bernd Leno
240091,/player/240091/guglielmo-vicario/260004/,26,4,2025-09-19,G. Vicario,Guglielmo Vicario,GK,82,84,26000000,77000,28,1996-10-07,194,76,13.0,Premier League,1.0,18.0,Tottenham Hotspur,GK,1.0,,2023-07-01,2028.0,27,Italy,1343.0,SUB,14.0,Right,4,1,3,,Lean (185+),Yes,51400000.0,,Footwork,,,,,,,11,6,11,57,7,22,14,10,55,41,54,49,56,81,38,59,67,38,60,5,29,15,13,68,13,62,23,11,13,83,78,78,80,84,52.0,33+3,33+3,33+3,36+0,38+0,38+0,38+0,36+0,43+3,43+3,43+3,39+3,44+3,44+3,44+3,39+3,32+3,38+3,38+3,38+3,32+3,31+3,29+3,29+3,29+3,31+3,81+3,Guglielmo Vicario
227127,/player/227127/alejandro-remiro-gargallo/260004/,26,4,2025-09-19,Álex Remiro,Alejandro Remiro Gargallo,GK,83,84,27500000,38000,30,1995-03-24,191,79,53.0,La Liga,1.0,457.0,Real Sociedad,GK,1.0,,2019-07-01,2027.0,45,Spain,1362.0,RES,13.0,Right,4,1,3,,Lean (185+),Yes,59800000.0,,"Long Ball Pass, Far Throw, Footwork",,,,,,,12,13,13,36,15,19,14,17,29,26,44,46,70,78,40,60,69,42,73,11,34,20,11,44,24,55,14,17,18,83,78,80,84,84,45.0,31+3,31+3,31+3,30+0,31+0,31+0,31+0,30+0,33+3,33+3,33+3,31+3,33+3,33+3,33+3,31+3,30+3,32+3,32+3,32+3,30+3,29+3,30+3,30+3,30+3,29+3,82+2,Álex Remiro
230869,/player/230869/unai-simon-mendibil/260004/,26,4,2025-09-19,Unai Simón,Unai Simón Mendibil,GK,85,86,43000000,48000,28,1997-06-11,190,89,53.0,La Liga,1.0,448.0,Athletic Club,GK,1.0,,2015-08-25,2029.0,45,Spain,1362.0,GK,23.0,Right,3,1,3,,Normal (185+),Yes,93500000.0,,"Pinged Pass, Footwork, Rush Out",,,,,,,16,14,18,38,17,12,20,14,34,16,48,50,37,82,47,57,74,44,76,13,29,26,14,48,24,40,11,18,12,84,80,76,84,85,49.0,32+3,32+3,32+3,28+0,31+0,31+0,31+0,28+0,31+3,31+3,31+3,31+3,33+3,33+3,33+3,31+3,30+3,33+3,33+3,33+3,30+3,30+3,30+3,30+3,30+3,30+3,83+3,Unai Simón
233306,/player/233306/dean-henderson/260004/,26,4,2025-09-19,D. Henderson,Dean Bradley Henderson,GK,81,82,20500000,62000,28,1997-03-12,188,85,13.0,Premier League,1.0,1799.0,Crystal Palace,GK,1.0,,2023-08-31,2028.0,14,England,1318.0,SUB,13.0,Right,3,1,3,,Normal (185+),Yes,40500000.0,,Footwork,,,,,,,14,9,13,45,5,13,13,10,48,35,55,56,61,81,56,58,69,32,64,6,35,11,8,55,16,60,15,14,14,82,78,77,80,82,55.0,31+3,31+3,31+3,32+0,34+0,34+0,34+0,32+0,37+3,37+3,37+3,35+3,37+3,37+3,37+3,35+3,30+3,34+3,34+3,34+3,30+3,29+3,28+3,28+3,28+3,29+3,80+2,D. Henderson
204883,/player/204883/brice-samba/260004/,26,4,2025-09-19,B. Samba,Brice Lauriche Samba,GK,80,80,11000000,22000,31,1994-04-25,187,90,16.0,Ligue 1,1.0,74.0,Stade Rennais FC,GK,30.0,,2025-01-08,2029.0,18,France,1335.0,SUB,1.0,Left,3,1,3,,Stocky (185+),Yes,20900000.0,,"Long Ball Pass, Footwork",,,,,,,10,9,15,48,13,14,14,13,45,36,49,60,39,78,54,60,73,37,78,10,26,18,11,48,15,66,12,14,12,78,80,80,80,80,53.0,33+3,33+3,33+3,31+0,34+0,34+0,34+0,31+0,36+3,36+3,36+3,34+3,38+3,38+3,38+3,34+3,30+3,35+3,35+3,35+3,30+3,30+3,30+3,30+3,30+3,30+3,79+1,B. Samba
185122,/player/185122/peter-gulacsi/260004/,26,4,2025-09-19,P. Gulácsi,Péter Gulácsi,GK,85,85,6000000,35000,35,1990-05-06,193,86,19.0,Bundesliga,1.0,112172.0,RB Leipzig,GK,1.0,,2015-07-01,2026.0,23,Hungary,,,,Right,2,1,3,,Normal (185+),Yes,10200000.0,,Footwork,,,,,,,16,10,23,35,10,19,18,11,31,25,42,44,41,82,42,56,72,37,74,12,34,23,11,44,24,45,25,16,20,83,83,74,87,84,43.0,31+3,31+3,31+3,29+0,31+0,31+0,31+0,29+0,31+3,31+3,31+3,31+3,33+3,33+3,33+3,31+3,31+3,33+3,33+3,33+3,31+3,31+3,33+3,33+3,33+3,31+3,83+2,Péter Gulácsi
199641,/player/199641/matz-sels/260004/,26,4,2025-09-19,M. Sels,Matz Willy Els Sels,GK,83,83,12000000,78000,33,1992-02-26,188,75,13.0,Premier League,1.0,14.0,Nottingham Forest,GK,26.0,,2024-02-01,2027.0,7,Belgium,,,,Right,2,1,3,,Normal (185+),No,22800000.0,,Far Reach,,,,,,,16,16,14,48,19,19,17,17,53,33,37,35,36,80,34,59,65,26,67,18,29,17,18,58,22,62,14,15,14,82,80,79,83,83,36.0,33+3,33+3,33+3,32+0,35+0,35+0,35+0,32+0,38+3,38+3,38+3,35+3,40+3,40+3,40+3,35+3,28+3,35+3,35+3,35+3,28+3,27+3,29+3,29+3,29+3,27+3,82+1,M. Sels
223952,/player/223952/david-soria-solis/260004/,26,4,2025-09-19,David Soria,David Soria Solís,GK,81,81,13000000,29000,32,1993-04-04,192,85,53.0,La Liga,1.0,1860.0,Getafe CF,GK,13.0,,2018-07-16,2026.0,45,Spain,,,,Right,3,1,3,,Lean (185+),Yes,27300000.0,,"Long Ball Pass, Footwork",,,,,,,15,19,23,30,19,16,23,11,33,20,46,34,48,79,40,56,74,43,76,18,26,21,12,51,23,61,22,13,13,81,79,74,80,82,41.0,32+3,32+3,32+3,28+0,31+0,31+0,31+0,28+0,31+3,31+3,31+3,30+3,32+3,32+3,32+3,30+3,28+3,31+3,31+3,31+3,28+3,28+3,30+3,30+3,30+3,28+3,80+1,David Soria
230182,/player/230182/lucas-luciano-mantela-patricio/260004/,26,4,2025-09-19,Lucas Mantela,Lucas Luciano Mantela Patrício,GK,82,82,24500000,21000,25,2000-02-29,183,77,7.0,Série A,1.0,383.0,Palmeiras,GK,1.0,,2025-06-18,2028.0,54,Brazil,,,,Right,3,1,3,,Normal (170-185),No,51500000.0,,,,,,,,,13,15,14,29,19,17,16,21,18,23,35,34,36,76,55,64,71,44,85,19,20,18,11,70,15,48,16,18,17,79,87,85,77,81,35.0,31+3,31+3,31+3,28+0,32+0,32+0,32+0,28+0,33+3,33+3,33+3,30+3,33+3,33+3,33+3,30+3,27+3,30+3,30+3,30+3,27+3,27+3,30+3,30+3,30+3,27+3,81+1,Lucas Mantela
230670,/player/230670/lucas-estella-perri/260004/,26,4,2025-09-19,Lucas Perri,Lucas Estella Perri,GK,81,85,27000000,44000,27,1997-12-10,197,98,13.0,Premier League,1.0,8.0,Leeds United,GK,1.0,,2025-07-26,2029.0,54,Brazil,,,,Right,2,1,3,,Normal (185+),No,53300000.0,,Far Throw,,,,,,,19,11,13,45,15,18,22,20,48,14,32,39,37,77,27,59,69,38,83,13,35,25,12,65,19,44,10,18,14,80,79,79,80,82,35.0,30+3,30+3,30+3,28+0,31+0,31+0,31+0,28+0,34+3,34+3,34+3,32+3,38+3,38+3,38+3,32+3,29+3,35+3,35+3,35+3,29+3,28+3,31+3,31+3,31+3,28+3,80+3,Lucas Perri
192984,/player/192984/koen-casteels/260004/,26,4,2025-09-19,K. Casteels,Koen Casteels,GK,82,82,10000000,33000,33,1992-06-25,197,86,350.0,Pro League,1.0,112391.0,Al Qadsiah FC,GK,1.0,,2024-07-18,2027.0,7,Belgium,,,,Left,2,1,3,,Normal (185+),Yes,17000000.0,,"Long Ball Pass, Footwork, Rush Out",,,,,,,15,15,14,35,13,14,20,13,37,23,44,46,50,79,43,56,69,44,72,18,33,16,15,42,20,40,11,19,17,82,79,74,83,85,45.0,31+3,31+3,31+3,29+0,31+0,31+0,31+0,29+0,32+3,32+3,32+3,31+3,33+3,33+3,33+3,31+3,29+3,32+3,32+3,32+3,29+3,29+3,29+3,29+3,29+3,29+3,81+1,Koen Casteels
203841,/player/203841/nick-pope/260004/,26,4,2025-09-19,N. Pope,Nicholas David Pope,GK,81,81,8500000,81000,33,1992-04-19,199,90,13.0,Premier League,1.0,13.0,Newcastle United,GK,1.0,,2022-06-23,2026.0,14,England,,,,Right,3,1,3,,Normal (185+),Yes,16200000.0,,Footwork,,,,,,,11,14,11,42,14,15,13,12,52,25,50,47,36,78,42,51,71,35,75,15,36,23,13,50,22,63,19,15,14,81,81,68,78,82,49.0,31+3,31+3,31+3,30+0,32+0,32+0,32+0,30+0,34+3,34+3,34+3,33+3,37+3,37+3,37+3,33+3,30+3,35+3,35+3,35+3,30+3,29+3,31+3,31+3,31+3,29+3,80+1,N. Pope
225116,/player/225116/alex-meret/260004/,26,4,2025-09-19,A. Meret,Alex Meret,GK,82,84,26000000,72000,28,1997-03-22,192,82,31.0,Serie A,1.0,48.0,Napoli,GK,1.0,,2019-07-01,2027.0,27,Italy,1343.0,SUB,12.0,Left,3,1,3,,Lean (185+),Yes,46200000.0,,,,,,,,,15,17,19,30,20,16,20,21,25,25,41,48,46,78,48,56,66,29,65,17,22,22,20,40,21,67,10,22,14,81,79,74,84,85,44.0,33+3,33+3,33+3,29+0,32+0,32+0,32+0,29+0,31+3,31+3,31+3,30+3,31+3,31+3,31+3,30+3,28+3,29+3,29+3,29+3,28+3,28+3,29+3,29+3,29+3,28+3,81+3,Alex Meret
269626,/player/269626/dorde-petrovic/260004/,26,4,2025-09-19,Đ. Petrović,Đorđe PetrovićЂорђе Петровић,GK,80,85,24500000,45000,25,1999-10-08,194,89,13.0,Premier League,1.0,1943.0,AFC Bournemouth,GK,1.0,,2025-07-16,2030.0,51,Serbia,,,,Right,2,1,1,,Lean (185+),Yes,48400000.0,,Footwork,,,,,,,11,11,13,47,11,20,12,12,50,45,40,43,45,79,34,55,67,37,73,11,27,15,11,50,13,62,20,15,17,80,78,73,78,82,41.0,33+2,33+2,33+2,33+0,35+0,35+0,35+0,33+0,38+2,38+2,38+2,35+2,40+2,40+2,40+2,35+2,31+2,37+2,37+2,37+2,31+2,30+2,30+2,30+2,30+2,30+2,79+2,Đ. Petrović
209981,/player/209981/yassine-bounou/260004/,26,4,2025-09-19,Y. Bounou,Yassine Bounouياسين بونو,GK,82,82,5000000,37000,34,1991-04-05,195,78,350.0,Pro League,1.0,605.0,Al Hilal,GK,37.0,,2023-08-17,2026.0,129,Morocco,111111.0,GK,1.0,Left,2,1,3,,Normal (185+),Yes,8000000.0,,"Far Throw, Footwork, Cross Claimer",,,,,,,15,14,14,39,13,20,12,19,44,12,38,37,47,76,29,57,65,43,69,19,25,12,10,62,24,57,20,18,15,81,82,76,82,85,38.0,29+3,29+3,29+3,28+0,30+0,30+0,30+0,28+0,33+3,33+3,33+3,31+3,35+3,35+3,35+3,31+3,28+3,32+3,32+3,32+3,28+3,27+3,28+3,28+3,28+3,27+3,81+1,Y. Bounou
193080,/player/193080/david-de-gea-quintana/260004/,26,4,2025-09-19,De Gea,David de Gea Quintana,GK,85,85,9000000,55000,34,1990-11-07,192,76,31.0,Serie A,1.0,110374.0,Fiorentina,GK,43.0,,2024-08-09,2028.0,45,Spain,,,,Right,2,1,3,,Unique,Yes,15300000.0,,"Far Throw, Footwork",,,,,,,17,13,18,40,13,18,21,19,39,32,47,45,60,85,40,53,57,30,38,12,15,21,9,45,29,45,15,20,15,85,78,71,84,87,46.0,31+3,31+3,31+3,32+0,33+0,33+0,33+0,32+0,35+3,35+3,35+3,33+3,35+3,35+3,35+3,33+3,31+3,32+3,32+3,32+3,31+3,30+3,27+3,27+3,27+3,30+3,83+2,De Gea
259532,/player/259532/joan-garcia-pons/260004/,26,4,2025-09-19,Joan García,Joan García Pons,GK,83,89,46500000,55000,24,2001-05-04,191,79,53.0,La Liga,1.0,241.0,FC Barcelona,GK,13.0,,2020-07-01,2031.0,45,Spain,,,,Right,3,1,3,,Lean (185+),Yes,104600000.0,,Cross Claimer,,,,,,,13,6,12,48,7,17,12,12,49,28,48,44,59,77,42,58,64,35,59,9,30,13,6,54,18,59,7,13,14,81,82,77,83,86,46.0,29+3,29+3,29+3,30+0,32+0,32+0,32+0,30+0,35+3,35+3,35+3,33+3,37+3,37+3,37+3,33+3,28+3,33+3,33+3,33+3,28+3,27+3,26+3,26+3,26+3,27+3,82+3,Joan García
234577,/player/234577/diogo-meireles-costa/260004/,26,4,2025-09-19,Diogo Costa,Diogo Meireles da Costa,GK,84,89,49500000,14000,25,1999-09-19,187,84,308.0,Primeira Liga,1.0,236.0,FC Porto,GK,99.0,,2016-07-01,2027.0,38,Portugal,1354.0,GK,1.0,Right,2,1,3,,Normal (170-185),Yes,102700000.0,,"Long Ball Pass, Far Throw, Rush Out",,,,,,,13,6,11,50,8,18,10,10,55,30,33,39,42,83,35,62,61,28,63,9,23,18,18,67,14,44,19,13,11,83,78,82,83,86,35.0,31+3,31+3,31+3,31+0,35+0,35+0,35+0,31+0,38+3,38+3,38+3,35+3,41+3,41+3,41+3,35+3,29+3,36+3,36+3,36+3,29+3,27+3,28+3,28+3,28+3,27+3,83+3,Diogo Costa
230204,/player/230204/heniton-enaldo-pires-tramontino/260004/,26,4,2025-09-19,Héniton Pires,Héniton Enaldo Pires Tramontino,GK,80,80,14500000,25000,29,1996-02-29,182,74,7.0,Série A,1.0,1043.0,Flamengo,GK,1.0,,2025-06-18,2028.0,54,Brazil,,,,Right,3,1,1,,Normal (170-185),No,30500000.0,,Far Throw,,,,,,,18,11,12,28,16,14,15,13,30,20,43,39,42,77,48,59,64,30,64,12,36,22,13,70,21,41,16,14,17,81,75,78,81,79,41.0,29+2,29+2,29+2,28+0,31+0,31+0,31+0,28+0,32+2,32+2,32+2,30+2,33+2,33+2,33+2,30+2,27+2,30+2,30+2,30+2,27+2,27+2,28+2,28+2,28+2,27+2,79+1,Héniton Pires
235073,/player/235073/gregor-kobel/260004/,26,4,2025-09-19,G. Kobel,Gregor Kobel,GK,86,89,66500000,52000,27,1997-12-06,195,88,19.0,Bundesliga,1.0,22.0,Borussia Dortmund,GK,1.0,,2021-07-01,2028.0,47,Switzerland,,,,Right,3,1,4,,Normal (185+),Yes,118000000.0,,"Rush Out +, Far Throw, Deflector",,,,,,,13,10,13,39,10,24,13,12,33,34,38,52,37,84,29,48,71,30,81,10,24,14,10,59,12,66,15,15,15,87,83,64,86,87,44.0,32+3,32+3,32+3,32+0,34+0,34+0,34+0,32+0,36+3,36+3,36+3,34+3,36+3,36+3,36+3,34+3,29+3,33+3,33+3,33+3,29+3,28+3,30+3,30+3,30+3,28+3,84+3,Gregor Kobel
193698,/player/193698/oliver-baumann/260004/,26,4,2025-09-19,O. Baumann,Oliver Baumann,GK,83,83,4000000,21000,35,1990-06-02,187,82,19.0,Bundesliga,1.0,10029.0,TSG 1899 Hoffenheim,GK,1.0,,2014-07-01,2028.0,21,Germany,1337.0,GK,1.0,Right,2,1,3,,Normal (185+),Yes,6800000.0,,"Footwork, Deflector",,,,,,,14,11,16,34,11,19,12,11,30,17,37,41,45,82,43,59,66,39,69,13,32,21,10,44,22,52,15,18,14,83,81,78,80,83,39.0,30+3,30+3,30+3,27+0,29+0,29+0,29+0,27+0,30+3,30+3,30+3,29+3,31+3,31+3,31+3,29+3,28+3,31+3,31+3,31+3,28+3,28+3,29+3,29+3,29+3,28+3,82+1,Oliver Baumann
210385,/player/210385/rui-tiago-dantas-da-silva/260004/,26,4,2025-09-19,Rui Silva,Rui Tiago Dantas da Silva,GK,81,81,13500000,17000,31,1994-02-07,191,91,308.0,Primeira Liga,1.0,237.0,Sporting CP,GK,1.0,,2025-01-14,2028.0,38,Portugal,1354.0,SUB,22.0,Left,3,1,3,,Normal (185+),Yes,27000000.0,,"Footwork, Deflector",,,,,,,13,20,14,29,20,18,19,20,30,24,31,30,34,73,24,58,67,27,76,14,19,27,20,55,30,49,25,10,19,82,78,77,81,84,31.0,32+3,32+3,32+3,28+0,31+0,31+0,31+0,28+0,32+3,32+3,32+3,29+3,32+3,32+3,32+3,29+3,27+3,31+3,31+3,31+3,27+3,26+3,30+3,30+3,30+3,26+3,80+1,Rui Silva
242879,/player/242879/maarten-vandevoordt/260004/,26,4,2025-09-19,M. Vandevoordt,Maarten Vandevoordt,GK,76,86,14500000,21000,23,2002-02-26,192,81,19.0,Bundesliga,1.0,112172.0,RB Leipzig,SUB,26.0,,2024-07-01,2029.0,7,Belgium,,,,Right,3,1,1,,Normal (185+),No,27600000.0,,"Long Ball Pass, Far Throw, Footwork, Cross Claimer",,,,,,,23,7,15,52,5,24,12,8,66,29,41,39,52,68,37,56,61,37,59,5,16,14,5,64,15,54,11,10,18,78,75,75,74,77,40.0,28+2,28+2,28+2,31+0,32+0,32+0,32+0,31+0,38+2,38+2,38+2,36+2,41+2,41+2,41+2,36+2,30+2,35+2,35+2,35+2,30+2,28+2,25+2,25+2,25+2,28+2,75+2,Maarten Vandevoordt
188943,/player/188943/kevin-trapp/260004/,26,4,2025-09-19,K. Trapp,Kevin Christian Trapp,GK,81,81,4400000,39000,34,1990-07-08,189,84,16.0,Ligue 1,1.0,111817.0,Paris FC,SUB,35.0,,2025-08-19,2028.0,21,Germany,,,,Right,4,1,3,,Normal (185+),Yes,8800000.0,,"Far Throw, Footwork",,,,,,,13,13,11,25,12,10,14,12,14,24,43,50,42,82,37,56,68,45,75,13,30,22,12,48,17,65,15,14,10,82,80,74,76,84,46.0,30+3,30+3,30+3,27+0,30+0,30+0,30+0,27+0,29+3,29+3,29+3,28+3,29+3,29+3,29+3,28+3,28+3,29+3,29+3,29+3,28+3,28+3,28+3,28+3,28+3,28+3,80+1,K. Trapp
234642,/player/234642/edouard-mendy/260004/,26,4,2025-09-19,É. Mendy,Édouard Osoque Mendy,GK,80,80,7000000,32000,33,1992-03-01,197,86,350.0,Pro League,1.0,112387.0,Al Ahli SFC,GK,16.0,,2023-07-01,2026.0,136,Senegal,,,,Right,2,1,3,,Lean (185+),Yes,11900000.0,,"Footwork, Cross Claimer",,,,,,,10,5,10,54,9,18,13,14,54,31,33,36,50,80,33,56,64,36,72,9,22,13,6,50,13,57,10,11,13,78,77,75,79,81,34.0,29+3,29+3,29+3,29+0,31+0,31+0,31+0,29+0,36+3,36+3,36+3,33+3,39+3,39+3,39+3,33+3,28+3,34+3,34+3,34+3,28+3,26+3,27+3,27+3,27+3,26+3,79+1,É. Mendy
265526,/player/265526/guillaume-restes/260004/,26,4,2025-09-19,G. Restes,Guillaume Restes,GK,78,86,26500000,9000,20,2005-03-11,188,82,16.0,Ligue 1,1.0,1809.0,Toulouse FC,GK,1.0,,2021-07-26,2028.0,18,France,,,,Left,3,1,1,,Normal (185+),Yes,58300000.0,,Footwork,,,,,,,17,9,12,51,7,8,13,13,48,17,38,44,38,72,42,60,62,39,65,7,22,13,9,62,15,55,11,16,14,78,74,80,77,80,40.0,28+2,28+2,28+2,27+0,29+0,29+0,29+0,27+0,33+2,33+2,33+2,31+2,36+2,36+2,36+2,31+2,28+2,33+2,33+2,33+2,28+2,27+2,26+2,26+2,26+2,27+2,77+2,Guillaume Restes
250753,/player/250753/anatoliy-trubin/260004/,26,4,2025-09-19,A. Trubin,Anatolii TrubinТрубін Анатолій Володимирович,GK,80,87,36000000,12000,23,2001-08-01,199,86,308.0,Primeira Liga,1.0,234.0,SL Benfica,GK,1.0,,2023-08-10,2028.0,49,Ukraine,1366.0,GK,12.0,Right,2,1,3,,Lean (185+),Yes,79200000.0,,Footwork,,,,,,,11,9,12,37,6,13,13,13,32,29,49,38,36,76,45,58,68,33,69,8,28,9,6,64,18,50,9,11,11,77,76,77,83,84,45.0,29+3,29+3,29+3,28+0,31+0,31+0,31+0,28+0,33+3,33+3,33+3,31+3,34+3,34+3,34+3,31+3,25+3,29+3,29+3,29+3,25+3,24+3,25+3,25+3,25+3,24+3,79+3,A. Trubin
251752,/player/251752/lucas-chevalier/260004/,26,4,2025-09-19,L. Chevalier,Lucas Chevalier,GK,83,88,44000000,50000,23,2001-11-06,189,84,16.0,Ligue 1,1.0,73.0,Paris Saint-Germain,GK,30.0,,2025-08-09,2030.0,18,France,1335.0,SUB,23.0,Right,3,1,3,,Normal (185+),No,84700000.0,,"Footwork, Rush Out",,,,,,,12,9,12,38,9,14,15,14,34,17,52,46,38,80,38,55,63,41,53,8,23,10,7,47,16,45,10,10,11,84,79,73,80,86,50.0,28+3,28+3,28+3,27+0,29+0,29+0,29+0,27+0,30+3,30+3,30+3,30+3,31+3,31+3,31+3,30+3,26+3,28+3,28+3,28+3,26+3,26+3,23+3,23+3,23+3,26+3,82+3,Lucas Chevalier
190941,/player/190941/lukas-hradecky/260004/,26,4,2025-09-19,L. Hrádecký,Lukáš Hrádecký,GK,81,81,2900000,16000,35,1989-11-24,192,85,16.0,Ligue 1,1.0,69.0,AS Monaco,GK,1.0,,2025-08-08,2027.0,17,Finland,1334.0,GK,1.0,Right,3,1,3,,Normal (185+),Yes,5500000.0,,Footwork,,,,,,,11,11,11,30,9,10,11,15,33,20,38,44,43,80,39,48,59,34,55,14,31,18,9,53,20,45,10,10,13,83,79,64,81,83,40.0,27+3,27+3,27+3,26+0,28+0,28+0,28+0,26+0,30+3,30+3,30+3,28+3,31+3,31+3,31+3,28+3,25+3,28+3,28+3,28+3,25+3,25+3,24+3,24+3,24+3,25+3,80+1,Lukáš Hrádecký
243952,/player/243952/andriy-lunin/260004/,26,4,2025-09-19,A. Lunin,Andriy LuninЛунін Андрій Олексійович,GK,81,86,29500000,105000,26,1999-02-11,191,78,53.0,La Liga,1.0,243.0,Real Madrid,SUB,13.0,,2018-07-02,2030.0,49,Ukraine,1366.0,SUB,23.0,Right,3,1,3,,Normal (185+),Yes,62700000.0,,Footwork,,,,,,,15,8,12,25,12,11,14,15,26,15,39,35,36,80,25,59,62,32,61,7,22,19,11,60,19,56,22,13,11,80,78,79,80,82,37.0,27+3,27+3,27+3,25+0,28+0,28+0,28+0,25+0,28+3,28+3,28+3,27+3,29+3,29+3,29+3,27+3,25+3,28+3,28+3,28+3,25+3,25+3,26+3,26+3,26+3,25+3,80+3,A. Lunin
252154,/player/252154/marco-carnesecchi/260004/,26,4,2025-09-19,M. Carnesecchi,Marco Carnesecchi,GK,84,88,46000000,55000,25,2000-07-01,191,83,31.0,Serie A,1.0,39.0,Atalanta,GK,29.0,,2019-07-01,2026.0,27,Italy,,,,Right,3,1,3,,Normal (185+),No,81700000.0,,Rush Out,,,,,,,11,8,20,36,7,14,18,12,31,21,24,39,40,71,25,53,58,28,55,10,27,13,9,54,17,40,16,17,14,86,83,71,85,86,30.0,27+3,27+3,27+3,25+0,28+0,28+0,28+0,25+0,30+3,30+3,30+3,27+3,31+3,31+3,31+3,27+3,25+3,29+3,29+3,29+3,25+3,24+3,26+3,26+3,26+3,24+3,83+3,Marco Carnesecchi
201269,/player/201269/frederik-ronnow/260004/,26,4,2025-09-19,F. Rønnow,Frederik Riis Rønnow,GK,80,80,10500000,28000,32,1992-08-04,188,81,19.0,Bundesliga,1.0,1831.0,1. FC Union Berlin,GK,1.0,,2021-07-20,2029.0,13,Denmark,,,,Right,2,1,2,,Lean (185+),No,17900000.0,,Cross Claimer,,,,,,,14,9,12,25,7,13,16,7,30,12,48,45,34,76,40,52,67,32,67,13,17,12,14,48,17,31,15,11,13,80,80,69,78,82,47.0,27+2,27+2,27+2,25+0,27+0,27+0,27+0,25+0,28+2,28+2,28+2,27+2,28+2,28+2,28+2,27+2,24+2,25+2,25+2,25+2,24+2,24+2,24+2,24+2,24+2,24+2,79+1,Frederik Rønnow
262621,/player/262621/giorgi-mamardashvili/260004/,26,4,2025-09-19,G. Mamardashvili,Giorgi Mamardashviliგიორგი მამარდაშვილი,GK,84,87,45000000,67000,24,2000-09-29,199,88,13.0,Premier League,1.0,9.0,Liverpool,SUB,25.0,,2024-08-27,2030.0,20,Georgia,,,,Left,3,1,3,,Normal (185+),Yes,86600000.0,,"Far Throw, Footwork, Cross Claimer",,,,,,,13,9,14,20,7,11,11,10,20,22,48,48,40,74,26,54,71,45,74,7,25,8,8,34,11,26,5,12,10,84,81,72,84,84,48.0,28+3,28+3,28+3,24+0,26+0,26+0,26+0,24+0,25+3,25+3,25+3,26+3,25+3,25+3,25+3,26+3,24+3,24+3,24+3,24+3,24+3,24+3,24+3,24+3,24+3,24+3,82+3,G. Mamardashvili
238186,/player/238186/marcin-bulka/260004/,26,4,2025-09-19,M. Bułka,Marcin Bułka,GK,79,85,21500000,16000,25,1999-10-04,199,99,350.0,Pro League,1.0,131798.0,NEOM SC,RES,99.0,,2025-07-05,2029.0,37,Poland,,,,Right,2,1,1,,Normal (185+),Yes,40900000.0,,Footwork,,,,,,,12,8,10,35,5,13,13,14,33,15,28,25,41,73,28,53,67,37,82,7,25,11,8,49,18,58,15,10,14,79,76,71,79,81,27.0,26+2,26+2,26+2,23+0,25+0,25+0,25+0,23+0,28+2,28+2,28+2,26+2,30+2,30+2,30+2,26+2,24+2,28+2,28+2,28+2,24+2,23+2,26+2,26+2,26+2,23+2,78+2,Marcin Bułka
210676,/player/210676/wladimiro-falcone/260004/,26,4,2025-09-19,W. Falcone,Wladimiro Falcone,GK,81,81,17000000,12000,30,1995-04-12,196,85,31.0,Serie A,1.0,347.0,Lecce,GK,30.0,,2023-07-27,2028.0,27,Italy,,,,Right,2,1,1,,Normal (185+),Yes,30600000.0,,"Footwork, Rush Out",,,,,,,17,19,13,25,13,13,16,12,26,20,26,28,33,73,34,56,59,28,62,20,15,8,5,45,29,44,6,13,18,83,81,75,76,84,27.0,27+2,27+2,27+2,24+0,27+0,27+0,27+0,24+0,27+2,27+2,27+2,25+2,27+2,27+2,27+2,25+2,22+2,24+2,24+2,24+2,22+2,22+2,22+2,22+2,22+2,22+2,80+1,Wladimiro Falcone
254803,/player/254803/senne-lammens/260004/,26,4,2025-09-19,S. Lammens,Senne Lammens,GK,78,87,27500000,36000,22,2002-07-07,193,92,13.0,Premier League,1.0,11.0,Manchester United,SUB,31.0,,2025-09-01,2030.0,7,Belgium,,,,Right,4,1,1,,Normal (185+),No,57800000.0,,"Footwork, Cross Claimer",,,,,,,14,10,14,40,8,15,12,11,39,19,19,25,40,73,27,53,64,29,79,8,29,15,6,30,11,36,7,15,12,79,77,71,79,77,21.0,26+2,26+2,26+2,23+0,25+0,25+0,25+0,23+0,26+2,26+2,26+2,25+2,29+2,29+2,29+2,25+2,24+2,29+2,29+2,29+2,24+2,23+2,27+2,27+2,27+2,23+2,77+2,Senne Lammens
241727,/player/241727/predrag-rajkovic/260004/,26,4,2025-09-19,P. Rajković,Predrag RajkovićПредраг Рајковић,GK,80,82,17500000,32000,29,1995-10-31,191,85,350.0,Pro League,1.0,607.0,Al Ittihad,RES,1.0,,2024-08-05,2028.0,51,Serbia,,,,Right,2,1,2,,Normal (185+),Yes,29300000.0,,"Far Throw, Footwork",,,,,,,13,9,13,31,8,8,14,10,42,18,33,22,32,73,29,57,62,26,66,10,25,10,4,43,20,32,11,10,10,78,78,76,79,84,29.0,25+2,25+2,25+2,22+0,24+0,24+0,24+0,22+0,26+2,26+2,26+2,24+2,29+2,29+2,29+2,24+2,21+2,27+2,27+2,27+2,21+2,21+2,23+2,23+2,23+2,21+2,79+2,P. Rajković
73562,/player/73562/bento-matheus-krepski/260004/,26,4,2025-09-19,Bento,Bento Matheus Krepski,GK,80,85,24500000,30000,26,1999-06-10,190,80,350.0,Pro League,1.0,112139.0,Al Nassr,SUB,24.0,,2024-07-18,2028.0,54,Brazil,,,,Right,2,1,3,,Normal (185+),No,41000000.0,,Deflector,,,,,,,11,5,13,17,9,9,14,13,23,16,39,40,34,77,34,58,61,19,58,9,22,9,6,69,15,30,5,13,10,79,76,77,81,83,39.0,25+3,25+3,25+3,23+0,26+0,26+0,26+0,23+0,27+3,27+3,27+3,25+3,27+3,27+3,27+3,25+3,20+3,23+3,23+3,23+3,20+3,21+3,22+3,22+3,22+3,21+3,79+3,Bento
258885,/player/258885/luiz-lucio-reis-junior/260004/,26,4,2025-09-19,Luiz Júnior,Luiz Lúcio Reis Júnior,GK,77,85,20000000,18000,24,2001-01-14,194,88,53.0,La Liga,1.0,483.0,Villarreal CF,GK,1.0,,2024-08-20,2030.0,54,Brazil,,,,Right,3,1,1,,Stocky (185+),Yes,46000000.0,,"Far Throw, Cross Claimer, Deflector",,,,,,,13,9,13,24,6,10,13,14,26,18,29,31,31,75,25,53,63,22,72,5,24,14,8,52,14,40,6,10,12,77,77,71,77,77,30.0,26+2,26+2,26+2,22+0,25+0,25+0,25+0,22+0,26+2,26+2,26+2,24+2,27+2,27+2,27+2,24+2,21+2,25+2,25+2,25+2,21+2,21+2,24+2,24+2,24+2,21+2,76+2,Luiz Júnior
